{
"type": "FeatureCollection",
"name": "towns",
"crs": { "type": "name", "properties": { "name": "urn:ogc:def:crs:OGC:1.3:CRS84" } },
"features": [
{ "type": "Feature", "properties": { "county": "新北市", "town": "三峽區", "lab_lon": 121.41542, "lab_lat": 24.8711 }, "geometry": { "type": "Polygon", "coordinates": [ [ [ 121.387489384000105, 24.842038927000033 ], [ 121.385041016000059, 24.840808085000049 ], [ 121.384548308000035, 24.838018393000027 ], [ 121.38334670100005, 24.836984891000043 ], [ 121.380916534000107, 24.836489098000072 ], [ 121.377894684000012, 24.83448297800004 ], [ 121.373618447000013, 24.83328089500003 ], [ 121.372814900000094, 24.833787147000066 ], [ 121.372821568000063, 24.834979439000051 ], [ 121.370977540000013, 24.835302347000038 ], [ 121.370122492000064, 24.836224295000022 ], [ 121.367307227000083, 24.836763641000061 ], [ 121.364160150000089, 24.838133938000055 ], [ 121.360058871000092, 24.838176566000072 ], [ 121.357791066000118, 24.839519478000057 ], [ 121.35604386600005, 24.842102289000024 ], [ 121.355310427000063, 24.842496420000032 ], [ 121.35482305000005, 24.843972332000078 ], [ 121.34674489300005, 24.845887184000048 ], [ 121.342489865000061, 24.844667085000026 ], [ 121.340008512000054, 24.843387602000064 ], [ 121.335996160000036, 24.84392764200004 ], [ 121.33616354000003, 24.846875815000033 ], [ 121.337272338000048, 24.848409837000077 ], [ 121.340419718000021, 24.848971945000073 ], [ 121.342949479000026, 24.848771298000031 ], [ 121.346211953000079, 24.85011356900003 ], [ 121.347638605000043, 24.849934067000049 ], [ 121.347863331000099, 24.850945315000047 ], [ 121.348281255000074, 24.850735787000076 ], [ 121.348112879000041, 24.849771764000025 ], [ 121.348722684000109, 24.84835288000005 ], [ 121.350379437000015, 24.848768294000024 ], [ 121.349858421000022, 24.84964842200003 ], [ 121.352734963000103, 24.849118511000029 ], [ 121.351863612000102, 24.85060526500007 ], [ 121.352733048000118, 24.850267748000078 ], [ 121.353344904000096, 24.850589918000026 ], [ 121.354735307000055, 24.853306178000025 ], [ 121.356569753000031, 24.85360515900004 ], [ 121.357880661000081, 24.853147587000024 ], [ 121.358146834000081, 24.85385388900005 ], [ 121.357736025, 24.854502740000044 ], [ 121.355571640000107, 24.855055915000037 ], [ 121.354117418000101, 24.856841076000023 ], [ 121.353371519, 24.858697562000032 ], [ 121.349487855, 24.859691777000023 ], [ 121.348354299000107, 24.860730247000049 ], [ 121.347341424000092, 24.862071933000038 ], [ 121.346342652000089, 24.865597366000031 ], [ 121.345048267000038, 24.866939181000077 ], [ 121.345758742000044, 24.868086380000022 ], [ 121.349377396000023, 24.868757693000077 ], [ 121.350575986000081, 24.870088989000067 ], [ 121.353117782000027, 24.871101679000049 ], [ 121.354448606, 24.873465610000039 ], [ 121.353403715000013, 24.874979431000042 ], [ 121.353465350000079, 24.876516778000052 ], [ 121.352081379000083, 24.876758164000023 ], [ 121.350583936000021, 24.878584963000037 ], [ 121.347243751000065, 24.87868303700003 ], [ 121.345670330000075, 24.879985486000066 ], [ 121.34473248200004, 24.885763689000044 ], [ 121.343409855000118, 24.886873473000037 ], [ 121.341374263000034, 24.887459693000039 ], [ 121.341140411000083, 24.887993031000065 ], [ 121.342173655000011, 24.892551634000029 ], [ 121.34053098600009, 24.892322368000066 ], [ 121.338551151000047, 24.893362877000072 ], [ 121.336549882000099, 24.892295880000063 ], [ 121.335462164000091, 24.892235546000052 ], [ 121.335134502000074, 24.891706469000042 ], [ 121.333655421000117, 24.891535754000074 ], [ 121.33324523400006, 24.89316989100007 ], [ 121.332075994000093, 24.893513088000077 ], [ 121.333403052000108, 24.896347943000023 ], [ 121.333236909000107, 24.898233127000026 ], [ 121.333754848000012, 24.898795801000063 ], [ 121.333246035000116, 24.899433672000043 ], [ 121.331790291000061, 24.899812211000039 ], [ 121.33056478900005, 24.897775616000047 ], [ 121.32909861600001, 24.897308426000052 ], [ 121.328169599000034, 24.896085657000071 ], [ 121.327166237000029, 24.895901343000048 ], [ 121.320321774000035, 24.900196235000067 ], [ 121.321494209000093, 24.901428547000023 ], [ 121.321898249000014, 24.903599393000036 ], [ 121.324027120000096, 24.904711640000073 ], [ 121.32621463800001, 24.90719335700004 ], [ 121.326206223000099, 24.909180888000037 ], [ 121.323586746000046, 24.90990905700005 ], [ 121.322453203, 24.912587987000052 ], [ 121.32029362500009, 24.913544547000072 ], [ 121.319582801000024, 24.914942569000061 ], [ 121.317585313000109, 24.916359361000048 ], [ 121.324607133000086, 24.923342082000033 ], [ 121.327958857000112, 24.924740544000031 ], [ 121.335519290000093, 24.925072001000046 ], [ 121.343975515000011, 24.931323416000055 ], [ 121.348518324000111, 24.936462558000073 ], [ 121.359092765000014, 24.942164314000024 ], [ 121.359961275000046, 24.944096248000051 ], [ 121.361407151000094, 24.945542733000025 ], [ 121.362285839000037, 24.945030879000058 ], [ 121.364270494000039, 24.946081452000044 ], [ 121.365227180000034, 24.947304419000034 ], [ 121.367936745000065, 24.947191278000048 ], [ 121.36983817700002, 24.946555558000057 ], [ 121.37607403700008, 24.949694032000025 ], [ 121.379227258000014, 24.943410118000031 ], [ 121.381514015000107, 24.944131949000052 ], [ 121.385203069000113, 24.943782223000028 ], [ 121.390383337000117, 24.945215898000072 ], [ 121.393103236000115, 24.94500329300007 ], [ 121.394730088000074, 24.946295259000067 ], [ 121.396036291000087, 24.946360170000048 ], [ 121.396756517000085, 24.945633340000029 ], [ 121.395853209000052, 24.944552032000047 ], [ 121.397255020000102, 24.942521580000061 ], [ 121.400578218000078, 24.94443349900007 ], [ 121.401780269000028, 24.94590432800004 ], [ 121.402650490000042, 24.94822367300003 ], [ 121.407568498000046, 24.952138959000024 ], [ 121.408811008000043, 24.950987650000059 ], [ 121.408569962000115, 24.947696794000024 ], [ 121.40978007800004, 24.943283816000076 ], [ 121.409224570000106, 24.941675460000056 ], [ 121.41353674000004, 24.941477483000028 ], [ 121.414262848000021, 24.940907688000038 ], [ 121.414667926000106, 24.939448386000038 ], [ 121.415973281000106, 24.938981198000079 ], [ 121.417507130000104, 24.937553043000037 ], [ 121.418548224, 24.93779812300005 ], [ 121.419644092000112, 24.938765599000078 ], [ 121.422201377000079, 24.938262311000074 ], [ 121.425176374000102, 24.938376270000049 ], [ 121.426819116000047, 24.939063568000051 ], [ 121.430436016000044, 24.939202493000039 ], [ 121.433073040000068, 24.941009055000052 ], [ 121.434212100000082, 24.940232065000032 ], [ 121.436813839000024, 24.93557945200007 ], [ 121.439167961000066, 24.936220647000027 ], [ 121.439951926000049, 24.937111252000022 ], [ 121.442267131000108, 24.937628572000051 ], [ 121.444669928000053, 24.939906682000071 ], [ 121.448233643000094, 24.94172007700007 ], [ 121.450827647000096, 24.943967625000028 ], [ 121.454131727000117, 24.944350582000027 ], [ 121.455649447000042, 24.94511665400006 ], [ 121.456050552000079, 24.946285677000049 ], [ 121.457498502000021, 24.946095339000067 ], [ 121.457405616000074, 24.945330916000046 ], [ 121.458423149000055, 24.94311349000003 ], [ 121.458721101000037, 24.939445213000056 ], [ 121.460885015000031, 24.937595009000063 ], [ 121.459724543000107, 24.935442071000068 ], [ 121.460181896000108, 24.935087758000066 ], [ 121.460004335, 24.934179603000075 ], [ 121.464165360000038, 24.933182606000059 ], [ 121.466103049000026, 24.93196623800003 ], [ 121.467088114000035, 24.931984414000055 ], [ 121.468470621000051, 24.930745329000047 ], [ 121.470114198000033, 24.931199507000031 ], [ 121.471481869000058, 24.93069421000007 ], [ 121.473394333000101, 24.930841333000046 ], [ 121.476300887000093, 24.929103515000065 ], [ 121.477562522000085, 24.929087598000024 ], [ 121.478264541000044, 24.928591950000055 ], [ 121.480223488000092, 24.928824643000041 ], [ 121.484675230000107, 24.927962801000035 ], [ 121.48576730700006, 24.926262605000034 ], [ 121.485223723000104, 24.924480948000053 ], [ 121.486071892000041, 24.92283724400005 ], [ 121.486751800000093, 24.922234116000027 ], [ 121.488173894000056, 24.922329804000071 ], [ 121.490085838000027, 24.918999996000025 ], [ 121.492059151000035, 24.917078798000034 ], [ 121.491774905000057, 24.915149104000022 ], [ 121.490892344000031, 24.914044857000079 ], [ 121.490882209, 24.912595001000057 ], [ 121.49041451800008, 24.911622449000049 ], [ 121.489598626000088, 24.911338255000032 ], [ 121.490180394000049, 24.910089685000059 ], [ 121.489389208000034, 24.908407874000034 ], [ 121.490892293000115, 24.904988223000032 ], [ 121.49252767400003, 24.903474474000063 ], [ 121.489844085000072, 24.901277041000071 ], [ 121.48833860000002, 24.901212684000029 ], [ 121.486380002000033, 24.900342472000034 ], [ 121.485715332000041, 24.899223372000051 ], [ 121.486324703000037, 24.898215021000055 ], [ 121.485331530000053, 24.898122679000039 ], [ 121.484224283000117, 24.897110948000034 ], [ 121.482942997, 24.895377920000044 ], [ 121.482457901000089, 24.893508305000069 ], [ 121.480412853000075, 24.890734939000026 ], [ 121.478874458000064, 24.889954874000068 ], [ 121.477662760000044, 24.887976980000076 ], [ 121.475358365000034, 24.886170975000027 ], [ 121.474955066, 24.881969234000053 ], [ 121.472750845000064, 24.879361330000052 ], [ 121.47177724300002, 24.876998488000027 ], [ 121.474556335000102, 24.875546488000055 ], [ 121.475235825000027, 24.874186949000034 ], [ 121.477107685000078, 24.872848454000064 ], [ 121.477652988000045, 24.871159244000069 ], [ 121.479245799000068, 24.870215933000054 ], [ 121.477670615000079, 24.86564852500004 ], [ 121.478698897000072, 24.864732110000034 ], [ 121.478793739000025, 24.863800522000076 ], [ 121.480380751000098, 24.861753423000039 ], [ 121.483143218, 24.861821748000068 ], [ 121.485404181000035, 24.862961237000036 ], [ 121.488357090000022, 24.862194413000054 ], [ 121.492702043, 24.856820631000062 ], [ 121.49311048200002, 24.852886310000031 ], [ 121.494232126000043, 24.851743912000074 ], [ 121.496115248000024, 24.851083712000047 ], [ 121.496901148, 24.849841751000042 ], [ 121.497208313000101, 24.848419238000076 ], [ 121.496456821000038, 24.846534642000051 ], [ 121.496565409000027, 24.843544094000038 ], [ 121.496031856000059, 24.841472782000039 ], [ 121.494732046000081, 24.839662154000052 ], [ 121.49444065900002, 24.836475924000069 ], [ 121.490299828000047, 24.834478347000072 ], [ 121.486735860000067, 24.834232586000041 ], [ 121.483916067000109, 24.831544545000042 ], [ 121.483419744000116, 24.829806021000024 ], [ 121.483677816000068, 24.828385625000067 ], [ 121.48123492600007, 24.825316944000065 ], [ 121.480397074000052, 24.82350414900003 ], [ 121.48219300400001, 24.822547672000042 ], [ 121.482835825000052, 24.820843085000035 ], [ 121.484000863, 24.819673539000064 ], [ 121.483641993000106, 24.817835647000038 ], [ 121.481422598000108, 24.815682270000025 ], [ 121.478406727000106, 24.81601723600005 ], [ 121.475700274000019, 24.814221922000058 ], [ 121.473279906000016, 24.813355369000078 ], [ 121.472337773000049, 24.810321271000078 ], [ 121.469062708000024, 24.807246909000071 ], [ 121.466614611000068, 24.806322989000023 ], [ 121.464118404000033, 24.806239756000025 ], [ 121.461775553000052, 24.805287732000068 ], [ 121.459385269000109, 24.801554831000033 ], [ 121.458093036000037, 24.801160936000031 ], [ 121.457360404000042, 24.800137085000074 ], [ 121.455325698000024, 24.798921399000051 ], [ 121.455902317000096, 24.796858187000055 ], [ 121.45564781600001, 24.79506893000007 ], [ 121.456258456000114, 24.793245872000057 ], [ 121.455870482000023, 24.792469104000077 ], [ 121.453914763000057, 24.791777457000023 ], [ 121.45146288, 24.791973988000052 ], [ 121.450385234, 24.790917323000031 ], [ 121.449478825000028, 24.791059922000045 ], [ 121.447518781000099, 24.790097897000066 ], [ 121.446000485000013, 24.79006389500006 ], [ 121.438266617000068, 24.795338205000064 ], [ 121.437095443000089, 24.798179549000054 ], [ 121.438022645000046, 24.800884245000077 ], [ 121.438014048000014, 24.803209431000028 ], [ 121.437772614000096, 24.804614508000043 ], [ 121.43695724600002, 24.805559063000032 ], [ 121.437295461000076, 24.807835529000045 ], [ 121.436505485000112, 24.810425788000032 ], [ 121.436566054000082, 24.812053071000037 ], [ 121.432277133000071, 24.813482294000039 ], [ 121.429569984000068, 24.815276436000033 ], [ 121.427870992000067, 24.817126531000042 ], [ 121.427009258000112, 24.819044326000039 ], [ 121.425288800000089, 24.820109433000027 ], [ 121.425039169000115, 24.822802196000055 ], [ 121.423645456000031, 24.825432260000071 ], [ 121.419376469000099, 24.825591774000031 ], [ 121.418621596000094, 24.825211753000076 ], [ 121.416917476000094, 24.825572065000074 ], [ 121.41620548100002, 24.826918067000065 ], [ 121.416082554000013, 24.82874302700003 ], [ 121.413849643000049, 24.831959451000046 ], [ 121.415605214000038, 24.83559759700006 ], [ 121.412961753000104, 24.836773961000063 ], [ 121.411716566000109, 24.838122941000051 ], [ 121.410324348000017, 24.838687082000035 ], [ 121.408753176000118, 24.840683756000033 ], [ 121.402703781000014, 24.843572875000064 ], [ 121.401495408000073, 24.842181148000066 ], [ 121.399902794000013, 24.841560672000071 ], [ 121.397988602000055, 24.841778159000057 ], [ 121.39705299100001, 24.842785150000054 ], [ 121.397218902000077, 24.843745658000046 ], [ 121.394706224000061, 24.843950653000036 ], [ 121.393413794000026, 24.843914085000051 ], [ 121.390412705000017, 24.842473359000053 ], [ 121.387489384000105, 24.842038927000033 ] ] ] } },
{ "type": "Feature", "properties": { "county": "新北市", "town": "三芝區", "lab_lon": 121.52528, "lab_lat": 25.23095 }, "geometry": { "type": "Polygon", "coordinates": [ [ [ 121.535713874000066, 25.186502404000066 ], [ 121.53466939000009, 25.184510709000051 ], [ 121.533373865000044, 25.183577022000065 ], [ 121.526125329000024, 25.183026702000063 ], [ 121.521734349000099, 25.179118838000079 ], [ 121.519592505000105, 25.182312223000054 ], [ 121.513955809000095, 25.183961109000052 ], [ 121.511659230000078, 25.185558387000071 ], [ 121.509973132000027, 25.187536717000057 ], [ 121.507589971000016, 25.187627035000048 ], [ 121.507710920000022, 25.188759833000063 ], [ 121.506686701000035, 25.189938082000026 ], [ 121.503245236000112, 25.190756217000057 ], [ 121.502610810000078, 25.192652767000027 ], [ 121.500770586000044, 25.192943373000048 ], [ 121.495372278000104, 25.191090053000039 ], [ 121.494702745000041, 25.191998557000034 ], [ 121.494654030000106, 25.193121659000042 ], [ 121.493035772000098, 25.193300592000071 ], [ 121.493014957000014, 25.195022990000041 ], [ 121.491513916000031, 25.196113996000065 ], [ 121.485599857000011, 25.197221950000028 ], [ 121.485701962, 25.199080897000044 ], [ 121.488785391000079, 25.200273955000057 ], [ 121.489266011000041, 25.201420297000027 ], [ 121.488646349000078, 25.202852024000038 ], [ 121.486963696000089, 25.203817989000072 ], [ 121.487052405000099, 25.204535153000052 ], [ 121.48618564800006, 25.20434483400004 ], [ 121.485248701000046, 25.205206241000042 ], [ 121.486529619000066, 25.206348640000044 ], [ 121.486332871000059, 25.207278732000077 ], [ 121.485021371000016, 25.208272276000059 ], [ 121.486738461000073, 25.211313398000073 ], [ 121.488911941000083, 25.210929742000076 ], [ 121.490883784000061, 25.21123381600006 ], [ 121.491536566000036, 25.21289581700006 ], [ 121.492926105000038, 25.21195397200006 ], [ 121.495967294000025, 25.214598685000055 ], [ 121.497689327000103, 25.213775023000039 ], [ 121.498525389000065, 25.215990693000037 ], [ 121.496527628000081, 25.219034338000029 ], [ 121.496239389000038, 25.222207984000079 ], [ 121.498515567000027, 25.220691681000062 ], [ 121.498749914000086, 25.221120989000042 ], [ 121.498240482000028, 25.222048511000025 ], [ 121.500289352000095, 25.221564441000055 ], [ 121.501535815000011, 25.223751761000074 ], [ 121.499931528000047, 25.225211682000065 ], [ 121.497615766000081, 25.225305494000054 ], [ 121.496678127000109, 25.225962694000032 ], [ 121.496310915000095, 25.227131238000027 ], [ 121.497616519000076, 25.229518599000073 ], [ 121.49621447700008, 25.230621141000029 ], [ 121.492192944000067, 25.231954398000028 ], [ 121.489193330000035, 25.231945085000064 ], [ 121.475211411000032, 25.237690377000035 ], [ 121.473466662000078, 25.237481064000065 ], [ 121.473173554000027, 25.23817574800006 ], [ 121.469254804000116, 25.239879165000048 ], [ 121.468254769000055, 25.238600961000031 ], [ 121.46768368100004, 25.23919694600005 ], [ 121.463808098000072, 25.239107040000079 ], [ 121.461527186000012, 25.240143510000053 ], [ 121.460534488, 25.239877886000045 ], [ 121.458660465000094, 25.240345957000045 ], [ 121.457449463000103, 25.241195508000033 ], [ 121.457542335000085, 25.242379602000028 ], [ 121.456952215000115, 25.243137894000029 ], [ 121.455566488000045, 25.24317233000005 ], [ 121.454787150000016, 25.244029865000073 ], [ 121.450317414000097, 25.244375172000048 ], [ 121.445902641000089, 25.241850464000038 ], [ 121.445816101000105, 25.242560003000051 ], [ 121.448482530000092, 25.247976851000033 ], [ 121.452687136, 25.252810160000024 ], [ 121.456183470000042, 25.253158351000025 ], [ 121.462512342000082, 25.252048910000042 ], [ 121.467353489000061, 25.253304998000033 ], [ 121.471574959, 25.255991495000046 ], [ 121.472878813000079, 25.257320360000051 ], [ 121.474887281000065, 25.260613013000068 ], [ 121.475334478000036, 25.262819694000029 ], [ 121.475933373000089, 25.263343071000065 ], [ 121.477033585000072, 25.266265246000046 ], [ 121.48094594600002, 25.270875880000062 ], [ 121.49097955600007, 25.274702643000069 ], [ 121.49201954800003, 25.275855681000053 ], [ 121.493776087000015, 25.276375742000027 ], [ 121.495129133000091, 25.277764260000026 ], [ 121.497443071000021, 25.278885530000025 ], [ 121.498726824000073, 25.27868383200007 ], [ 121.501261299000021, 25.280462575000058 ], [ 121.50125645300011, 25.279863614000078 ], [ 121.502609507000102, 25.279705429000046 ], [ 121.503647408, 25.281309452000073 ], [ 121.505038400000103, 25.281526436000036 ], [ 121.505765880000013, 25.281074144000058 ], [ 121.506498652000118, 25.281578224000043 ], [ 121.50599885400004, 25.282223600000066 ], [ 121.506719382000028, 25.282617759000061 ], [ 121.507660736000048, 25.282772154000043 ], [ 121.507988737000119, 25.280159875000038 ], [ 121.508639827000025, 25.279535121000038 ], [ 121.508400926000036, 25.27805132800006 ], [ 121.510812699000098, 25.277418008000041 ], [ 121.511771986000099, 25.276553334000027 ], [ 121.515127598000049, 25.276163003000079 ], [ 121.516379312000026, 25.272964037000065 ], [ 121.519682382000042, 25.269025768000063 ], [ 121.521431143000086, 25.268537824000077 ], [ 121.522600856000054, 25.266220840000074 ], [ 121.523744188000023, 25.266015641000024 ], [ 121.524086704000069, 25.263701586000025 ], [ 121.526291760000049, 25.262230243000033 ], [ 121.526500708000071, 25.260963453000045 ], [ 121.52822320700011, 25.261499938000043 ], [ 121.528987524000058, 25.260241051000037 ], [ 121.529673753000111, 25.260118946000034 ], [ 121.530817444000036, 25.260914081000067 ], [ 121.531711823000023, 25.260383800000056 ], [ 121.530921939000109, 25.263936608000051 ], [ 121.532264970000028, 25.264898588000051 ], [ 121.532046297000079, 25.265800333000072 ], [ 121.533148529000073, 25.266459920000045 ], [ 121.533525829000041, 25.26550220300004 ], [ 121.534146798000052, 25.26597885700005 ], [ 121.5388354910001, 25.266205729000035 ], [ 121.54040615800011, 25.265659373000062 ], [ 121.540768158000105, 25.266564305000031 ], [ 121.541378667000117, 25.266482234000023 ], [ 121.541773287000069, 25.267989484000054 ], [ 121.543087385000035, 25.268100719000074 ], [ 121.545824860000039, 25.266924795000023 ], [ 121.547508845000038, 25.265410717000066 ], [ 121.547503415000051, 25.265976709000029 ], [ 121.548179170000026, 25.266199101000041 ], [ 121.549878546000059, 25.263474922000057 ], [ 121.550360609000109, 25.261575742000048 ], [ 121.549676272000056, 25.259481754000035 ], [ 121.548876394000104, 25.259172740000054 ], [ 121.547956899000042, 25.257623012000067 ], [ 121.547952139000017, 25.254847031000054 ], [ 121.546951420000028, 25.254414113000053 ], [ 121.546412445000101, 25.253551622000032 ], [ 121.547723833000077, 25.249680394000052 ], [ 121.54650764500002, 25.246542169000065 ], [ 121.544558289000065, 25.245134768000071 ], [ 121.545875775000013, 25.243498215000045 ], [ 121.544544076000079, 25.241435049000074 ], [ 121.545437288000016, 25.240943078000043 ], [ 121.548171740000043, 25.242804877000026 ], [ 121.548962807000066, 25.244414747000064 ], [ 121.550449107000077, 25.245395075000033 ], [ 121.551914131000103, 25.245152506000068 ], [ 121.552565511000012, 25.243855690000032 ], [ 121.550795948000086, 25.242551727000034 ], [ 121.554166320000036, 25.239533521000055 ], [ 121.556463093000048, 25.233827205000068 ], [ 121.55560787200011, 25.230859809000037 ], [ 121.556113002000075, 25.229130227000041 ], [ 121.555642445000103, 25.227556223000079 ], [ 121.557502196000087, 25.226664241000037 ], [ 121.560304827000095, 25.223213269000041 ], [ 121.562658735000014, 25.222017050000034 ], [ 121.562920263000024, 25.220191795000062 ], [ 121.565987539000048, 25.21501031300005 ], [ 121.564344070000061, 25.213884749000044 ], [ 121.562441584000112, 25.214103504000036 ], [ 121.559411244000103, 25.210297003000051 ], [ 121.556890472000077, 25.208700716000067 ], [ 121.555009413000107, 25.208430186000044 ], [ 121.553115294, 25.204197713000042 ], [ 121.551660233, 25.203331177000052 ], [ 121.551563086000101, 25.201925888000062 ], [ 121.552628489000085, 25.200822105000043 ], [ 121.552597736000052, 25.198810508000065 ], [ 121.551861738000071, 25.197746515000063 ], [ 121.550703996000038, 25.197110790000067 ], [ 121.54897784000002, 25.198149296000054 ], [ 121.548120333000043, 25.197996678000038 ], [ 121.547436546000085, 25.197049722000031 ], [ 121.54631895700004, 25.19696994800006 ], [ 121.544697795000047, 25.195560049000051 ], [ 121.543294379000031, 25.193878486000074 ], [ 121.542768099000114, 25.188838628000042 ], [ 121.540698707000047, 25.187150719000044 ], [ 121.536810961000015, 25.186978731000067 ], [ 121.535713874000066, 25.186502404000066 ] ] ] } },
{ "type": "Feature", "properties": { "county": "新北市", "town": "三重區", "lab_lon": 121.48691, "lab_lat": 25.06663 }, "geometry": { "type": "Polygon", "coordinates": [ [ [ 121.466309567000053, 25.041198958000052 ], [ 121.465729577000047, 25.043768764000049 ], [ 121.4671712170001, 25.047061122000059 ], [ 121.467818034000061, 25.051159694000035 ], [ 121.468687436000096, 25.053187409000031 ], [ 121.467381387000046, 25.056091244000072 ], [ 121.467358727000033, 25.058763322000061 ], [ 121.465344597000012, 25.062518831000034 ], [ 121.465136252000093, 25.063829360000057 ], [ 121.465846680000027, 25.066653060000078 ], [ 121.466947889000039, 25.06664818400003 ], [ 121.468194180000069, 25.067872736000027 ], [ 121.469791059000045, 25.068593354000029 ], [ 121.469660403000034, 25.072401142000047 ], [ 121.470836589000101, 25.072256942000024 ], [ 121.470995449000043, 25.073478934000036 ], [ 121.473506832000112, 25.072688602000028 ], [ 121.475344427000095, 25.073216654000078 ], [ 121.477008790000014, 25.07713252800005 ], [ 121.479168541000035, 25.078406650000034 ], [ 121.48206273400001, 25.081660085000067 ], [ 121.483001293000029, 25.083921512000074 ], [ 121.484026218000054, 25.084487201000059 ], [ 121.483632586000112, 25.087398280000059 ], [ 121.483950299000071, 25.088464768000051 ], [ 121.488648255000044, 25.092144951000023 ], [ 121.491148260000045, 25.094764863000023 ], [ 121.499767233000057, 25.08723460300007 ], [ 121.502638860000047, 25.08296298700003 ], [ 121.505976200000077, 25.075059072000045 ], [ 121.507045332000075, 25.069884007000041 ], [ 121.506814186000042, 25.064658534000046 ], [ 121.505394632000048, 25.059338300000036 ], [ 121.506391336000092, 25.055757663000065 ], [ 121.505455385000118, 25.051439095000035 ], [ 121.504542180000044, 25.049586179000073 ], [ 121.500244564000013, 25.045130197000049 ], [ 121.495235190000017, 25.042855028000076 ], [ 121.48909797400006, 25.042703696000046 ], [ 121.485233324000092, 25.039225099000078 ], [ 121.478395311000099, 25.039834421000023 ], [ 121.46980579500007, 25.039254006000078 ], [ 121.466267083000048, 25.038522153000031 ], [ 121.466309567000053, 25.041198958000052 ] ] ] } },
{ "type": "Feature", "properties": { "county": "新北市", "town": "中和區", "lab_lon": 121.50508, "lab_lat": 24.98952 }, "geometry": { "type": "Polygon", "coordinates": [ [ [ 121.481729013000063, 24.973140064000063 ], [ 121.480636851000099, 24.975381926000068 ], [ 121.479374352000036, 24.976004403000047 ], [ 121.479067950000058, 24.977727216000062 ], [ 121.477015834000099, 24.97942964300006 ], [ 121.475681208000083, 24.97933871500004 ], [ 121.474175736, 24.983207268000058 ], [ 121.474367215000029, 24.983987252000077 ], [ 121.474923403000048, 24.984039863000078 ], [ 121.47747645100003, 24.986588054000038 ], [ 121.479716944000074, 24.990324176000058 ], [ 121.477454881000085, 24.990964003000045 ], [ 121.476943228000096, 24.990621293000061 ], [ 121.474941948000037, 24.991980990000059 ], [ 121.475356345000023, 24.992617984000049 ], [ 121.474860154000112, 24.993106684000054 ], [ 121.473052805000066, 24.994096565000063 ], [ 121.470685344000117, 24.992826125000079 ], [ 121.470077901000082, 24.99173668800006 ], [ 121.469142851000015, 24.992693408000036 ], [ 121.469035842000039, 24.994630780000023 ], [ 121.467149845000108, 24.992982471000062 ], [ 121.466284400000063, 24.992947350000065 ], [ 121.464214341000115, 24.995617994000042 ], [ 121.465637513000047, 24.99778636700006 ], [ 121.466541267000025, 25.000429194000048 ], [ 121.465863896000087, 25.002072615000031 ], [ 121.468414744000029, 25.003315103000034 ], [ 121.467933763000019, 25.004426714000033 ], [ 121.469745172000103, 25.005978633000041 ], [ 121.471952959000077, 25.00699022200007 ], [ 121.476337759000103, 25.011258502000032 ], [ 121.480842212000084, 25.011623760000077 ], [ 121.482054266000091, 25.011241249000022 ], [ 121.482208154000091, 25.012183548000053 ], [ 121.481669554000064, 25.012609010000062 ], [ 121.482552714, 25.014531269000031 ], [ 121.482003681000037, 25.015700802000026 ], [ 121.488695057000086, 25.01576041900006 ], [ 121.489564863000055, 25.013177330000076 ], [ 121.490272989000118, 25.012829582000052 ], [ 121.492960309000068, 25.009293308000053 ], [ 121.494034649000014, 25.009186415000045 ], [ 121.495121840000024, 25.008288118000053 ], [ 121.49652014000003, 25.008340955000051 ], [ 121.497982282000066, 25.009041493000041 ], [ 121.498540049000098, 25.008468271000027 ], [ 121.499441774000047, 25.008603274000052 ], [ 121.507283555000072, 25.005293378000033 ], [ 121.508876269000098, 25.004210028000045 ], [ 121.508992166000098, 25.00365368100006 ], [ 121.508675089, 25.002461491000076 ], [ 121.507899935000069, 25.002444298000057 ], [ 121.506410843000026, 25.000685832000045 ], [ 121.506364769000015, 24.999800997000023 ], [ 121.508573153000043, 24.999915131000023 ], [ 121.512463283000102, 25.00428770700006 ], [ 121.514431719000072, 25.003947129000039 ], [ 121.515009830000054, 25.001759512000035 ], [ 121.514116086000058, 24.99979408400003 ], [ 121.514997740000013, 24.998047069000052 ], [ 121.51229477000004, 24.993494998000074 ], [ 121.51401347, 24.993492899000046 ], [ 121.514932056000021, 24.994524317000071 ], [ 121.51710279100007, 24.995599678000076 ], [ 121.525928641000064, 24.997561522000069 ], [ 121.52669310400006, 24.995456986000079 ], [ 121.531470575000071, 24.995225547000075 ], [ 121.531698705000053, 24.990505769000038 ], [ 121.528559249000068, 24.987556953000023 ], [ 121.523543945000029, 24.983874719000028 ], [ 121.522523961000047, 24.985072350000053 ], [ 121.523452876000079, 24.987913509000066 ], [ 121.521986617000039, 24.988370277000058 ], [ 121.518820112000071, 24.988305310000044 ], [ 121.515900960000067, 24.987120640000057 ], [ 121.514984899000069, 24.986077386000034 ], [ 121.514712211000074, 24.984455570000023 ], [ 121.513829128000111, 24.983171582000068 ], [ 121.514479364000067, 24.981753696000055 ], [ 121.512625085000082, 24.979906539000069 ], [ 121.511264999000105, 24.97925493300005 ], [ 121.510906767000051, 24.978093946000058 ], [ 121.509005084000023, 24.976510910000059 ], [ 121.507191620000071, 24.975993921000054 ], [ 121.505936445000088, 24.975014629000043 ], [ 121.505739072000097, 24.973927687000071 ], [ 121.504110332000096, 24.973257199000045 ], [ 121.504259027000103, 24.972678090000045 ], [ 121.501986326000065, 24.969854763000058 ], [ 121.499498432000109, 24.97069031500007 ], [ 121.497704099000089, 24.970759528000031 ], [ 121.495003535000023, 24.968809852000049 ], [ 121.493909161000033, 24.968908204000059 ], [ 121.491681132000053, 24.967334744000027 ], [ 121.49013534900007, 24.967200962000049 ], [ 121.488214319, 24.965929458000062 ], [ 121.485621894000019, 24.964754801000026 ], [ 121.484277528, 24.964727593000077 ], [ 121.48192489500002, 24.963325484000052 ], [ 121.481248605000019, 24.963947378000057 ], [ 121.479801585000018, 24.963923739000052 ], [ 121.479868556000042, 24.964813994000053 ], [ 121.478662370000052, 24.966633447000049 ], [ 121.47946691900006, 24.967714511000054 ], [ 121.479865745000097, 24.970090964000065 ], [ 121.479576466000026, 24.972622914000056 ], [ 121.481729013000063, 24.973140064000063 ] ] ] } },
{ "type": "Feature", "properties": { "county": "新北市", "town": "五股區", "lab_lon": 121.43405, "lab_lat": 25.09654 }, "geometry": { "type": "Polygon", "coordinates": [ [ [ 121.430193429000042, 25.069133862000058 ], [ 121.423456123000051, 25.069404643000041 ], [ 121.419344334000016, 25.069006714000068 ], [ 121.415598618000104, 25.070598555000061 ], [ 121.414499652000018, 25.072349707000058 ], [ 121.410428487000104, 25.075581981000028 ], [ 121.408284965, 25.075845534000052 ], [ 121.407941907, 25.076984774000039 ], [ 121.405682704000014, 25.076390037000067 ], [ 121.40510595, 25.077196183000069 ], [ 121.403960278000113, 25.076214735000065 ], [ 121.402054846000055, 25.076416838000057 ], [ 121.403495393000071, 25.07703368600005 ], [ 121.403712742000039, 25.078287083000077 ], [ 121.405152887000099, 25.079359694000061 ], [ 121.404662390000112, 25.079763122000031 ], [ 121.405230961000029, 25.080213608000065 ], [ 121.403118380000024, 25.080412359000036 ], [ 121.403286091000041, 25.081637054000055 ], [ 121.402270611000063, 25.082967496000037 ], [ 121.402694916000087, 25.083982736000053 ], [ 121.401750393000043, 25.084544878000031 ], [ 121.403914636000081, 25.085189721000063 ], [ 121.404331448000107, 25.084815167000045 ], [ 121.403411596000069, 25.084791608000046 ], [ 121.403712125000084, 25.084109669000043 ], [ 121.406607784000016, 25.082664352000052 ], [ 121.408654523000109, 25.08047162400004 ], [ 121.409371383, 25.081422663000069 ], [ 121.409098967000091, 25.082516834000046 ], [ 121.409538092000048, 25.082570727000075 ], [ 121.412448511000093, 25.080753390000041 ], [ 121.413419997, 25.079211011000041 ], [ 121.4144838630001, 25.078850676000059 ], [ 121.414797258000021, 25.079621824000071 ], [ 121.414284534000103, 25.08079450200006 ], [ 121.415019891000043, 25.082513609000046 ], [ 121.41293173400004, 25.080528958000059 ], [ 121.412409715000081, 25.08209826600006 ], [ 121.410846089000074, 25.082356755000035 ], [ 121.40896788900011, 25.084514677000072 ], [ 121.409220433000087, 25.085978 ], [ 121.408240205000084, 25.086816497000029 ], [ 121.408494703000088, 25.087691290000066 ], [ 121.407997651000073, 25.08832813500004 ], [ 121.410706561000097, 25.090038357000026 ], [ 121.409853166000062, 25.092309765000039 ], [ 121.408670942000072, 25.091999197000064 ], [ 121.409453611000117, 25.093403648000049 ], [ 121.406930407000118, 25.096123429000045 ], [ 121.409098197000048, 25.095099991000041 ], [ 121.412189928000089, 25.091901709000069 ], [ 121.411849176000032, 25.092970643000058 ], [ 121.412633586000084, 25.096342525000068 ], [ 121.411695788000088, 25.096166646000029 ], [ 121.410899765000067, 25.095131693000042 ], [ 121.410212496000099, 25.095492830000069 ], [ 121.409109581000052, 25.099524772000052 ], [ 121.408242188000031, 25.098701623000068 ], [ 121.407561144000056, 25.099777723000045 ], [ 121.407113128000105, 25.09976806800006 ], [ 121.406880247000117, 25.100251912000033 ], [ 121.407402841000021, 25.101089479000052 ], [ 121.406589482000072, 25.101689739000051 ], [ 121.406532638000044, 25.102655743000071 ], [ 121.404755615000113, 25.101384523000036 ], [ 121.404674756000077, 25.100786990000074 ], [ 121.404035024000109, 25.100988557000051 ], [ 121.4035194060001, 25.10598049400005 ], [ 121.402948179000077, 25.107108591000042 ], [ 121.401609202000031, 25.107826482000064 ], [ 121.401252563000071, 25.109216940000067 ], [ 121.401675481000098, 25.110443345000078 ], [ 121.400807281000084, 25.112936311000055 ], [ 121.400011683000116, 25.113323024000067 ], [ 121.400991987000111, 25.115131267000038 ], [ 121.401041411000051, 25.118023611000069 ], [ 121.403171772000064, 25.119314489000033 ], [ 121.403231875000074, 25.120073680000075 ], [ 121.402234307000072, 25.120404970000038 ], [ 121.404722258000106, 25.122550853000064 ], [ 121.410043560000076, 25.120993186000078 ], [ 121.412689435000061, 25.122767582000051 ], [ 121.414947538000092, 25.122996900000032 ], [ 121.416066766000085, 25.125056556000061 ], [ 121.415755248000096, 25.129697524000051 ], [ 121.420385373000045, 25.130142266000064 ], [ 121.420672550000063, 25.129533958000025 ], [ 121.421332015000075, 25.129555784000047 ], [ 121.423180519000084, 25.131510767000066 ], [ 121.424681206000059, 25.132254543000045 ], [ 121.425162431000103, 25.132181679000041 ], [ 121.425132541000039, 25.131320837000032 ], [ 121.426145071000064, 25.129573098000037 ], [ 121.429600461000064, 25.128662723000048 ], [ 121.43152473900011, 25.129005457000062 ], [ 121.433076933000052, 25.127927525000075 ], [ 121.435952628000109, 25.127287285000023 ], [ 121.437723697000024, 25.125364202000071 ], [ 121.439673232000018, 25.124906759000055 ], [ 121.441560337000055, 25.123104136000052 ], [ 121.445933032000084, 25.123028944000055 ], [ 121.447671881000019, 25.122121919000051 ], [ 121.449051265000094, 25.120156138000027 ], [ 121.45183222300011, 25.120085711000058 ], [ 121.453158497000118, 25.120809257000076 ], [ 121.453042140000093, 25.11927957000006 ], [ 121.455712595000023, 25.11845820700006 ], [ 121.456073546000084, 25.117806489000031 ], [ 121.455418690000101, 25.117433702000028 ], [ 121.455384140000092, 25.116246723000074 ], [ 121.456720211000061, 25.114495935000036 ], [ 121.458549084000083, 25.114285314000028 ], [ 121.458407077000061, 25.11283396400006 ], [ 121.459027909000042, 25.112721754000063 ], [ 121.457267176000073, 25.108929283000066 ], [ 121.457331339, 25.107098936000057 ], [ 121.462667201000045, 25.103163724000069 ], [ 121.461585396000032, 25.101471779000065 ], [ 121.461055335000083, 25.09904612400004 ], [ 121.458239430000049, 25.097968165000054 ], [ 121.457762307000053, 25.094064264000053 ], [ 121.455663227000059, 25.091996968000046 ], [ 121.454624209000031, 25.08829649200004 ], [ 121.455437606000032, 25.083712930000047 ], [ 121.456987082000069, 25.081358785000077 ], [ 121.461076071000093, 25.078885577000051 ], [ 121.469595519000109, 25.075984602000062 ], [ 121.470995449000043, 25.073478934000036 ], [ 121.470836589000101, 25.072256942000024 ], [ 121.469660403000034, 25.072401142000047 ], [ 121.469791059000045, 25.068593354000029 ], [ 121.468194180000069, 25.067872736000027 ], [ 121.466947889000039, 25.06664818400003 ], [ 121.465886787000045, 25.066716952000036 ], [ 121.465549112000076, 25.065528435000033 ], [ 121.464573636000068, 25.067717352000045 ], [ 121.462730493000095, 25.068728956000029 ], [ 121.461309184000015, 25.068746042000043 ], [ 121.453518545000065, 25.065325332000043 ], [ 121.453531118000114, 25.063014040000041 ], [ 121.451944319000063, 25.062435319000031 ], [ 121.451820267000016, 25.061814212000058 ], [ 121.450343301000089, 25.060791753000046 ], [ 121.448034651000057, 25.062632073000032 ], [ 121.448349470000039, 25.063251020000052 ], [ 121.445786630000043, 25.064164959000038 ], [ 121.445550962000084, 25.069376933000058 ], [ 121.442933431000029, 25.069148344000041 ], [ 121.442257747000099, 25.06736098600004 ], [ 121.440876832000072, 25.067808571000057 ], [ 121.440326143000107, 25.067053982000061 ], [ 121.438398793000033, 25.067282635000026 ], [ 121.438170904000117, 25.066866252000068 ], [ 121.438791280000032, 25.065714226000068 ], [ 121.437528292000025, 25.064412357000037 ], [ 121.435029096000108, 25.066601648000074 ], [ 121.431977515000085, 25.066088505000039 ], [ 121.431523366000079, 25.068565535000062 ], [ 121.430193429000042, 25.069133862000058 ] ] ] } },
{ "type": "Feature", "properties": { "county": "新北市", "town": "八里區", "lab_lon": 121.39364, "lab_lat": 25.12772 }, "geometry": { "type": "Polygon", "coordinates": [ [ [ 121.40456607100009, 25.122425040000053 ], [ 121.402234307000072, 25.120404970000038 ], [ 121.403231875000074, 25.120073680000075 ], [ 121.403171772000064, 25.119314489000033 ], [ 121.402546292000011, 25.11859092800006 ], [ 121.401064594000104, 25.118072428000062 ], [ 121.400991987000111, 25.115131267000038 ], [ 121.400011683000116, 25.113323024000067 ], [ 121.400807281000084, 25.112936311000055 ], [ 121.401675481000098, 25.110443345000078 ], [ 121.401252563000071, 25.109216940000067 ], [ 121.402106185000093, 25.106391048000035 ], [ 121.400238505000061, 25.10632170100007 ], [ 121.402066605000073, 25.104784509000069 ], [ 121.40253063900002, 25.103790171000071 ], [ 121.401622879000115, 25.103277229000071 ], [ 121.4018926440001, 25.101083535000043 ], [ 121.400797879000038, 25.101686314000062 ], [ 121.402514153000084, 25.098972365000066 ], [ 121.401778665000052, 25.097944876000042 ], [ 121.403995107000014, 25.095426282000062 ], [ 121.402950422000117, 25.094864357000063 ], [ 121.40296946400008, 25.092961215000059 ], [ 121.401946075000069, 25.091930105000074 ], [ 121.400742788000116, 25.091739471000039 ], [ 121.400349772000027, 25.089592247000041 ], [ 121.401364959000034, 25.089000087000045 ], [ 121.402429994000045, 25.089150951000079 ], [ 121.402913929000078, 25.08852128500007 ], [ 121.402223163000031, 25.088380953000069 ], [ 121.402036672, 25.087492370000064 ], [ 121.399693154000033, 25.087757259000057 ], [ 121.399409068000068, 25.086488762000045 ], [ 121.399917613000071, 25.085402561000024 ], [ 121.399276454000073, 25.085706435000077 ], [ 121.398582067, 25.084814928000071 ], [ 121.398644509000064, 25.084068304000027 ], [ 121.397302782000111, 25.08447893500005 ], [ 121.397234865000087, 25.082940121000036 ], [ 121.398596910000037, 25.082005658000071 ], [ 121.398851186000115, 25.08106212000007 ], [ 121.396211666000113, 25.081973987000026 ], [ 121.395723216000079, 25.082887887000027 ], [ 121.395983017000049, 25.083589235000034 ], [ 121.395468239000024, 25.083835823000072 ], [ 121.393755333000058, 25.080133953000029 ], [ 121.39293102900001, 25.079845763000037 ], [ 121.392414908000092, 25.081346253000049 ], [ 121.39359545800005, 25.084062419000077 ], [ 121.392826644000024, 25.084501233000026 ], [ 121.392716103000112, 25.086382782000044 ], [ 121.390222189000042, 25.08687399400003 ], [ 121.389984967000032, 25.088122143000078 ], [ 121.390739616000019, 25.088299120000045 ], [ 121.39107647000003, 25.087475615000074 ], [ 121.392799765000063, 25.08748186300005 ], [ 121.392850998000085, 25.089012561000061 ], [ 121.39455913300003, 25.088117630000056 ], [ 121.394066227000053, 25.087501049000025 ], [ 121.39461621800001, 25.086127271000066 ], [ 121.395605906000014, 25.086294999000074 ], [ 121.396237192000058, 25.087130824000042 ], [ 121.396041830000058, 25.090463106000072 ], [ 121.396710662000032, 25.090818007000053 ], [ 121.396933183000101, 25.093054980000034 ], [ 121.396309627000051, 25.09350683100007 ], [ 121.396792530000084, 25.094449440000062 ], [ 121.396433724000076, 25.095072910000056 ], [ 121.397018197000079, 25.095562881000035 ], [ 121.395521455000107, 25.095914419000053 ], [ 121.396109357000114, 25.096475896000072 ], [ 121.394968614000049, 25.097606750000068 ], [ 121.395720565000033, 25.098228125000048 ], [ 121.3953465190001, 25.100246790000028 ], [ 121.393500744000107, 25.102147178000052 ], [ 121.394050365000112, 25.102878468000029 ], [ 121.393044028000077, 25.103332417000047 ], [ 121.392964167000059, 25.104769307000026 ], [ 121.392678430000046, 25.103632898000058 ], [ 121.393469864000053, 25.100543988000027 ], [ 121.392416446000084, 25.101246558000071 ], [ 121.392346118000091, 25.100279667000052 ], [ 121.391726823000113, 25.100656914000069 ], [ 121.391756829000087, 25.101281684000071 ], [ 121.389815049000049, 25.104487942000048 ], [ 121.389415986000017, 25.106440878000058 ], [ 121.387990108000054, 25.107091970000056 ], [ 121.387101504000043, 25.109114961000046 ], [ 121.385197363000088, 25.109478927000055 ], [ 121.386510018000081, 25.111393513000053 ], [ 121.385435011000027, 25.112602741000046 ], [ 121.385884804000057, 25.114916986000026 ], [ 121.383322086000021, 25.114740643000061 ], [ 121.381379586000094, 25.116520268000045 ], [ 121.380142248000084, 25.11669777000003 ], [ 121.379592932000037, 25.117713964000075 ], [ 121.376893528000096, 25.119839041000034 ], [ 121.377093140000056, 25.121416493000027 ], [ 121.375934293000114, 25.121404424000048 ], [ 121.374808840000014, 25.122202289000029 ], [ 121.374319829000115, 25.124552519000076 ], [ 121.372608830000104, 25.125807064000071 ], [ 121.370257968000033, 25.129142216000048 ], [ 121.368829697000024, 25.132193234000056 ], [ 121.36713227000007, 25.133885960000043 ], [ 121.365794207000022, 25.13970037100006 ], [ 121.367333380000105, 25.139120252000055 ], [ 121.370926861000044, 25.140512788000024 ], [ 121.371662477000086, 25.141000116000043 ], [ 121.371995903000084, 25.141983287000073 ], [ 121.375359300000014, 25.141958898000041 ], [ 121.377429251000081, 25.142866310000045 ], [ 121.37947392, 25.143001472000037 ], [ 121.384425383, 25.145220183000049 ], [ 121.384375279000096, 25.145749817000024 ], [ 121.384630892000018, 25.145301786000061 ], [ 121.385810133000064, 25.145719532000044 ], [ 121.385721715000045, 25.146318511000061 ], [ 121.386384446000079, 25.145915512000045 ], [ 121.387331199000073, 25.14642133500007 ], [ 121.387126265, 25.146877452000069 ], [ 121.387498611000069, 25.146512431000076 ], [ 121.388711415000103, 25.147526620000065 ], [ 121.388913461000016, 25.147250977000056 ], [ 121.389768878000041, 25.147738434000075 ], [ 121.387825976000045, 25.151921728000048 ], [ 121.391571782000028, 25.16798046200006 ], [ 121.402573743000062, 25.158832220000079 ], [ 121.405531533000044, 25.160425190000069 ], [ 121.408871599, 25.164899181000067 ], [ 121.405514959000016, 25.167994281000063 ], [ 121.408939012000019, 25.164972823000028 ], [ 121.412532232000103, 25.168484620000072 ], [ 121.413362204, 25.170481660000064 ], [ 121.41742642600002, 25.175546073000078 ], [ 121.424528462000012, 25.171335619000047 ], [ 121.433309892000011, 25.167617085000074 ], [ 121.439444293000065, 25.16367942100004 ], [ 121.444569064, 25.159499444000062 ], [ 121.449179765000054, 25.154596483000034 ], [ 121.450582625000038, 25.152309613000057 ], [ 121.452641862000064, 25.146670681000046 ], [ 121.45688653600007, 25.126346953000052 ], [ 121.458694847000061, 25.124440242000048 ], [ 121.458737221000092, 25.12304210700006 ], [ 121.460935093000103, 25.116196287000037 ], [ 121.459027909000042, 25.112721754000063 ], [ 121.45841370200003, 25.112818748000052 ], [ 121.458549084000083, 25.114285314000028 ], [ 121.456720211000061, 25.114495935000036 ], [ 121.455384140000092, 25.116246723000074 ], [ 121.455418690000101, 25.117433702000028 ], [ 121.456073546000084, 25.117806489000031 ], [ 121.455712595000023, 25.11845820700006 ], [ 121.452988773000015, 25.119330777000073 ], [ 121.453158497000118, 25.120809257000076 ], [ 121.45183222300011, 25.120085711000058 ], [ 121.449051265000094, 25.120156138000027 ], [ 121.447671881000019, 25.122121919000051 ], [ 121.445933032000084, 25.123028944000055 ], [ 121.441560337000055, 25.123104136000052 ], [ 121.439673232000018, 25.124906759000055 ], [ 121.437723697000024, 25.125364202000071 ], [ 121.435952628000109, 25.127287285000023 ], [ 121.433076933000052, 25.127927525000075 ], [ 121.43152473900011, 25.129005457000062 ], [ 121.429600461000064, 25.128662723000048 ], [ 121.426145071000064, 25.129573098000037 ], [ 121.424901064000096, 25.132270543000061 ], [ 121.423180519000084, 25.131510767000066 ], [ 121.421332015000075, 25.129555784000047 ], [ 121.420672550000063, 25.129533958000025 ], [ 121.420385373000045, 25.130142266000064 ], [ 121.415755248000096, 25.129697524000051 ], [ 121.416066766000085, 25.125056556000061 ], [ 121.414947538000092, 25.122996900000032 ], [ 121.412689435000061, 25.122767582000051 ], [ 121.410043560000076, 25.120993186000078 ], [ 121.40456607100009, 25.122425040000053 ] ] ] } },
{ "type": "Feature", "properties": { "county": "新北市", "town": "土城區", "lab_lon": 121.44594, "lab_lat": 24.96595 }, "geometry": { "type": "Polygon", "coordinates": [ [ [ 121.45148206500005, 24.944293163000054 ], [ 121.444669928000053, 24.939906682000071 ], [ 121.442267131000108, 24.937628572000051 ], [ 121.439951926000049, 24.937111252000022 ], [ 121.439167961000066, 24.936220647000027 ], [ 121.436705254000117, 24.935572261000061 ], [ 121.434212100000082, 24.940232065000032 ], [ 121.433140101000049, 24.940995567000073 ], [ 121.430436016000044, 24.939202493000039 ], [ 121.426819116000047, 24.939063568000051 ], [ 121.425176374000102, 24.938376270000049 ], [ 121.422201377000079, 24.938262311000074 ], [ 121.419644092000112, 24.938765599000078 ], [ 121.417589046000103, 24.937539360000073 ], [ 121.415973281000106, 24.938981198000079 ], [ 121.414667926000106, 24.939448386000038 ], [ 121.414262848000021, 24.940907688000038 ], [ 121.41353674000004, 24.941477483000028 ], [ 121.409247692, 24.941659561000051 ], [ 121.40978007800004, 24.943283816000076 ], [ 121.408569962000115, 24.947696794000024 ], [ 121.408811008000043, 24.950987650000059 ], [ 121.407568498000046, 24.952138959000024 ], [ 121.409793020000052, 24.954026818000045 ], [ 121.410551945000066, 24.956226683000068 ], [ 121.409976515000039, 24.96115399200005 ], [ 121.410728178000113, 24.964041505000068 ], [ 121.41034821900007, 24.964892354000028 ], [ 121.411897001000057, 24.965216712000029 ], [ 121.413376853000045, 24.966254612000057 ], [ 121.422634846000051, 24.968750381000063 ], [ 121.425317640000117, 24.971142712000074 ], [ 121.426681750000057, 24.971763040000042 ], [ 121.428251073000069, 24.971669490000068 ], [ 121.433817633000103, 24.975538908000033 ], [ 121.434957833000112, 24.978661785000043 ], [ 121.434693321000054, 24.980339441000069 ], [ 121.435131273000025, 24.98165289800005 ], [ 121.436944083000071, 24.983183621000023 ], [ 121.438320793000116, 24.986373602000072 ], [ 121.440090283000018, 24.988173912000036 ], [ 121.440859035000017, 24.99258618500005 ], [ 121.440996197000118, 24.992161483000075 ], [ 121.442016706000118, 24.992203615000051 ], [ 121.442712803000063, 24.992916098000023 ], [ 121.444236769000099, 24.991044740000063 ], [ 121.449658609000039, 24.993079913000031 ], [ 121.453064956000048, 24.991000559000042 ], [ 121.453702485, 24.993504052000048 ], [ 121.454334662000065, 24.993947707000075 ], [ 121.454934238000078, 24.99578481900005 ], [ 121.456277315000079, 24.996343528000068 ], [ 121.456242519000057, 24.994319445000031 ], [ 121.456939641000076, 24.991548067000053 ], [ 121.460273272000109, 24.99041922300006 ], [ 121.461075586000106, 24.989142143000038 ], [ 121.463313557000106, 24.989070765000065 ], [ 121.466459917000066, 24.990595536000058 ], [ 121.466704222000089, 24.991075753000075 ], [ 121.466198690000056, 24.991095305000044 ], [ 121.467121584000097, 24.992008288000022 ], [ 121.467285983000011, 24.993211611000049 ], [ 121.468998982000016, 24.994639302000053 ], [ 121.469142851000015, 24.992693408000036 ], [ 121.469982672000015, 24.991756580000072 ], [ 121.470685344000117, 24.992826125000079 ], [ 121.473000573000036, 24.99410513600003 ], [ 121.474860154000112, 24.993106684000054 ], [ 121.475356345000023, 24.992617984000049 ], [ 121.474941948000037, 24.991980990000059 ], [ 121.476943228000096, 24.990621293000061 ], [ 121.477454881000085, 24.990964003000045 ], [ 121.479716944000074, 24.990324176000058 ], [ 121.47747645100003, 24.986588054000038 ], [ 121.474923403000048, 24.984039863000078 ], [ 121.474367215000029, 24.983987252000077 ], [ 121.474175736, 24.983207268000058 ], [ 121.475681208000083, 24.97933871500004 ], [ 121.477015834000099, 24.97942964300006 ], [ 121.479067950000058, 24.977727216000062 ], [ 121.479374352000036, 24.976004403000047 ], [ 121.480636851000099, 24.975381926000068 ], [ 121.481829774000062, 24.973218463000023 ], [ 121.479576466000026, 24.972622914000056 ], [ 121.479865745000097, 24.970090964000065 ], [ 121.47946691900006, 24.967714511000054 ], [ 121.478662370000052, 24.966633447000049 ], [ 121.479892165000024, 24.964745565000044 ], [ 121.479700616000059, 24.963584530000048 ], [ 121.473774496000033, 24.96074040600007 ], [ 121.471816763000106, 24.958850575000042 ], [ 121.47220095800003, 24.956149104000076 ], [ 121.471443616000101, 24.95519488900004 ], [ 121.470315957000025, 24.955106714000067 ], [ 121.469831550000094, 24.954526056000077 ], [ 121.467812778000052, 24.954399169000055 ], [ 121.466873969000062, 24.953007072000048 ], [ 121.466923540000039, 24.951553165000064 ], [ 121.461725763000118, 24.947454936000042 ], [ 121.45945572100004, 24.947730312000033 ], [ 121.457733825000105, 24.946152170000062 ], [ 121.456050552000079, 24.946285677000049 ], [ 121.45553421000011, 24.945011023000063 ], [ 121.454079686000114, 24.944337713000039 ], [ 121.45148206500005, 24.944293163000054 ] ] ] } },
{ "type": "Feature", "properties": { "county": "新北市", "town": "坪林區", "lab_lon": 121.72452, "lab_lat": 24.91215 }, "geometry": { "type": "Polygon", "coordinates": [ [ [ 121.780698599000061, 24.923195609000061 ], [ 121.778133195, 24.919586895000066 ], [ 121.781544649000011, 24.917999617000078 ], [ 121.78400294100004, 24.915616152000041 ], [ 121.784756001000119, 24.913944790000073 ], [ 121.784933640000077, 24.910854048000033 ], [ 121.786056992000113, 24.906598084000052 ], [ 121.78804888500008, 24.906125800000041 ], [ 121.789723260000073, 24.904074374000061 ], [ 121.791195972000082, 24.903345424000065 ], [ 121.791337786000099, 24.902304713000035 ], [ 121.792250134000028, 24.901687906000063 ], [ 121.793411466000066, 24.899747891000061 ], [ 121.792511021000109, 24.900001007000071 ], [ 121.791758889000107, 24.899531693000029 ], [ 121.792076827000074, 24.89758452500007 ], [ 121.792909346000101, 24.89722615200003 ], [ 121.79309850900006, 24.89640802200006 ], [ 121.790581735000046, 24.894587480000041 ], [ 121.790010263000113, 24.893454227000063 ], [ 121.78579306000006, 24.892494049000049 ], [ 121.785583150000093, 24.890583225000057 ], [ 121.782986465000022, 24.890381404000038 ], [ 121.781684811000105, 24.889465878000067 ], [ 121.782300771000109, 24.886799968000048 ], [ 121.781899593000048, 24.882337114000052 ], [ 121.782240857000033, 24.879184353000028 ], [ 121.784278427000118, 24.877581763000023 ], [ 121.784908796000082, 24.875819412000055 ], [ 121.784621507000111, 24.874852094000062 ], [ 121.785172863000071, 24.874135706000061 ], [ 121.78429579200008, 24.873624930000062 ], [ 121.78321742300011, 24.874216227000034 ], [ 121.780824468000105, 24.872306965000064 ], [ 121.777330793000033, 24.870762918000025 ], [ 121.777237339000067, 24.869591504000027 ], [ 121.775193237000053, 24.866722807000031 ], [ 121.775732589000086, 24.865949902000068 ], [ 121.775426651000089, 24.865083491000064 ], [ 121.771152158000064, 24.864869052000074 ], [ 121.769108930000016, 24.865934939000056 ], [ 121.767816931000084, 24.865417296000032 ], [ 121.767400092000116, 24.86495620200003 ], [ 121.767842957000084, 24.863653144000068 ], [ 121.766097574000014, 24.862519531000032 ], [ 121.76437941800009, 24.859889473000067 ], [ 121.763303600000086, 24.860050451000063 ], [ 121.762789351000038, 24.86125521200006 ], [ 121.761564066, 24.860152081000024 ], [ 121.762110842000084, 24.858780446000026 ], [ 121.761838270000112, 24.858117126000025 ], [ 121.761048988000084, 24.85779902400003 ], [ 121.760985299000026, 24.85670089100006 ], [ 121.754286543000035, 24.856408796000039 ], [ 121.753583066000033, 24.856010103000074 ], [ 121.753463529000101, 24.85498244300004 ], [ 121.751329940000119, 24.854930467000031 ], [ 121.75062996600002, 24.85447436000004 ], [ 121.747969757000078, 24.854950039000073 ], [ 121.747401725000032, 24.853717667000069 ], [ 121.746107027000107, 24.852978239000038 ], [ 121.742900098000064, 24.852452 ], [ 121.741917265000097, 24.852496159000054 ], [ 121.73842709500002, 24.855237879000072 ], [ 121.73681621500009, 24.855651705000071 ], [ 121.733516204000011, 24.855903595000029 ], [ 121.730610840000054, 24.85532560200005 ], [ 121.727164447000064, 24.853142956000056 ], [ 121.72521146400004, 24.850788665000039 ], [ 121.722095403000026, 24.849935041000037 ], [ 121.720605154000054, 24.848749681000072 ], [ 121.720638302000111, 24.848096873000031 ], [ 121.719540534000089, 24.846555143000046 ], [ 121.719735519000096, 24.845588974000066 ], [ 121.718651753000017, 24.845654095000043 ], [ 121.715771237000013, 24.844451074000062 ], [ 121.714267410000048, 24.84178305100005 ], [ 121.711367117, 24.841464206000069 ], [ 121.708977690000097, 24.84057686500006 ], [ 121.708363836000103, 24.839062568000031 ], [ 121.707526191000056, 24.83884579100004 ], [ 121.704064737000067, 24.842273298000066 ], [ 121.697679391000065, 24.842985780000049 ], [ 121.696643191000021, 24.84357019600003 ], [ 121.694344584000078, 24.843576385000063 ], [ 121.693123437000054, 24.844080391000034 ], [ 121.692035552000107, 24.845011318000047 ], [ 121.691768178000075, 24.846459670000058 ], [ 121.690681159000064, 24.848107414000026 ], [ 121.688509222000107, 24.848370630000034 ], [ 121.688183443000071, 24.849585604000026 ], [ 121.687391414000103, 24.849960747000068 ], [ 121.685331585000085, 24.849402394000037 ], [ 121.682221564000088, 24.850210668000045 ], [ 121.681733991000101, 24.849647750000031 ], [ 121.679583002000072, 24.849656848000052 ], [ 121.677904715000068, 24.848974847000022 ], [ 121.677242551000063, 24.849709933000042 ], [ 121.673998378000078, 24.848909452000044 ], [ 121.673141878000024, 24.849255353000046 ], [ 121.669767620000016, 24.848048192000078 ], [ 121.665633135, 24.850359704000027 ], [ 121.664042259000098, 24.849627033000047 ], [ 121.661300483000105, 24.850242973000036 ], [ 121.659521089, 24.85117623900004 ], [ 121.657153060000041, 24.849653403000048 ], [ 121.655040033000091, 24.851368104000073 ], [ 121.652975869000102, 24.85521863300005 ], [ 121.651266848000091, 24.856052563000048 ], [ 121.650616202000037, 24.856936381000025 ], [ 121.64573056800009, 24.859414247000075 ], [ 121.644661502000076, 24.860733645000039 ], [ 121.64713215900008, 24.863858941000046 ], [ 121.64828121700009, 24.867799708000064 ], [ 121.650326438000093, 24.868399159000035 ], [ 121.650917050000089, 24.869434905000048 ], [ 121.653382817000079, 24.870626332000029 ], [ 121.653207094000095, 24.872214886000052 ], [ 121.654220999000017, 24.876430034000066 ], [ 121.654130189000057, 24.877117638000072 ], [ 121.653084084000056, 24.878061034000041 ], [ 121.65067267500001, 24.878932046000045 ], [ 121.649678355000106, 24.880329905000053 ], [ 121.651602687000036, 24.884887687000059 ], [ 121.651823398000033, 24.888559053000051 ], [ 121.652598682000075, 24.88914860400007 ], [ 121.652910353000038, 24.890162011000029 ], [ 121.651390787000082, 24.892134785000053 ], [ 121.649943448000045, 24.892894563000027 ], [ 121.64891754100006, 24.895432236000033 ], [ 121.651570050000032, 24.897590471000058 ], [ 121.652835117000109, 24.897637012000075 ], [ 121.653132579000044, 24.89852675800006 ], [ 121.660399708000114, 24.901507773000048 ], [ 121.662073661000022, 24.903472571000066 ], [ 121.661703454000076, 24.905206493000037 ], [ 121.6632783230001, 24.906538005000073 ], [ 121.664716687, 24.906915500000025 ], [ 121.666055130000018, 24.908348790000048 ], [ 121.664211955000042, 24.911092634000056 ], [ 121.664190982000036, 24.912872648000075 ], [ 121.663225240000088, 24.914914332000023 ], [ 121.6637491460001, 24.915900237000074 ], [ 121.666074237000089, 24.917125423000073 ], [ 121.669359419000102, 24.917829948000076 ], [ 121.673253661000103, 24.919965852000075 ], [ 121.674770585000033, 24.921476276000078 ], [ 121.67667249100009, 24.921436688000028 ], [ 121.677919659000054, 24.922085740000057 ], [ 121.676235895000104, 24.923103036000043 ], [ 121.674793211000065, 24.926497580000046 ], [ 121.671691754000108, 24.928351118000023 ], [ 121.670163518000095, 24.930123842000057 ], [ 121.669608950000111, 24.938896931000045 ], [ 121.667002696000054, 24.939845137000077 ], [ 121.66659135000009, 24.941231364000032 ], [ 121.666732785000022, 24.944831055000066 ], [ 121.665875882000023, 24.945652931000041 ], [ 121.666148566000061, 24.94815307600004 ], [ 121.665664176000064, 24.949997395000025 ], [ 121.666860793000069, 24.952368106000051 ], [ 121.669398107, 24.952318305000063 ], [ 121.675827104000064, 24.954136474000052 ], [ 121.68069472500008, 24.954602498000042 ], [ 121.682516208000038, 24.956146947000036 ], [ 121.683191282000053, 24.957432269000037 ], [ 121.685463498000104, 24.958611959000052 ], [ 121.68566175400008, 24.959804676000033 ], [ 121.687728614000093, 24.962807749000035 ], [ 121.688818138000101, 24.963530750000075 ], [ 121.691696369000056, 24.963217730000054 ], [ 121.694168878000028, 24.964532734000045 ], [ 121.698640708000084, 24.964662820000058 ], [ 121.700098475000118, 24.966482918000054 ], [ 121.702293224000073, 24.966853977000028 ], [ 121.704655308000042, 24.970650311000043 ], [ 121.706534745000113, 24.971453883000038 ], [ 121.707632835000027, 24.972605792000024 ], [ 121.710976688000073, 24.971790259000045 ], [ 121.712135796000098, 24.972428535000063 ], [ 121.714825608000069, 24.970907705000059 ], [ 121.715855235000049, 24.970844768000063 ], [ 121.717765046000068, 24.971422582000059 ], [ 121.718182951000017, 24.974903123000047 ], [ 121.721009152000079, 24.973995324000043 ], [ 121.724346101000037, 24.975124391000065 ], [ 121.726086391000081, 24.974699652000027 ], [ 121.729165062000106, 24.975084364000054 ], [ 121.733723048000115, 24.976433725000049 ], [ 121.736476773000049, 24.975724324000055 ], [ 121.73703260700006, 24.977475711000068 ], [ 121.737630205000073, 24.97755963700007 ], [ 121.738907411000014, 24.979792245000056 ], [ 121.739668686000073, 24.979085244000032 ], [ 121.742442102000041, 24.979704527000024 ], [ 121.744099688, 24.975140217000046 ], [ 121.746158262000108, 24.97521669300005 ], [ 121.748405976000072, 24.974194847000035 ], [ 121.752192427000068, 24.977102096000067 ], [ 121.753794715000026, 24.976720726000053 ], [ 121.756260129000111, 24.977728184000057 ], [ 121.758744325000066, 24.976905399000032 ], [ 121.760396842000091, 24.978491510000026 ], [ 121.762274455000011, 24.978916028000071 ], [ 121.763917514000013, 24.98072509900004 ], [ 121.767447006000111, 24.979571665000037 ], [ 121.769248486000038, 24.979885126000056 ], [ 121.77137196700005, 24.97955934600003 ], [ 121.773125873000026, 24.981365609000079 ], [ 121.773511322000104, 24.982682060000059 ], [ 121.77554529300005, 24.985490859000038 ], [ 121.779461930000025, 24.983817049000038 ], [ 121.781664257000102, 24.982024982000041 ], [ 121.784066667000047, 24.98184993700005 ], [ 121.785357425000029, 24.982097788000033 ], [ 121.786538674000099, 24.983070822000059 ], [ 121.792612193000082, 24.983388632000072 ], [ 121.792751479000117, 24.980794622000076 ], [ 121.793697805000079, 24.979571084000042 ], [ 121.794091188000039, 24.977356222000026 ], [ 121.793885372000091, 24.973163035000027 ], [ 121.792762129000039, 24.971635598000034 ], [ 121.79281904000004, 24.971030832000054 ], [ 121.791885849000096, 24.970307258000048 ], [ 121.791762014000028, 24.968115753000063 ], [ 121.792216680000024, 24.966346096000052 ], [ 121.790697673000068, 24.964365153000074 ], [ 121.790849505000097, 24.962227856000027 ], [ 121.790150377000032, 24.96037825600007 ], [ 121.791244254000048, 24.957634391000056 ], [ 121.791262263000021, 24.955497211000079 ], [ 121.792149823000045, 24.954613669000025 ], [ 121.793274759000042, 24.95432278800007 ], [ 121.793284996000011, 24.953695212000071 ], [ 121.792319882000015, 24.951696652000066 ], [ 121.790982103000033, 24.951163234000035 ], [ 121.790122583000084, 24.948698316000048 ], [ 121.787772092000068, 24.944981346000077 ], [ 121.78950330300006, 24.940433375000055 ], [ 121.786241145000076, 24.937005294000073 ], [ 121.785989573000052, 24.93432064700005 ], [ 121.784988085, 24.933273890000066 ], [ 121.785318502000109, 24.931034322000073 ], [ 121.783231208000075, 24.928887987000053 ], [ 121.781870057000106, 24.928227109000034 ], [ 121.780698599000061, 24.923195609000061 ] ] ] } },
{ "type": "Feature", "properties": { "county": "新北市", "town": "平溪區", "lab_lon": 121.74892, "lab_lat": 25.02571 }, "geometry": { "type": "Polygon", "coordinates": [ [ [ 121.721125906000111, 25.008829302000038 ], [ 121.719637912000053, 25.007377680000047 ], [ 121.717742480000084, 25.00738708800003 ], [ 121.713632937000057, 25.006007660000023 ], [ 121.711914780000029, 25.009710745000064 ], [ 121.706176258000028, 25.014918843000032 ], [ 121.706837844, 25.017190553000034 ], [ 121.704215255, 25.018320942000059 ], [ 121.701059592000092, 25.023264140000038 ], [ 121.702296529000023, 25.025415721000059 ], [ 121.704421730000035, 25.026602055000069 ], [ 121.704488260000062, 25.027515771000026 ], [ 121.703170255000032, 25.029610475000027 ], [ 121.703497500000026, 25.030052350000062 ], [ 121.702961684000115, 25.031005171000061 ], [ 121.703231908000021, 25.032039294000072 ], [ 121.70779109800003, 25.033505840000032 ], [ 121.70830322900008, 25.034090067000022 ], [ 121.712726262000047, 25.033581102000028 ], [ 121.713257824000038, 25.034837716000027 ], [ 121.715775965000034, 25.036249793000025 ], [ 121.716109785000071, 25.038507335000077 ], [ 121.716640946000098, 25.03918653900007 ], [ 121.715975841000045, 25.041746825000075 ], [ 121.717806852000081, 25.042956589000028 ], [ 121.720966819000068, 25.047201186000052 ], [ 121.722276325000053, 25.048196737000069 ], [ 121.724544233000074, 25.048318386000062 ], [ 121.727055581000059, 25.049438805000023 ], [ 121.727393392000067, 25.050663821000057 ], [ 121.730087517000015, 25.053348321000044 ], [ 121.732208098000115, 25.052724520000027 ], [ 121.734802761000083, 25.054156245000058 ], [ 121.737498071000118, 25.054763627000057 ], [ 121.739795856000114, 25.053058285000077 ], [ 121.742239565000091, 25.052973306000069 ], [ 121.743116621000013, 25.052469833000032 ], [ 121.74371864200009, 25.053126157000065 ], [ 121.74591293200001, 25.052994581000064 ], [ 121.747627551000051, 25.053716693000069 ], [ 121.748241691000089, 25.055108358000041 ], [ 121.749255323000057, 25.05545309300004 ], [ 121.751152654000066, 25.057257882000044 ], [ 121.755548453000074, 25.058246851000035 ], [ 121.756880472000034, 25.059337915000071 ], [ 121.757902004000016, 25.059016223000071 ], [ 121.759294093000108, 25.059448832000044 ], [ 121.760485614000117, 25.058012854000026 ], [ 121.761703805000025, 25.057841731000053 ], [ 121.762438252000038, 25.056943495000041 ], [ 121.763916258000108, 25.057389656000055 ], [ 121.764813082000046, 25.059542540000052 ], [ 121.765914265000106, 25.059987267000054 ], [ 121.76734926600011, 25.061824192000074 ], [ 121.770007579000094, 25.063485353000033 ], [ 121.771727876000114, 25.063205796000034 ], [ 121.773054172000116, 25.066836086000023 ], [ 121.775682540000048, 25.070058392000078 ], [ 121.778142738000042, 25.071231431000058 ], [ 121.780924549000019, 25.071158248000074 ], [ 121.781468022000013, 25.071949587000063 ], [ 121.783196190000012, 25.072658295000053 ], [ 121.784597851000058, 25.072521927000025 ], [ 121.789566522000086, 25.076067912000042 ], [ 121.794648465000023, 25.077375213000039 ], [ 121.797893438000074, 25.075920776000032 ], [ 121.800386367000101, 25.073004125000068 ], [ 121.803310749000048, 25.067967665000026 ], [ 121.805616723000071, 25.066407322000032 ], [ 121.805621761000111, 25.065005295000049 ], [ 121.804460900000095, 25.063406584000063 ], [ 121.805089095000085, 25.062330510000038 ], [ 121.80500844900007, 25.060479375000057 ], [ 121.80599147700002, 25.058366043000035 ], [ 121.806776170000035, 25.058057311000027 ], [ 121.810156158000041, 25.059684842000024 ], [ 121.812556787000062, 25.059226634000026 ], [ 121.814236664000077, 25.058068785000046 ], [ 121.813541457000042, 25.051888442000063 ], [ 121.815295197000069, 25.047958416000029 ], [ 121.814835505000019, 25.04554220600005 ], [ 121.816773393000062, 25.04289917400007 ], [ 121.816879107000091, 25.042114120000065 ], [ 121.815975882000089, 25.040968656000075 ], [ 121.813697379000018, 25.041275085000052 ], [ 121.810324816000048, 25.039056351000056 ], [ 121.808518958000036, 25.03700348700005 ], [ 121.808699572000023, 25.034940637000034 ], [ 121.806675350000091, 25.031557669000051 ], [ 121.804581402000053, 25.031595869000057 ], [ 121.803808104000041, 25.030903462000026 ], [ 121.79940410200004, 25.030096190000052 ], [ 121.792772564000074, 25.023631066000064 ], [ 121.791126133000034, 25.022869401000037 ], [ 121.788780269000085, 25.022757218000038 ], [ 121.788298243000099, 25.021330515000045 ], [ 121.786885344000098, 25.020468700000038 ], [ 121.784531419000018, 25.017880670000068 ], [ 121.784346854000091, 25.013689520000071 ], [ 121.782397762000073, 25.012235143000055 ], [ 121.781992786000046, 25.011163790000069 ], [ 121.780175661000044, 25.010508794000032 ], [ 121.778728975000035, 25.00794383300007 ], [ 121.779348133000099, 25.006443958000034 ], [ 121.777126156, 25.005758105000041 ], [ 121.774720441000113, 25.00251634500006 ], [ 121.772562794, 25.001698045000069 ], [ 121.771155552000096, 25.000329408000027 ], [ 121.768948612000031, 24.999760441000035 ], [ 121.768591620000052, 24.999078034000036 ], [ 121.767832400000088, 24.999081897000053 ], [ 121.763635501000067, 24.996137972000042 ], [ 121.764406442000109, 24.995269802000053 ], [ 121.764770592000104, 24.993501580000043 ], [ 121.767700760000025, 24.992384466000033 ], [ 121.768630315000109, 24.991119095000045 ], [ 121.76873566200004, 24.990142473000049 ], [ 121.77095793, 24.98896359500003 ], [ 121.773031073000084, 24.98914357600006 ], [ 121.774335585000017, 24.988551917000052 ], [ 121.775534815000015, 24.98683511400003 ], [ 121.775792810000098, 24.985529300000053 ], [ 121.776704524000024, 24.985283330000073 ], [ 121.777122748000011, 24.984846074000075 ], [ 121.775103062000085, 24.985363548000066 ], [ 121.773125873000026, 24.981365609000079 ], [ 121.77137196700005, 24.97955934600003 ], [ 121.769248486000038, 24.979885126000056 ], [ 121.767447006000111, 24.979571665000037 ], [ 121.763917514000013, 24.98072509900004 ], [ 121.762274455000011, 24.978916028000071 ], [ 121.760396842000091, 24.978491510000026 ], [ 121.758744325000066, 24.976905399000032 ], [ 121.756260129000111, 24.977728184000057 ], [ 121.753794715000026, 24.976720726000053 ], [ 121.752192427000068, 24.977102096000067 ], [ 121.748252844000035, 24.974170014000038 ], [ 121.746158262000108, 24.97521669300005 ], [ 121.744099688, 24.975140217000046 ], [ 121.742351692000057, 24.979727728000057 ], [ 121.739668686000073, 24.979085244000032 ], [ 121.738823125000067, 24.979759845000046 ], [ 121.737650376000033, 24.977585068000053 ], [ 121.73703260700006, 24.977475711000068 ], [ 121.736476773000049, 24.975724324000055 ], [ 121.733723048000115, 24.976433725000049 ], [ 121.729165062000106, 24.975084364000054 ], [ 121.726086391000081, 24.974699652000027 ], [ 121.724346101000037, 24.975124391000065 ], [ 121.721009152000079, 24.973995324000043 ], [ 121.718182951000017, 24.974903123000047 ], [ 121.718297159000031, 24.976772723000067 ], [ 121.717338527000038, 24.978147405000072 ], [ 121.71727287300007, 24.979175313000042 ], [ 121.718647040000064, 24.980106705000026 ], [ 121.720734651000043, 24.980263747000038 ], [ 121.720952566000051, 24.981406050000032 ], [ 121.721879153000032, 24.982282288000079 ], [ 121.724114808000081, 24.982991500000026 ], [ 121.724840732000075, 24.984945633000052 ], [ 121.724647134000065, 24.986782930000061 ], [ 121.726828889000103, 24.989278670000033 ], [ 121.725083085000051, 24.992156829000066 ], [ 121.723700222000048, 24.996169839000061 ], [ 121.721403973000065, 24.998393634000024 ], [ 121.72058464600002, 24.999879064000027 ], [ 121.720502232000058, 25.000890749000064 ], [ 121.721775723000064, 25.00129854000005 ], [ 121.722633325000061, 25.00505976900007 ], [ 121.722222422000073, 25.007599676000041 ], [ 121.721125906000111, 25.008829302000038 ] ] ] } },
{ "type": "Feature", "properties": { "county": "新北市", "town": "新店區", "lab_lon": 121.5389, "lab_lat": 24.92842 }, "geometry": { "type": "Polygon", "coordinates": [ [ [ 121.540614652000045, 24.893488461000061 ], [ 121.539219034000098, 24.893650518000072 ], [ 121.536915874000101, 24.892184149000059 ], [ 121.53532304700002, 24.891797988000064 ], [ 121.532925885000054, 24.888048671000035 ], [ 121.529389163000019, 24.885073228000067 ], [ 121.526292642000044, 24.883599758000059 ], [ 121.523720006000076, 24.883773779000023 ], [ 121.520713484000112, 24.883281268000076 ], [ 121.517794343000105, 24.88085860800004 ], [ 121.508851478000111, 24.877526421000027 ], [ 121.504108265000013, 24.873639510000032 ], [ 121.501880091000089, 24.87291545100004 ], [ 121.499199443000066, 24.870320408000055 ], [ 121.494873826000116, 24.868465574000027 ], [ 121.488357090000022, 24.862194413000054 ], [ 121.485404181000035, 24.862961237000036 ], [ 121.483143218, 24.861821748000068 ], [ 121.480380751000098, 24.861753423000039 ], [ 121.478793739000025, 24.863800522000076 ], [ 121.478698897000072, 24.864732110000034 ], [ 121.477670615000079, 24.86564852500004 ], [ 121.479245799000068, 24.870215933000054 ], [ 121.477652988000045, 24.871159244000069 ], [ 121.477107685000078, 24.872848454000064 ], [ 121.475235825000027, 24.874186949000034 ], [ 121.474556335000102, 24.875546488000055 ], [ 121.472610590000045, 24.876265198000056 ], [ 121.471777686000109, 24.877116025000078 ], [ 121.472828663000087, 24.879481555000041 ], [ 121.474955066, 24.881969234000053 ], [ 121.475358365000034, 24.886170975000027 ], [ 121.477662760000044, 24.887976980000076 ], [ 121.478874458000064, 24.889954874000068 ], [ 121.480412853000075, 24.890734939000026 ], [ 121.482457901000089, 24.893508305000069 ], [ 121.482942997, 24.895377920000044 ], [ 121.484224283000117, 24.897110948000034 ], [ 121.485331530000053, 24.898122679000039 ], [ 121.486324703000037, 24.898215021000055 ], [ 121.485715332000041, 24.899223372000051 ], [ 121.486380002000033, 24.900342472000034 ], [ 121.48833860000002, 24.901212684000029 ], [ 121.489844085000072, 24.901277041000071 ], [ 121.49252767400003, 24.903474474000063 ], [ 121.490892293000115, 24.904988223000032 ], [ 121.489389208000034, 24.908407874000034 ], [ 121.490180394000049, 24.910089685000059 ], [ 121.489598626000088, 24.911338255000032 ], [ 121.49041451800008, 24.911622449000049 ], [ 121.490882209, 24.912595001000057 ], [ 121.490892344000031, 24.914044857000079 ], [ 121.491774905000057, 24.915149104000022 ], [ 121.492059151000035, 24.917078798000034 ], [ 121.490085838000027, 24.918999996000025 ], [ 121.488173894000056, 24.922329804000071 ], [ 121.486751800000093, 24.922234116000027 ], [ 121.486071892000041, 24.92283724400005 ], [ 121.485223723000104, 24.924480948000053 ], [ 121.48576730700006, 24.926262605000034 ], [ 121.484578873000032, 24.928028098000027 ], [ 121.480223488000092, 24.928824643000041 ], [ 121.478264541000044, 24.928591950000055 ], [ 121.477562522000085, 24.929087598000024 ], [ 121.476300887000093, 24.929103515000065 ], [ 121.473394333000101, 24.930841333000046 ], [ 121.471481869000058, 24.93069421000007 ], [ 121.470114198000033, 24.931199507000031 ], [ 121.468470621000051, 24.930745329000047 ], [ 121.467088114000035, 24.931984414000055 ], [ 121.466103049000026, 24.93196623800003 ], [ 121.464165360000038, 24.933182606000059 ], [ 121.459933510000042, 24.934230524000043 ], [ 121.460181896000108, 24.935087758000066 ], [ 121.459724543000107, 24.935442071000068 ], [ 121.460885015000031, 24.937595009000063 ], [ 121.458721101000037, 24.939445213000056 ], [ 121.458407442000066, 24.943196708000073 ], [ 121.457378787000039, 24.945462786000064 ], [ 121.457498502000021, 24.946095339000067 ], [ 121.45915238900011, 24.947595148000062 ], [ 121.461725763000118, 24.947454936000042 ], [ 121.466923540000039, 24.951553165000064 ], [ 121.466873969000062, 24.953007072000048 ], [ 121.467844695000053, 24.954423916000053 ], [ 121.469831550000094, 24.954526056000077 ], [ 121.470315957000025, 24.955106714000067 ], [ 121.471443616000101, 24.95519488900004 ], [ 121.47220095800003, 24.956149104000076 ], [ 121.471816763000106, 24.958850575000042 ], [ 121.473774496000033, 24.96074040600007 ], [ 121.479256537000083, 24.963273315000038 ], [ 121.479801585000018, 24.963923739000052 ], [ 121.481135958000095, 24.963971622000031 ], [ 121.482478244000049, 24.963357157000075 ], [ 121.484277528, 24.964727593000077 ], [ 121.485719025000094, 24.964786037000067 ], [ 121.49013534900007, 24.967200962000049 ], [ 121.491681132000053, 24.967334744000027 ], [ 121.493909161000033, 24.968908204000059 ], [ 121.495836610000083, 24.969204615000024 ], [ 121.497704099000089, 24.970759528000031 ], [ 121.499498432000109, 24.97069031500007 ], [ 121.501986326000065, 24.969854763000058 ], [ 121.504259027000103, 24.972678090000045 ], [ 121.504110332000096, 24.973257199000045 ], [ 121.505739072000097, 24.973927687000071 ], [ 121.505936445000088, 24.975014629000043 ], [ 121.507191620000071, 24.975993921000054 ], [ 121.509005084000023, 24.976510910000059 ], [ 121.510906767000051, 24.978093946000058 ], [ 121.511264999000105, 24.97925493300005 ], [ 121.512625085000082, 24.979906539000069 ], [ 121.514479364000067, 24.981753696000055 ], [ 121.513829128000111, 24.983171582000068 ], [ 121.514712211000074, 24.984455570000023 ], [ 121.514984899000069, 24.986077386000034 ], [ 121.515900960000067, 24.987120640000057 ], [ 121.518820112000071, 24.988305310000044 ], [ 121.521986617000039, 24.988370277000058 ], [ 121.523452876000079, 24.987913509000066 ], [ 121.522523961000047, 24.985072350000053 ], [ 121.523543945000029, 24.983874719000028 ], [ 121.528559249000068, 24.987556953000023 ], [ 121.533173411, 24.991864029000055 ], [ 121.535175846000016, 24.995133303000046 ], [ 121.536220625000055, 24.994146776000036 ], [ 121.537048405000064, 24.992355746000044 ], [ 121.536589323000044, 24.989722242000028 ], [ 121.536903245000076, 24.988652263000063 ], [ 121.539455036000049, 24.987729485000045 ], [ 121.544173794000017, 24.988207662000036 ], [ 121.544811655000103, 24.987026755000045 ], [ 121.544204542000102, 24.984768311000039 ], [ 121.545061556000064, 24.983667972000035 ], [ 121.547112290000086, 24.983275677000051 ], [ 121.54903468100008, 24.983760855000071 ], [ 121.55088133400011, 24.985417232000032 ], [ 121.550848922000114, 24.987226376000024 ], [ 121.551679226000033, 24.987358079000046 ], [ 121.552626394000072, 24.986700621000068 ], [ 121.553945635000105, 24.984719698000049 ], [ 121.553054321000104, 24.980751588000032 ], [ 121.553679504000115, 24.977421956000057 ], [ 121.555204024000091, 24.97653458800005 ], [ 121.556123880000087, 24.973298188000058 ], [ 121.557644559000096, 24.971961807000071 ], [ 121.558543555000028, 24.968328387000042 ], [ 121.561266757000112, 24.964687042000037 ], [ 121.564243726000086, 24.964681380000059 ], [ 121.56626918500001, 24.963966755000058 ], [ 121.570391303000065, 24.964443436000067 ], [ 121.572542848000012, 24.96398042900006 ], [ 121.574345647000087, 24.965285454000025 ], [ 121.574556962000088, 24.966843162000032 ], [ 121.578636816000085, 24.96658749900007 ], [ 121.581117330000097, 24.965126165000072 ], [ 121.584724102000109, 24.964468923000027 ], [ 121.585674042000051, 24.963211728000033 ], [ 121.588010402, 24.96368886700003 ], [ 121.588748089000092, 24.963375772000063 ], [ 121.591069179000101, 24.964613728000074 ], [ 121.591972598000098, 24.963939407000055 ], [ 121.593395883000085, 24.964210528000024 ], [ 121.594878803000029, 24.961531156000035 ], [ 121.597246906, 24.960500194000076 ], [ 121.598433660000069, 24.96125745300003 ], [ 121.601561410000045, 24.960965701000077 ], [ 121.605060574000049, 24.962951414000031 ], [ 121.608170295000036, 24.963040204000038 ], [ 121.609230808, 24.964015845000063 ], [ 121.610584182000025, 24.959411706000026 ], [ 121.610168695000084, 24.956663491000029 ], [ 121.607705712000097, 24.956344261000027 ], [ 121.608493921000104, 24.95216017100006 ], [ 121.606480650000094, 24.949802284000043 ], [ 121.607058972000118, 24.947205197000073 ], [ 121.606641919000026, 24.946353780000038 ], [ 121.605865547, 24.946244317000037 ], [ 121.604462749000049, 24.947030898000037 ], [ 121.601300174000016, 24.947094107000055 ], [ 121.600179477000097, 24.945140851000076 ], [ 121.59793159600008, 24.944585509000035 ], [ 121.598039688000085, 24.943039353000074 ], [ 121.599428282000076, 24.941292715000031 ], [ 121.59987882300004, 24.939135358000044 ], [ 121.597753705000059, 24.937575770000024 ], [ 121.596876210000119, 24.935899784000071 ], [ 121.596405007000044, 24.934790538000073 ], [ 121.596483050000074, 24.932805942000073 ], [ 121.5941434880001, 24.927351901000065 ], [ 121.595607208000047, 24.923858763000055 ], [ 121.595728666000014, 24.919870818000049 ], [ 121.596807414000068, 24.91739096200007 ], [ 121.596988257000021, 24.912125777000028 ], [ 121.598525963000043, 24.910428263000028 ], [ 121.596824537000089, 24.910188104000042 ], [ 121.595378975000017, 24.910955002000037 ], [ 121.594201956, 24.913097101000062 ], [ 121.592713860000117, 24.914102058000026 ], [ 121.589376361000063, 24.914474682000048 ], [ 121.584501693000107, 24.911412902000052 ], [ 121.578950975000112, 24.908957592000036 ], [ 121.573334620000082, 24.909017979000055 ], [ 121.571775057000082, 24.908640854000055 ], [ 121.570270748000098, 24.906409322000059 ], [ 121.566342448000114, 24.903567550000048 ], [ 121.568027653000058, 24.90324994100007 ], [ 121.569181587000116, 24.90164479200007 ], [ 121.5716621790001, 24.900176346000023 ], [ 121.576220013000011, 24.898728636000044 ], [ 121.578645078000022, 24.896290670000042 ], [ 121.578823853000017, 24.894862588000024 ], [ 121.578046944000107, 24.892939254000055 ], [ 121.578243078000014, 24.890819417000046 ], [ 121.577462672000024, 24.888697642000068 ], [ 121.576635541000087, 24.887778076000075 ], [ 121.576379588, 24.886004261000039 ], [ 121.576969935000079, 24.884071861000052 ], [ 121.577918852000039, 24.883220625000035 ], [ 121.576948794000032, 24.881833546000053 ], [ 121.577956062000112, 24.879352591000043 ], [ 121.576747735000026, 24.877865081000039 ], [ 121.575775593000117, 24.875082245000044 ], [ 121.573383864000107, 24.874786848000042 ], [ 121.571355655000048, 24.876887710000062 ], [ 121.570031468000025, 24.876566980000064 ], [ 121.568457134000028, 24.87756188700007 ], [ 121.566491677000045, 24.876939929000059 ], [ 121.5645617240001, 24.877133793000041 ], [ 121.564353353000115, 24.878427698000053 ], [ 121.564819960000023, 24.880372731000023 ], [ 121.564252329000055, 24.882080730000041 ], [ 121.564582458000018, 24.883892498000023 ], [ 121.564149193000048, 24.886794290000068 ], [ 121.559091799000043, 24.890602444000024 ], [ 121.557027529000038, 24.890708258000075 ], [ 121.554995967000082, 24.891632859000026 ], [ 121.551118538000082, 24.891254052000079 ], [ 121.549819673000115, 24.890609777000066 ], [ 121.547903161000022, 24.888630988000045 ], [ 121.546727012000019, 24.888320983000028 ], [ 121.543732920000025, 24.890307370000073 ], [ 121.540614652000045, 24.893488461000061 ] ] ] } },
{ "type": "Feature", "properties": { "county": "新北市", "town": "新莊區", "lab_lon": 121.43899, "lab_lat": 25.03202 }, "geometry": { "type": "Polygon", "coordinates": [ [ [ 121.427105231000041, 25.010316721000038 ], [ 121.426152407000018, 25.01171062800006 ], [ 121.425249049000058, 25.012160644000062 ], [ 121.425387157000046, 25.012651882000057 ], [ 121.424773912000092, 25.01281663900005 ], [ 121.424897040000019, 25.013355441000044 ], [ 121.424365169000112, 25.013219814000024 ], [ 121.424001017000023, 25.015037644000074 ], [ 121.423483332000046, 25.014896803000056 ], [ 121.423833971000022, 25.016812063000032 ], [ 121.422171399000035, 25.017187021000041 ], [ 121.420213309000019, 25.018865435000066 ], [ 121.417983196000023, 25.019438554000033 ], [ 121.417621417000078, 25.020016602000055 ], [ 121.416831048000063, 25.019326443000068 ], [ 121.414572656000018, 25.019518328000061 ], [ 121.413877453000055, 25.018941604000076 ], [ 121.412485842000024, 25.020321490000072 ], [ 121.412110350000034, 25.019452129000058 ], [ 121.411155566000048, 25.019338846000039 ], [ 121.410614007000049, 25.021048660000076 ], [ 121.408682825000028, 25.020861638000042 ], [ 121.404434421000019, 25.023903114000063 ], [ 121.403771776000099, 25.02527518100004 ], [ 121.401333752000028, 25.026379641000062 ], [ 121.401056232000087, 25.027002890000063 ], [ 121.401487528000075, 25.028223780000076 ], [ 121.40071285700003, 25.029169618000026 ], [ 121.398269947000017, 25.030096256000036 ], [ 121.398526613000058, 25.030721435000032 ], [ 121.397971186000063, 25.031217554000023 ], [ 121.398786286000018, 25.031434929000056 ], [ 121.398240247000103, 25.032495499000049 ], [ 121.398624616, 25.034811203000061 ], [ 121.400394188000064, 25.034229818000028 ], [ 121.401206819000095, 25.034451775000036 ], [ 121.400004652, 25.03488002000006 ], [ 121.399590923000119, 25.035943372000077 ], [ 121.401124956000103, 25.036289078000038 ], [ 121.400793444000101, 25.036951631000079 ], [ 121.401262651000025, 25.037498853000045 ], [ 121.400749771000051, 25.037945469000078 ], [ 121.399591903000101, 25.037499204000028 ], [ 121.398971791, 25.038611808000041 ], [ 121.397583864000012, 25.038491388000068 ], [ 121.397139450000054, 25.039249720000043 ], [ 121.394378282000048, 25.040088432000061 ], [ 121.394356736000077, 25.041222149000077 ], [ 121.393584216000022, 25.041433679000079 ], [ 121.3935532590001, 25.04199718700005 ], [ 121.391192916000023, 25.041484558000036 ], [ 121.39069298000004, 25.042006799000035 ], [ 121.393871671000056, 25.043779758000028 ], [ 121.396170556000015, 25.043644384000061 ], [ 121.396759739000117, 25.043087269000068 ], [ 121.397664035000048, 25.043700039000043 ], [ 121.400154006000093, 25.043027838000057 ], [ 121.400703451000027, 25.043268308000052 ], [ 121.398297557000092, 25.044106484000054 ], [ 121.403046398000015, 25.045489415000077 ], [ 121.408235243000036, 25.044617005000077 ], [ 121.410494544000017, 25.042608164000058 ], [ 121.409536303000095, 25.040822724000066 ], [ 121.410764348000043, 25.041618045000064 ], [ 121.410678336000046, 25.040753291000044 ], [ 121.411596422000116, 25.04093395600006 ], [ 121.412015089000079, 25.040362099000049 ], [ 121.411276479000094, 25.039750200000071 ], [ 121.411468268000021, 25.03942530300003 ], [ 121.4132413640001, 25.038839792000033 ], [ 121.412684238000111, 25.035171986000023 ], [ 121.41481844000009, 25.034443108000062 ], [ 121.415560219000099, 25.034996378000073 ], [ 121.416764905000036, 25.034769843000049 ], [ 121.418167915000026, 25.033576424000046 ], [ 121.416557585000078, 25.030202286000076 ], [ 121.418200363000096, 25.030297750000045 ], [ 121.421296667000092, 25.028754649000064 ], [ 121.422030355000061, 25.030367711000054 ], [ 121.423396289000038, 25.029295086000047 ], [ 121.426164698000093, 25.030159427000058 ], [ 121.424087571000086, 25.031834857000035 ], [ 121.425824643000055, 25.033057934000055 ], [ 121.432728913, 25.041148913000029 ], [ 121.436687349000067, 25.038876426000058 ], [ 121.437356316000091, 25.04322331700007 ], [ 121.44052995900006, 25.041429630000039 ], [ 121.441892180000082, 25.04152175400003 ], [ 121.4418029630001, 25.044980336000037 ], [ 121.439876724000101, 25.047039029000075 ], [ 121.442023514000084, 25.047730030000025 ], [ 121.440674829000045, 25.050568019000025 ], [ 121.441134295000097, 25.05075795700003 ], [ 121.440510746000086, 25.052134357000057 ], [ 121.439452381000024, 25.052327809000076 ], [ 121.439582594000058, 25.053649849000067 ], [ 121.43868326300003, 25.055603753000071 ], [ 121.439519849000021, 25.056810977000055 ], [ 121.444010142000025, 25.058288190000042 ], [ 121.444418808000023, 25.058645085000023 ], [ 121.444353346000071, 25.059743621000052 ], [ 121.445263941, 25.058892595000032 ], [ 121.44604593400004, 25.059657796000067 ], [ 121.44683313400003, 25.059212366000054 ], [ 121.447097740000117, 25.060618193000039 ], [ 121.448084949000076, 25.060527608000029 ], [ 121.447715278000032, 25.062596104000079 ], [ 121.449851009000099, 25.060954468000034 ], [ 121.450640151000016, 25.060885493000058 ], [ 121.451124598000092, 25.061651655000048 ], [ 121.451820267000016, 25.061814212000058 ], [ 121.451944319000063, 25.062435319000031 ], [ 121.453531118000114, 25.063014040000041 ], [ 121.453518545000065, 25.065325332000043 ], [ 121.460144914000011, 25.068327158000045 ], [ 121.46223033800004, 25.068806863000077 ], [ 121.464573636000068, 25.067717352000045 ], [ 121.465549112000076, 25.065528435000033 ], [ 121.465136252000093, 25.063829360000057 ], [ 121.465356608000093, 25.062469952000072 ], [ 121.467358727000033, 25.058763322000061 ], [ 121.467381387000046, 25.056091244000072 ], [ 121.468687436000096, 25.053187409000031 ], [ 121.467818034000061, 25.051159694000035 ], [ 121.4671712170001, 25.047061122000059 ], [ 121.465729577000047, 25.043768764000049 ], [ 121.466303618000097, 25.041294137000023 ], [ 121.466267083000048, 25.038522153000031 ], [ 121.461605128000087, 25.036740120000047 ], [ 121.455321369000103, 25.033164585000065 ], [ 121.451680197000087, 25.030443331000072 ], [ 121.448821487000032, 25.027425151000045 ], [ 121.437656468000114, 25.010652648000075 ], [ 121.436833019000119, 25.007063954000046 ], [ 121.436990415000082, 25.003137480000078 ], [ 121.436337828000092, 25.000108627000031 ], [ 121.433460220000029, 25.000183721000042 ], [ 121.431632955000055, 24.999171657000034 ], [ 121.430786765000107, 24.998031609000066 ], [ 121.430931171000111, 24.99625327900003 ], [ 121.430086992000042, 24.995217548000028 ], [ 121.429899563000049, 24.99597237100005 ], [ 121.431044571000029, 25.001121223000041 ], [ 121.432024536000085, 25.00357217800007 ], [ 121.430060839000021, 25.005500027000039 ], [ 121.429159533000075, 25.008282158000043 ], [ 121.428070910000088, 25.008796231000076 ], [ 121.42689266900004, 25.008250869000051 ], [ 121.426330765000102, 25.009880156000065 ], [ 121.426722859000051, 25.009863521000057 ], [ 121.426548419000028, 25.010362306000047 ], [ 121.427105231000041, 25.010316721000038 ] ] ] } },
{ "type": "Feature", "properties": { "county": "新北市", "town": "板橋區", "lab_lon": 121.45324, "lab_lat": 25.00593 }, "geometry": { "type": "Polygon", "coordinates": [ [ [ 121.438320793000116, 24.986373602000072 ], [ 121.436896518000026, 24.983125231000031 ], [ 121.435131273000025, 24.98165289800005 ], [ 121.434693321000054, 24.980339441000069 ], [ 121.434957833000112, 24.978661785000043 ], [ 121.433817633000103, 24.975538908000033 ], [ 121.428813323000099, 24.972081337000077 ], [ 121.426877760000025, 24.972725589000049 ], [ 121.426774845000068, 24.976961290000077 ], [ 121.425967943000046, 24.979952320000052 ], [ 121.426726628000097, 24.981448439000076 ], [ 121.426576945000079, 24.984056662000057 ], [ 121.42443937500002, 24.987119356000051 ], [ 121.42457430200011, 24.988420725000026 ], [ 121.425630129000069, 24.990023442000052 ], [ 121.427938208000114, 24.991830800000059 ], [ 121.427534856000079, 24.992080935000047 ], [ 121.428176584000084, 24.99293401400007 ], [ 121.428739477000022, 24.992534222000074 ], [ 121.428876527000057, 24.993657518000077 ], [ 121.430931171000111, 24.99625327900003 ], [ 121.430687218000116, 24.997607194000068 ], [ 121.431522902000097, 24.999073244000044 ], [ 121.433460220000029, 25.000183721000042 ], [ 121.436337828000092, 25.000108627000031 ], [ 121.436990415000082, 25.003137480000078 ], [ 121.436833019000119, 25.007063954000046 ], [ 121.437656468000114, 25.010652648000075 ], [ 121.448821487000032, 25.027425151000045 ], [ 121.451680197000087, 25.030443331000072 ], [ 121.455072320000113, 25.033005684000045 ], [ 121.461605128000087, 25.036740120000047 ], [ 121.465596553000069, 25.038321006000047 ], [ 121.46980579500007, 25.039254006000078 ], [ 121.478395311000099, 25.039834421000023 ], [ 121.485233324000092, 25.039225099000078 ], [ 121.483983013000056, 25.037356577000025 ], [ 121.483641845000079, 25.035299246000022 ], [ 121.484939365000059, 25.031475266000029 ], [ 121.487484728000027, 25.027214697000034 ], [ 121.488803045000054, 25.023346729000025 ], [ 121.488388427000018, 25.020479582000064 ], [ 121.488695057000086, 25.01576041900006 ], [ 121.482003681000037, 25.015700802000026 ], [ 121.482552714, 25.014531269000031 ], [ 121.481669554000064, 25.012609010000062 ], [ 121.482208154000091, 25.012183548000053 ], [ 121.482054266000091, 25.011241249000022 ], [ 121.480842212000084, 25.011623760000077 ], [ 121.476337759000103, 25.011258502000032 ], [ 121.471952959000077, 25.00699022200007 ], [ 121.469745172000103, 25.005978633000041 ], [ 121.467933763000019, 25.004426714000033 ], [ 121.468414744000029, 25.003315103000034 ], [ 121.465863896000087, 25.002072615000031 ], [ 121.466541267000025, 25.000429194000048 ], [ 121.465637513000047, 24.99778636700006 ], [ 121.464214341000115, 24.995617994000042 ], [ 121.466253752000057, 24.992972634000068 ], [ 121.466900325000097, 24.993225389000031 ], [ 121.46719564700004, 24.992898338000032 ], [ 121.467074767000099, 24.991923507000024 ], [ 121.466198690000056, 24.991095305000044 ], [ 121.466624058000093, 24.990766664000034 ], [ 121.466091704000064, 24.990343413000062 ], [ 121.463313557000106, 24.989070765000065 ], [ 121.461075586000106, 24.989142143000038 ], [ 121.460273272000109, 24.99041922300006 ], [ 121.459275782000077, 24.990998808000029 ], [ 121.457095185000071, 24.991385434000051 ], [ 121.456242519000057, 24.994319445000031 ], [ 121.456277315000079, 24.996343528000068 ], [ 121.454934238000078, 24.99578481900005 ], [ 121.454334662000065, 24.993947707000075 ], [ 121.453702485, 24.993504052000048 ], [ 121.453064956000048, 24.991000559000042 ], [ 121.449658609000039, 24.993079913000031 ], [ 121.444236769000099, 24.991044740000063 ], [ 121.442712803000063, 24.992916098000023 ], [ 121.442016706000118, 24.992203615000051 ], [ 121.440996197000118, 24.992161483000075 ], [ 121.440859035000017, 24.99258618500005 ], [ 121.440090283000018, 24.988173912000036 ], [ 121.438320793000116, 24.986373602000072 ] ] ] } },
{ "type": "Feature", "properties": { "county": "新北市", "town": "林口區", "lab_lon": 121.34654, "lab_lat": 25.10136 }, "geometry": { "type": "Polygon", "coordinates": [ [ [ 121.376144105000094, 25.066115836000051 ], [ 121.36116246600011, 25.064897237000025 ], [ 121.354887692000034, 25.065147765000063 ], [ 121.355092728000045, 25.067078968000033 ], [ 121.353823723000119, 25.067818628000055 ], [ 121.353773732000036, 25.068583236000052 ], [ 121.352298707000045, 25.068793180000057 ], [ 121.352136758000029, 25.067923603000054 ], [ 121.349695323000105, 25.069652747000077 ], [ 121.346476493000068, 25.070268483000063 ], [ 121.348244909000073, 25.071057482000072 ], [ 121.348940082000013, 25.072414426000023 ], [ 121.349085464000041, 25.071562290000031 ], [ 121.349852632000079, 25.071301709000068 ], [ 121.350512572000071, 25.07199416900005 ], [ 121.350521993000029, 25.072818286000029 ], [ 121.351721995000048, 25.073565013000064 ], [ 121.353460907000112, 25.073292347000063 ], [ 121.351761338000074, 25.074458640000046 ], [ 121.349897305000013, 25.073537979000037 ], [ 121.350423171000102, 25.07536807300005 ], [ 121.349869879000039, 25.076658775000055 ], [ 121.348948371, 25.074493526000026 ], [ 121.348034854000048, 25.073819357000048 ], [ 121.341853919000073, 25.072670854000023 ], [ 121.342680747000031, 25.073202943000069 ], [ 121.342543904000081, 25.07355450600005 ], [ 121.34074522800006, 25.073645593000037 ], [ 121.340459589000034, 25.076357061000067 ], [ 121.341171718000055, 25.075705873000061 ], [ 121.341572570000039, 25.076622562000068 ], [ 121.342809102000047, 25.075303406000046 ], [ 121.344606015000068, 25.075029932000064 ], [ 121.346231801000044, 25.075641258000076 ], [ 121.34447462300011, 25.076059419000046 ], [ 121.343966446000081, 25.077398386000027 ], [ 121.344220502000098, 25.077843159000054 ], [ 121.346354543000075, 25.076784055000076 ], [ 121.346528254000077, 25.077152840000053 ], [ 121.34546212500004, 25.077457587000026 ], [ 121.345246073000112, 25.078544141000066 ], [ 121.346676025000079, 25.078341603000069 ], [ 121.347982377000108, 25.078798104000043 ], [ 121.347671747000049, 25.079268409000065 ], [ 121.346501152000087, 25.079533811000033 ], [ 121.346052685000018, 25.079168648000064 ], [ 121.342471074000059, 25.080092950000051 ], [ 121.348940726000023, 25.081214666000051 ], [ 121.349427773000116, 25.080748429000039 ], [ 121.350261432000025, 25.081237668000028 ], [ 121.349265090000017, 25.082392582000068 ], [ 121.348152356000014, 25.08235998400005 ], [ 121.346401871000012, 25.083622313000035 ], [ 121.344184898000094, 25.083636220000074 ], [ 121.343597815000066, 25.084215622000045 ], [ 121.34316311300006, 25.083868836000079 ], [ 121.338297501000056, 25.083742380000047 ], [ 121.336378446000026, 25.085201191000067 ], [ 121.330126347000032, 25.088254845000051 ], [ 121.32805294800005, 25.090984 ], [ 121.325022532000048, 25.092548941000075 ], [ 121.318239363000089, 25.09300825300005 ], [ 121.317113711000047, 25.093964229000051 ], [ 121.310516721000113, 25.096545270000036 ], [ 121.309361648000049, 25.096216518000062 ], [ 121.305493120000051, 25.096764971000027 ], [ 121.304473370000096, 25.096363203000067 ], [ 121.302785586000027, 25.096790455000075 ], [ 121.301392521000025, 25.098478087000046 ], [ 121.301223365000055, 25.101673936000054 ], [ 121.300105035000115, 25.102194477000069 ], [ 121.299844058000076, 25.10350242800007 ], [ 121.298305576000075, 25.104492232000041 ], [ 121.295501996000098, 25.103017284000032 ], [ 121.291620303000059, 25.102638550000052 ], [ 121.29024640800003, 25.106859427000074 ], [ 121.287145426000052, 25.106816461000051 ], [ 121.285203556000056, 25.108595978000039 ], [ 121.282751673, 25.109633278000047 ], [ 121.283905634, 25.112444406000066 ], [ 121.28338726100003, 25.11780901000003 ], [ 121.287670604000027, 25.117898765000064 ], [ 121.292598370000064, 25.119098131000044 ], [ 121.294910977000086, 25.120820317000039 ], [ 121.29470479400004, 25.122117075000062 ], [ 121.295445603000076, 25.12205016200005 ], [ 121.296179410000036, 25.122833564000075 ], [ 121.296846716000118, 25.122643279000044 ], [ 121.296467042000017, 25.12310388800006 ], [ 121.296712828000068, 25.126168450000023 ], [ 121.297872942000026, 25.125608328000055 ], [ 121.298771868000017, 25.124195449000069 ], [ 121.300632022000059, 25.125212186000056 ], [ 121.304151630000092, 25.124159015000032 ], [ 121.304389557000036, 25.125771454000073 ], [ 121.304944563000049, 25.126108315000067 ], [ 121.309647826000059, 25.125856623000061 ], [ 121.310229470000081, 25.123744810000062 ], [ 121.313463074000083, 25.123454916000071 ], [ 121.317641735000052, 25.124121560000049 ], [ 121.320140452000032, 25.123418817000072 ], [ 121.323547364000092, 25.124258043000054 ], [ 121.326860761000034, 25.124223467000036 ], [ 121.330676697000058, 25.125476332000062 ], [ 121.335529492000092, 25.126085853000063 ], [ 121.338624595000056, 25.126964648000069 ], [ 121.341713148000053, 25.128707481000049 ], [ 121.345033661000116, 25.128422675000024 ], [ 121.346890512000073, 25.129879831000039 ], [ 121.352595822000012, 25.131179416000066 ], [ 121.356069905000027, 25.133441847000029 ], [ 121.359937480000099, 25.134747010000069 ], [ 121.363990786000045, 25.137177547000078 ], [ 121.36526726000011, 25.14016779800005 ], [ 121.365794207000022, 25.13970037100006 ], [ 121.36713227000007, 25.133885960000043 ], [ 121.368829697000024, 25.132193234000056 ], [ 121.370257968000033, 25.129142216000048 ], [ 121.372608830000104, 25.125807064000071 ], [ 121.374319829000115, 25.124552519000076 ], [ 121.374808840000014, 25.122202289000029 ], [ 121.375934293000114, 25.121404424000048 ], [ 121.377093140000056, 25.121416493000027 ], [ 121.376893528000096, 25.119839041000034 ], [ 121.379592932000037, 25.117713964000075 ], [ 121.380142248000084, 25.11669777000003 ], [ 121.381379586000094, 25.116520268000045 ], [ 121.383322086000021, 25.114740643000061 ], [ 121.385884804000057, 25.114916986000026 ], [ 121.385435011000027, 25.112602741000046 ], [ 121.386510018000081, 25.111393513000053 ], [ 121.385197363000088, 25.109478927000055 ], [ 121.387101504000043, 25.109114961000046 ], [ 121.387990108000054, 25.107091970000056 ], [ 121.389415986000017, 25.106440878000058 ], [ 121.389815049000049, 25.104487942000048 ], [ 121.391756829000087, 25.101281684000071 ], [ 121.391726823000113, 25.100656914000069 ], [ 121.392346118000091, 25.100279667000052 ], [ 121.392416446000084, 25.101246558000071 ], [ 121.393469864000053, 25.100543988000027 ], [ 121.392678430000046, 25.103632898000058 ], [ 121.392964167000059, 25.104769307000026 ], [ 121.393044028000077, 25.103332417000047 ], [ 121.394050365000112, 25.102878468000029 ], [ 121.393500744000107, 25.102147178000052 ], [ 121.3953465190001, 25.100246790000028 ], [ 121.395720565000033, 25.098228125000048 ], [ 121.394968614000049, 25.097606750000068 ], [ 121.396109357000114, 25.096475896000072 ], [ 121.395521455000107, 25.095914419000053 ], [ 121.397018197000079, 25.095562881000035 ], [ 121.396433724000076, 25.095072910000056 ], [ 121.396792530000084, 25.094449440000062 ], [ 121.396309627000051, 25.09350683100007 ], [ 121.396933183000101, 25.093054980000034 ], [ 121.396710662000032, 25.090818007000053 ], [ 121.396041830000058, 25.090463106000072 ], [ 121.396237192000058, 25.087130824000042 ], [ 121.395605906000014, 25.086294999000074 ], [ 121.39461621800001, 25.086127271000066 ], [ 121.394066227000053, 25.087501049000025 ], [ 121.39455913300003, 25.088117630000056 ], [ 121.392850998000085, 25.089012561000061 ], [ 121.392799765000063, 25.08748186300005 ], [ 121.39107647000003, 25.087475615000074 ], [ 121.390739616000019, 25.088299120000045 ], [ 121.389984967000032, 25.088122143000078 ], [ 121.390222189000042, 25.08687399400003 ], [ 121.392716103000112, 25.086382782000044 ], [ 121.392826644000024, 25.084501233000026 ], [ 121.39359545800005, 25.084062419000077 ], [ 121.392414908000092, 25.081346253000049 ], [ 121.392779910000058, 25.079968756000028 ], [ 121.393725724000092, 25.08008998300005 ], [ 121.395533521000061, 25.083849056000076 ], [ 121.395983017000049, 25.083589235000034 ], [ 121.395723216000079, 25.082887887000027 ], [ 121.396211666000113, 25.081973987000026 ], [ 121.398851186000115, 25.08106212000007 ], [ 121.398596910000037, 25.082005658000071 ], [ 121.397234865000087, 25.082940121000036 ], [ 121.397302782000111, 25.08447893500005 ], [ 121.398644509000064, 25.084068304000027 ], [ 121.398582067, 25.084814928000071 ], [ 121.399276454000073, 25.085706435000077 ], [ 121.399917613000071, 25.085402561000024 ], [ 121.399409068000068, 25.086488762000045 ], [ 121.399693154000033, 25.087757259000057 ], [ 121.402036672, 25.087492370000064 ], [ 121.402223163000031, 25.088380953000069 ], [ 121.402913929000078, 25.08852128500007 ], [ 121.402429994000045, 25.089150951000079 ], [ 121.401364959000034, 25.089000087000045 ], [ 121.400349772000027, 25.089592247000041 ], [ 121.400765945000103, 25.091776097000036 ], [ 121.401946075000069, 25.091930105000074 ], [ 121.40296946400008, 25.092961215000059 ], [ 121.402950422000117, 25.094864357000063 ], [ 121.403991897000083, 25.095329346000028 ], [ 121.401778665000052, 25.097944876000042 ], [ 121.402514153000084, 25.098972365000066 ], [ 121.400797879000038, 25.101686314000062 ], [ 121.4018926440001, 25.101083535000043 ], [ 121.401622879000115, 25.103277229000071 ], [ 121.402526486000056, 25.103577641000072 ], [ 121.402172657000051, 25.104659172000027 ], [ 121.400238505000061, 25.10632170100007 ], [ 121.401992079000024, 25.106166331000054 ], [ 121.401841441000101, 25.107587715000022 ], [ 121.402948179000077, 25.107108591000042 ], [ 121.4035194060001, 25.10598049400005 ], [ 121.404035024000109, 25.100988557000051 ], [ 121.404674756000077, 25.100786990000074 ], [ 121.404755615000113, 25.101384523000036 ], [ 121.406532638000044, 25.102655743000071 ], [ 121.406589482000072, 25.101689739000051 ], [ 121.407402841000021, 25.101089479000052 ], [ 121.406880247000117, 25.100251912000033 ], [ 121.407113128000105, 25.09976806800006 ], [ 121.407561144000056, 25.099777723000045 ], [ 121.408242188000031, 25.098701623000068 ], [ 121.409109581000052, 25.099524772000052 ], [ 121.410212496000099, 25.095492830000069 ], [ 121.410899765000067, 25.095131693000042 ], [ 121.411695788000088, 25.096166646000029 ], [ 121.412633586000084, 25.096342525000068 ], [ 121.411849176000032, 25.092970643000058 ], [ 121.412189928000089, 25.091901709000069 ], [ 121.409098197000048, 25.095099991000041 ], [ 121.406930407000118, 25.096123429000045 ], [ 121.409453611000117, 25.093403648000049 ], [ 121.408670942000072, 25.091999197000064 ], [ 121.409853166000062, 25.092309765000039 ], [ 121.410706561000097, 25.090038357000026 ], [ 121.407997651000073, 25.08832813500004 ], [ 121.408494703000088, 25.087691290000066 ], [ 121.408240205000084, 25.086816497000029 ], [ 121.409220433000087, 25.085978 ], [ 121.409013507000054, 25.084416974000078 ], [ 121.410846089000074, 25.082356755000035 ], [ 121.412409715000081, 25.08209826600006 ], [ 121.41293173400004, 25.080528958000059 ], [ 121.415019891000043, 25.082513609000046 ], [ 121.414284534000103, 25.08079450200006 ], [ 121.414797258000021, 25.079621824000071 ], [ 121.4144838630001, 25.078850676000059 ], [ 121.413419997, 25.079211011000041 ], [ 121.412448511000093, 25.080753390000041 ], [ 121.409538092000048, 25.082570727000075 ], [ 121.409098967000091, 25.082516834000046 ], [ 121.409371383, 25.081422663000069 ], [ 121.408654523000109, 25.08047162400004 ], [ 121.406607784000016, 25.082664352000052 ], [ 121.403712125000084, 25.084109669000043 ], [ 121.403411596000069, 25.084791608000046 ], [ 121.404331448000107, 25.084815167000045 ], [ 121.403914636000081, 25.085189721000063 ], [ 121.401732779000099, 25.084520992000023 ], [ 121.402694916000087, 25.083982736000053 ], [ 121.402270611000063, 25.082967496000037 ], [ 121.403286091000041, 25.081637054000055 ], [ 121.403118380000024, 25.080412359000036 ], [ 121.405230961000029, 25.080213608000065 ], [ 121.404662390000112, 25.079763122000031 ], [ 121.405152887000099, 25.079359694000061 ], [ 121.403712742000039, 25.078287083000077 ], [ 121.403495393000071, 25.07703368600005 ], [ 121.402061034000099, 25.07639401800003 ], [ 121.403960278000113, 25.076214735000065 ], [ 121.40510595, 25.077196183000069 ], [ 121.405682704000014, 25.076390037000067 ], [ 121.407905528000015, 25.076991089000046 ], [ 121.408284965, 25.075845534000052 ], [ 121.40651605000005, 25.075950313000078 ], [ 121.404785441000058, 25.075126923000028 ], [ 121.402290562000076, 25.07497554400004 ], [ 121.398150853000061, 25.07654526400006 ], [ 121.39951489200007, 25.073923830000069 ], [ 121.398981955000068, 25.072847078000052 ], [ 121.399409380000066, 25.071009594000031 ], [ 121.399190542000042, 25.069059764000031 ], [ 121.398398410000027, 25.068220311000061 ], [ 121.399131815000032, 25.068060909000053 ], [ 121.401284020000048, 25.070160178000037 ], [ 121.401968590000024, 25.069907268000065 ], [ 121.401438490000032, 25.072097648000067 ], [ 121.403992513000048, 25.070123632000048 ], [ 121.405886760000044, 25.070213997000053 ], [ 121.406076665000114, 25.06871252600007 ], [ 121.404843828000025, 25.068023297000025 ], [ 121.402970743000083, 25.068071538000027 ], [ 121.40264176200003, 25.067389005000052 ], [ 121.403340448000108, 25.065925100000072 ], [ 121.404079963000072, 25.065920382000058 ], [ 121.40565494000009, 25.064636868000036 ], [ 121.405259327000067, 25.06309742600007 ], [ 121.403616937000038, 25.062557497000057 ], [ 121.403570303000038, 25.064349506000042 ], [ 121.402867920000062, 25.063557736000064 ], [ 121.400255365000021, 25.063061039000047 ], [ 121.400659369000095, 25.064557439000055 ], [ 121.400173650000056, 25.064709839000045 ], [ 121.400018427000077, 25.065424749000044 ], [ 121.397336698000117, 25.065666259000068 ], [ 121.394731732000082, 25.066787980000072 ], [ 121.396034023000084, 25.067208869000069 ], [ 121.396648607000088, 25.067958891000046 ], [ 121.395493708000117, 25.068655617000047 ], [ 121.396963277000054, 25.070682478000037 ], [ 121.397078697000097, 25.072508753000022 ], [ 121.396198736000088, 25.073197562000075 ], [ 121.391925439000033, 25.07028904200007 ], [ 121.392234465000115, 25.069724914000062 ], [ 121.391732479000098, 25.069360559000074 ], [ 121.389808989000016, 25.069395553000049 ], [ 121.389898276000054, 25.068079995000062 ], [ 121.389332874000047, 25.067911903000038 ], [ 121.388271437000071, 25.068002206000074 ], [ 121.38878769400003, 25.068993590000048 ], [ 121.388346254000112, 25.069884701000035 ], [ 121.38763323, 25.069989961000033 ], [ 121.387099545000069, 25.071563163000064 ], [ 121.386975416000041, 25.072203665000075 ], [ 121.388136924000037, 25.072386226000049 ], [ 121.387839691000067, 25.072764735000078 ], [ 121.386640792000094, 25.072993217000032 ], [ 121.385970900000075, 25.072543288000077 ], [ 121.385458635000077, 25.069933132000074 ], [ 121.384191565000037, 25.071558820000064 ], [ 121.378758308000101, 25.071967028000074 ], [ 121.377262071000018, 25.072794496000029 ], [ 121.377125603000081, 25.072182593000036 ], [ 121.378925393000031, 25.070939450000026 ], [ 121.378905501000077, 25.070167433000051 ], [ 121.379675900000052, 25.070835030000069 ], [ 121.382458580000048, 25.070006 ], [ 121.382929755000077, 25.069166422000023 ], [ 121.382287322000025, 25.06857020800004 ], [ 121.382918851000113, 25.06796388500004 ], [ 121.382663003000062, 25.066024833000029 ], [ 121.379894999000044, 25.066083569000057 ], [ 121.380137034000086, 25.065144976000056 ], [ 121.376144105000094, 25.066115836000051 ] ] ] } },
{ "type": "Feature", "properties": { "county": "新北市", "town": "樹林區", "lab_lon": 121.40183, "lab_lat": 24.98143 }, "geometry": { "type": "Polygon", "coordinates": [ [ [ 121.400163495000015, 24.944161584000028 ], [ 121.397255020000102, 24.942521580000061 ], [ 121.395853209000052, 24.944552032000047 ], [ 121.396756517000085, 24.945633340000029 ], [ 121.396114716000056, 24.946344073000034 ], [ 121.394843602000037, 24.946346585000072 ], [ 121.393103236000115, 24.94500329300007 ], [ 121.390383337000117, 24.945215898000072 ], [ 121.385203069000113, 24.943782223000028 ], [ 121.381514015000107, 24.944131949000052 ], [ 121.379227258000014, 24.943410118000031 ], [ 121.37607403700008, 24.949694032000025 ], [ 121.370188757000051, 24.946641759000045 ], [ 121.365393558000051, 24.94732596700004 ], [ 121.364270494000039, 24.946081452000044 ], [ 121.362285839000037, 24.945030879000058 ], [ 121.361407151000094, 24.945542733000025 ], [ 121.361746509000113, 24.946734842000069 ], [ 121.363247957000112, 24.947530504000042 ], [ 121.365680773, 24.951313263000031 ], [ 121.366154755000025, 24.954762635000066 ], [ 121.372204490000058, 24.956615431000046 ], [ 121.373970630000031, 24.958151858000065 ], [ 121.378631001000031, 24.960846829000047 ], [ 121.379683065000108, 24.96251974200004 ], [ 121.382277847000069, 24.964817614000026 ], [ 121.381178362000014, 24.96550071200005 ], [ 121.377776842000117, 24.965631458000075 ], [ 121.375400048000074, 24.968357102000027 ], [ 121.374740468000027, 24.970409399000062 ], [ 121.370123499000101, 24.972914109000044 ], [ 121.368566652000027, 24.975526524000031 ], [ 121.368536933000087, 24.97635602400004 ], [ 121.371118268000032, 24.978162045000033 ], [ 121.372404030000098, 24.979939486000035 ], [ 121.376600360000111, 24.981185056000072 ], [ 121.379330885000059, 24.983567138000069 ], [ 121.380954358000054, 24.984288811000056 ], [ 121.382351075000088, 24.983972931000039 ], [ 121.385460068000043, 24.986044494000055 ], [ 121.385481261000109, 24.986682170000051 ], [ 121.383411383000066, 24.988606830000037 ], [ 121.384323142000085, 24.991684073000044 ], [ 121.383590515000037, 24.99351088700007 ], [ 121.384184735000076, 24.995714584000041 ], [ 121.388036069, 24.996395892000066 ], [ 121.389976495000042, 24.994588276000059 ], [ 121.390495835000024, 24.99331569800006 ], [ 121.394023750000088, 24.993423761000031 ], [ 121.396474414000068, 24.995549467000046 ], [ 121.396842587000037, 24.997301536000066 ], [ 121.398701349000021, 24.998354795000068 ], [ 121.39998321600001, 24.998291977000065 ], [ 121.401589520000016, 24.999165428000026 ], [ 121.402781612000013, 24.99890257800007 ], [ 121.403237022000098, 24.999327935000053 ], [ 121.403266640000083, 25.000249117000067 ], [ 121.401874453000119, 25.001238257000068 ], [ 121.402043402000118, 25.002531729000054 ], [ 121.400187387000074, 25.004314735000037 ], [ 121.400384711000015, 25.005470703000071 ], [ 121.399686775000077, 25.005948054000044 ], [ 121.399518016000115, 25.00697040600005 ], [ 121.393654193000089, 25.009807106000039 ], [ 121.391186986000093, 25.012027714000055 ], [ 121.392103200000065, 25.012543615000027 ], [ 121.392657585000052, 25.013855015000047 ], [ 121.392429410000091, 25.015404803000024 ], [ 121.392962928000088, 25.015580511000053 ], [ 121.394660138000063, 25.014644416000067 ], [ 121.397251216000086, 25.016217693000044 ], [ 121.401630455000031, 25.015772388000073 ], [ 121.404143011000087, 25.017185716000029 ], [ 121.407549395000046, 25.017506553000032 ], [ 121.409170387000017, 25.01838628400003 ], [ 121.41151199300009, 25.018069681000043 ], [ 121.412400495000043, 25.020306794000078 ], [ 121.413877453000055, 25.018941604000076 ], [ 121.414572656000018, 25.019518328000061 ], [ 121.416831048000063, 25.019326443000068 ], [ 121.417621417000078, 25.020016602000055 ], [ 121.417983196000023, 25.019438554000033 ], [ 121.420213309000019, 25.018865435000066 ], [ 121.422171399000035, 25.017187021000041 ], [ 121.423833971000022, 25.016812063000032 ], [ 121.423483332000046, 25.014896803000056 ], [ 121.424001017000023, 25.015037644000074 ], [ 121.424365169000112, 25.013219814000024 ], [ 121.424897040000019, 25.013355441000044 ], [ 121.425249049000058, 25.012160644000062 ], [ 121.427060361000031, 25.010487627000032 ], [ 121.426330765000102, 25.009880156000065 ], [ 121.42689266900004, 25.008250869000051 ], [ 121.428070910000088, 25.008796231000076 ], [ 121.429159533000075, 25.008282158000043 ], [ 121.430060839000021, 25.005500027000039 ], [ 121.432024536000085, 25.00357217800007 ], [ 121.431044571000029, 25.001121223000041 ], [ 121.429899563000049, 24.99597237100005 ], [ 121.430086992000042, 24.995217548000028 ], [ 121.428876527000057, 24.993657518000077 ], [ 121.428739477000022, 24.992534222000074 ], [ 121.428176584000084, 24.99293401400007 ], [ 121.427534856000079, 24.992080935000047 ], [ 121.427938208000114, 24.991830800000059 ], [ 121.425075542000059, 24.989411867000058 ], [ 121.424419665000073, 24.987292058000037 ], [ 121.426576945000079, 24.984056662000057 ], [ 121.426726628000097, 24.981448439000076 ], [ 121.425965918000088, 24.980049317000066 ], [ 121.426774845000068, 24.976961290000077 ], [ 121.426700474000086, 24.972936884000035 ], [ 121.428813323000099, 24.972081337000077 ], [ 121.425638717000083, 24.971320147000029 ], [ 121.423245848000079, 24.969109401000026 ], [ 121.421170607000022, 24.96815723800006 ], [ 121.413376853000045, 24.966254612000057 ], [ 121.411897001000057, 24.965216712000029 ], [ 121.41034821900007, 24.964892354000028 ], [ 121.410728178000113, 24.964041505000068 ], [ 121.409976515000039, 24.96115399200005 ], [ 121.410551945000066, 24.956226683000068 ], [ 121.409874197000022, 24.954158982000024 ], [ 121.402650490000042, 24.94822367300003 ], [ 121.401659725000059, 24.94569664100004 ], [ 121.400163495000015, 24.944161584000028 ] ] ] } },
{ "type": "Feature", "properties": { "county": "新北市", "town": "永和區", "lab_lon": 121.51692, "lab_lat": 25.0076 }, "geometry": { "type": "Polygon", "coordinates": [ [ [ 121.508645829000102, 25.002451361000055 ], [ 121.508876269000098, 25.004210028000045 ], [ 121.503672333000054, 25.007029661000047 ], [ 121.499441774000047, 25.008603274000052 ], [ 121.498670405000098, 25.008421826000074 ], [ 121.497982282000066, 25.009041493000041 ], [ 121.49652014000003, 25.008340955000051 ], [ 121.495121840000024, 25.008288118000053 ], [ 121.494034649000014, 25.009186415000045 ], [ 121.496328414000118, 25.009598897000046 ], [ 121.499727750000034, 25.011538440000038 ], [ 121.508460441000011, 25.020909241000027 ], [ 121.511379005000094, 25.021836123000071 ], [ 121.517193527000018, 25.020479773000034 ], [ 121.520288557000072, 25.018856579000044 ], [ 121.525967814000069, 25.011639578000029 ], [ 121.531539087000056, 25.009079733000078 ], [ 121.533905574000073, 25.00339105300003 ], [ 121.531222117000084, 25.000364784000055 ], [ 121.530514277000066, 24.99800921700006 ], [ 121.531366574000117, 24.995433240000068 ], [ 121.526740925000013, 24.995436981000068 ], [ 121.525928641000064, 24.997561522000069 ], [ 121.517079864000038, 24.995592318000035 ], [ 121.513465420000102, 24.993372065000074 ], [ 121.512213897000038, 24.993623503000038 ], [ 121.514992494000012, 24.998021818000041 ], [ 121.514116086000058, 24.99979408400003 ], [ 121.515009830000054, 25.001759512000035 ], [ 121.514477240000019, 25.00387745200004 ], [ 121.512544896, 25.004329125000027 ], [ 121.508573153000043, 24.999915131000023 ], [ 121.506364769000015, 24.999800997000023 ], [ 121.506410843000026, 25.000685832000045 ], [ 121.507736680000107, 25.002269358000035 ], [ 121.508645829000102, 25.002451361000055 ] ] ] } },
{ "type": "Feature", "properties": { "county": "新北市", "town": "汐止區", "lab_lon": 121.65051, "lab_lat": 25.08358 }, "geometry": { "type": "Polygon", "coordinates": [ [ [ 121.633176898000102, 25.035821017000046 ], [ 121.630210473000034, 25.035079218000078 ], [ 121.629480821000016, 25.036728334000031 ], [ 121.626403235000112, 25.037871617000064 ], [ 121.624930507000045, 25.037724446000027 ], [ 121.623140223000064, 25.03964512500005 ], [ 121.621861113000023, 25.04011243900004 ], [ 121.619057353000017, 25.043539943000042 ], [ 121.616519254000082, 25.048012778000043 ], [ 121.616240235000078, 25.049266311000054 ], [ 121.616469125000094, 25.050802008000062 ], [ 121.618173580000075, 25.05229642300003 ], [ 121.620538016000069, 25.053072324000027 ], [ 121.621034268000017, 25.05368982400006 ], [ 121.620195497000054, 25.055823496000073 ], [ 121.620525202000067, 25.056648731000053 ], [ 121.621649858000069, 25.056512152000039 ], [ 121.623431716000027, 25.055001703000073 ], [ 121.624264959000016, 25.055481464000025 ], [ 121.620775292000076, 25.061356815000067 ], [ 121.619000867000068, 25.062822476000065 ], [ 121.616131365000115, 25.063919564000059 ], [ 121.616831714000114, 25.065874314000041 ], [ 121.617924733000109, 25.065159290000054 ], [ 121.617630015000032, 25.067601708000041 ], [ 121.618603344, 25.067670594000049 ], [ 121.621509972000013, 25.069574763000048 ], [ 121.621267028000034, 25.071847320000074 ], [ 121.620619415000078, 25.073226315000056 ], [ 121.621600937000039, 25.074789331000034 ], [ 121.622772858000076, 25.074659212000029 ], [ 121.623233560000017, 25.077107133000027 ], [ 121.62493822600004, 25.077993852000077 ], [ 121.625079112000094, 25.07883484000007 ], [ 121.62391156800004, 25.078244048000045 ], [ 121.624520683000014, 25.079125740000052 ], [ 121.62426184900005, 25.080344231000026 ], [ 121.626039958000092, 25.082018726000058 ], [ 121.627500650000115, 25.082368600000052 ], [ 121.627976186000069, 25.083250634000024 ], [ 121.627527224000119, 25.084580307000067 ], [ 121.628614896000045, 25.086471367000058 ], [ 121.628214734000039, 25.088061062000065 ], [ 121.625985224000033, 25.090515992000064 ], [ 121.626319217000059, 25.091466154000045 ], [ 121.625063392000015, 25.093666868000071 ], [ 121.625367252000046, 25.095106371000043 ], [ 121.626222429000109, 25.096090908000065 ], [ 121.625456887000041, 25.09703380600007 ], [ 121.623285589000034, 25.096928268000056 ], [ 121.622034794000115, 25.097405932000072 ], [ 121.621498372000019, 25.098311910000064 ], [ 121.617412908, 25.101120909000031 ], [ 121.615406626000095, 25.103868144000046 ], [ 121.61038269200003, 25.105163577000042 ], [ 121.607995858000095, 25.106757413000025 ], [ 121.606299783000054, 25.10728560900003 ], [ 121.598384950000082, 25.10890998800005 ], [ 121.59749057800002, 25.109508402000074 ], [ 121.595489828000041, 25.113493774000062 ], [ 121.597500808000063, 25.11621217000004 ], [ 121.598868095000057, 25.120117246000063 ], [ 121.599811027000101, 25.120332381000026 ], [ 121.60076627400008, 25.121846849000065 ], [ 121.601718753000114, 25.126025223000056 ], [ 121.602733388000047, 25.126197066000032 ], [ 121.603462232000084, 25.125500169000077 ], [ 121.604543300000046, 25.126002090000043 ], [ 121.607544413000028, 25.12920348800003 ], [ 121.608683302000031, 25.132050500000048 ], [ 121.611467284000014, 25.133388952000075 ], [ 121.61627977, 25.137570878000076 ], [ 121.616779461000078, 25.138909330000047 ], [ 121.61897452300002, 25.138338263000037 ], [ 121.624488949000011, 25.139718369000036 ], [ 121.626797669000098, 25.139704793000078 ], [ 121.628385223, 25.135010549000071 ], [ 121.629568931000108, 25.13390587400005 ], [ 121.632548177000103, 25.132395733000067 ], [ 121.633139542000094, 25.130986981000035 ], [ 121.634922504000087, 25.130440145000023 ], [ 121.638304996000102, 25.130743240000072 ], [ 121.6407759760001, 25.129591923000078 ], [ 121.641819448000092, 25.128081666000071 ], [ 121.643179129000032, 25.127681670000072 ], [ 121.644900543000062, 25.123369308000065 ], [ 121.644687621000116, 25.122197835000065 ], [ 121.645256183000015, 25.121392152000055 ], [ 121.646244054000022, 25.121053231000076 ], [ 121.645685804000095, 25.119032317000062 ], [ 121.646084066000071, 25.116129129000058 ], [ 121.645716527000104, 25.115289412000038 ], [ 121.646237739000071, 25.113625119000062 ], [ 121.650238931000104, 25.109551501000055 ], [ 121.650496143000055, 25.108027348000064 ], [ 121.65222466900002, 25.104738631000032 ], [ 121.651884731000109, 25.10350088000007 ], [ 121.650153296000099, 25.103320894000035 ], [ 121.648933501000101, 25.10175642300004 ], [ 121.650440571000104, 25.100442330000078 ], [ 121.650718597000036, 25.098449062000043 ], [ 121.652431250000063, 25.09775264600006 ], [ 121.653572543000109, 25.096238458000073 ], [ 121.655864296000118, 25.095136147000062 ], [ 121.656184115000087, 25.094557675000033 ], [ 121.655701406000048, 25.093449952000071 ], [ 121.657664296, 25.09274599400004 ], [ 121.658384157000114, 25.091579527000079 ], [ 121.660910583000032, 25.090885548000074 ], [ 121.661797405000016, 25.089403537000067 ], [ 121.664595774000077, 25.089278470000068 ], [ 121.666368811000098, 25.087995072000069 ], [ 121.667913240000075, 25.085757353000076 ], [ 121.669041891, 25.085599029000036 ], [ 121.674029932000053, 25.08291971400007 ], [ 121.67881146600007, 25.087402767000071 ], [ 121.68047346600008, 25.088264074000051 ], [ 121.68121058700001, 25.088020352000058 ], [ 121.681736577000038, 25.087111522000043 ], [ 121.68164063200004, 25.084719137000036 ], [ 121.681434558000092, 25.084321378000027 ], [ 121.679932377000114, 25.08432573400006 ], [ 121.680494512000109, 25.081883192000078 ], [ 121.679772029000105, 25.080084888000044 ], [ 121.678969154000015, 25.079582634000076 ], [ 121.679224857, 25.078538484000035 ], [ 121.680207367000094, 25.07808921700007 ], [ 121.680306543000029, 25.077100653000059 ], [ 121.681503950000092, 25.077040017000058 ], [ 121.688420522000115, 25.071738411000069 ], [ 121.690241042000025, 25.07170031000004 ], [ 121.692071738000095, 25.070312264000052 ], [ 121.696535444, 25.070093583000073 ], [ 121.699521982000078, 25.067387199000052 ], [ 121.704266851000057, 25.067929226000047 ], [ 121.705396072000099, 25.066840741000078 ], [ 121.70661416900009, 25.066553832000068 ], [ 121.709421178000071, 25.067729651000036 ], [ 121.712368868000112, 25.068033999000079 ], [ 121.714625539000053, 25.066684192000025 ], [ 121.717823638000027, 25.063815099000067 ], [ 121.719098719000044, 25.061517640000034 ], [ 121.721991372000048, 25.060111422000034 ], [ 121.722478640000077, 25.058582170000022 ], [ 121.726132853000081, 25.05818092800007 ], [ 121.727143179000109, 25.056082508000031 ], [ 121.730087517000015, 25.053348321000044 ], [ 121.727393392000067, 25.050663821000057 ], [ 121.727055581000059, 25.049438805000023 ], [ 121.724544233000074, 25.048318386000062 ], [ 121.722276325000053, 25.048196737000069 ], [ 121.720966819000068, 25.047201186000052 ], [ 121.717806852000081, 25.042956589000028 ], [ 121.715975841000045, 25.041746825000075 ], [ 121.716640946000098, 25.03918653900007 ], [ 121.716109785000071, 25.038507335000077 ], [ 121.715775965000034, 25.036249793000025 ], [ 121.713257824000038, 25.034837716000027 ], [ 121.713172612000108, 25.034089252000058 ], [ 121.712432521000096, 25.033422572000063 ], [ 121.70830322900008, 25.034090067000022 ], [ 121.70779109800003, 25.033505840000032 ], [ 121.70318519500006, 25.031983209000032 ], [ 121.701651014000049, 25.033910207000076 ], [ 121.699726142000031, 25.033975788000078 ], [ 121.696941270000025, 25.035101276000034 ], [ 121.695533542000021, 25.036906242000043 ], [ 121.695508810000092, 25.037776349000069 ], [ 121.69634729500001, 25.03838472700005 ], [ 121.695726194000031, 25.039309775000049 ], [ 121.695784120000098, 25.040695043000028 ], [ 121.693813838000096, 25.040950793000036 ], [ 121.6923344920001, 25.041886936000026 ], [ 121.688398033000112, 25.041609781000034 ], [ 121.686739739000018, 25.040962991000072 ], [ 121.686214722000045, 25.040235386000063 ], [ 121.684195784000053, 25.040082966000057 ], [ 121.681155719000117, 25.037526952000064 ], [ 121.67833573300004, 25.03630965900004 ], [ 121.67716137900004, 25.034840943000063 ], [ 121.674478664000048, 25.034908036000047 ], [ 121.672228656000016, 25.034398736000071 ], [ 121.670757890000118, 25.032728538000072 ], [ 121.665912790000107, 25.033761491000064 ], [ 121.665524383000047, 25.030216419000055 ], [ 121.66585541500001, 25.029943952000053 ], [ 121.664819769000019, 25.029545259000031 ], [ 121.660800997000024, 25.030445964000023 ], [ 121.657684330000052, 25.028869446000044 ], [ 121.656821799000113, 25.027942254000038 ], [ 121.655146900000091, 25.027436453000064 ], [ 121.654183460000013, 25.027916112000071 ], [ 121.652630925000039, 25.027573748000066 ], [ 121.651843633000112, 25.028149945000052 ], [ 121.650236802000109, 25.027625321000073 ], [ 121.649515755000039, 25.028111588000058 ], [ 121.648797392, 25.027915931000052 ], [ 121.647979562000046, 25.02863693300003 ], [ 121.646717748000015, 25.027993201000072 ], [ 121.645942601000115, 25.029390111000055 ], [ 121.644271558000014, 25.029772667000032 ], [ 121.643746527000076, 25.03049199700007 ], [ 121.639907389000086, 25.032012941000062 ], [ 121.637905025, 25.033741581000072 ], [ 121.634852811000087, 25.03499736200007 ], [ 121.634072548000063, 25.034796253000025 ], [ 121.633176898000102, 25.035821017000046 ] ] ] } },
{ "type": "Feature", "properties": { "county": "新北市", "town": "泰山區", "lab_lon": 121.41759, "lab_lat": 25.05272 }, "geometry": { "type": "Polygon", "coordinates": [ [ [ 121.432728913, 25.041148913000029 ], [ 121.425824643000055, 25.033057934000055 ], [ 121.424087571000086, 25.031834857000035 ], [ 121.426164698000093, 25.030159427000058 ], [ 121.423396289000038, 25.029295086000047 ], [ 121.422030355000061, 25.030367711000054 ], [ 121.421296667000092, 25.028754649000064 ], [ 121.418200363000096, 25.030297750000045 ], [ 121.416557585000078, 25.030202286000076 ], [ 121.418167915000026, 25.033576424000046 ], [ 121.416764905000036, 25.034769843000049 ], [ 121.415560219000099, 25.034996378000073 ], [ 121.41481844000009, 25.034443108000062 ], [ 121.412684238000111, 25.035171986000023 ], [ 121.4132413640001, 25.038839792000033 ], [ 121.411468268000021, 25.03942530300003 ], [ 121.411276479000094, 25.039750200000071 ], [ 121.412015089000079, 25.040362099000049 ], [ 121.411596422000116, 25.04093395600006 ], [ 121.410678336000046, 25.040753291000044 ], [ 121.410764348000043, 25.041618045000064 ], [ 121.409536303000095, 25.040822724000066 ], [ 121.410494544000017, 25.042608164000058 ], [ 121.409092256, 25.044162368000059 ], [ 121.402832515000114, 25.045700337000028 ], [ 121.400941357000079, 25.045512522000024 ], [ 121.399941360000071, 25.04491746900004 ], [ 121.399564421000036, 25.046031171000038 ], [ 121.398934312000051, 25.04578994700006 ], [ 121.398288755000067, 25.046407026000054 ], [ 121.397700901, 25.046288350000054 ], [ 121.399441645000024, 25.047764360000031 ], [ 121.39858042100002, 25.048119773000053 ], [ 121.39603329900001, 25.048561263000067 ], [ 121.394367371000044, 25.047567101000027 ], [ 121.39402055000005, 25.050340513000037 ], [ 121.394484553000098, 25.050023528000054 ], [ 121.39468858400005, 25.050378179000063 ], [ 121.395801898000059, 25.049395458000049 ], [ 121.396817159000079, 25.049542516000031 ], [ 121.398529568000072, 25.048472687000071 ], [ 121.398331993000056, 25.049782078000078 ], [ 121.397588763000044, 25.050530969000079 ], [ 121.398074126000097, 25.051119322000034 ], [ 121.398618646000045, 25.050969433000034 ], [ 121.398364375000028, 25.050639175000072 ], [ 121.399755338000091, 25.049363414000027 ], [ 121.400292418000049, 25.049595698000076 ], [ 121.400184780000018, 25.050972285000057 ], [ 121.400704222000059, 25.051385984000035 ], [ 121.397529652000117, 25.051458560000071 ], [ 121.396240649000106, 25.052545536000025 ], [ 121.392945581000049, 25.053977456000041 ], [ 121.39104028600002, 25.053582763000065 ], [ 121.392621701000053, 25.055067196000039 ], [ 121.39088895000009, 25.054481036000027 ], [ 121.390822887000013, 25.053299336000066 ], [ 121.389869708000106, 25.052838596000072 ], [ 121.389299554000104, 25.052928911000038 ], [ 121.38977873400006, 25.053354375000026 ], [ 121.389498607000064, 25.053478690000077 ], [ 121.388184122000098, 25.052878737000071 ], [ 121.387832500000059, 25.053235268000037 ], [ 121.385898636000093, 25.052526188000058 ], [ 121.384439815000064, 25.052561628000035 ], [ 121.385844638000094, 25.053108333000068 ], [ 121.387451311000063, 25.054981748000046 ], [ 121.385732482000094, 25.056802072000039 ], [ 121.385597772000096, 25.058111127000075 ], [ 121.388638614000115, 25.056876953000028 ], [ 121.388493401000119, 25.058304274000022 ], [ 121.38973717500005, 25.059056097000052 ], [ 121.387684044000025, 25.059717993000049 ], [ 121.388952085000028, 25.060700346000033 ], [ 121.39092482600006, 25.060807800000077 ], [ 121.390656080000099, 25.061123726000062 ], [ 121.391114685000048, 25.061481566000054 ], [ 121.388174174000028, 25.061554998000076 ], [ 121.388309248000041, 25.063063420000049 ], [ 121.387241041000038, 25.062561965000043 ], [ 121.386409176000029, 25.063267710000048 ], [ 121.383986120000031, 25.062731127000063 ], [ 121.382907895000017, 25.06293345000006 ], [ 121.38216056400006, 25.064298735000023 ], [ 121.380199666000067, 25.064833987000043 ], [ 121.379894999000044, 25.066083569000057 ], [ 121.382693041000039, 25.066070113000023 ], [ 121.382918851000113, 25.06796388500004 ], [ 121.382287322000025, 25.06857020800004 ], [ 121.382929755000077, 25.069166422000023 ], [ 121.382458580000048, 25.070006 ], [ 121.380927624000037, 25.070152862000043 ], [ 121.380670275000057, 25.070737386000076 ], [ 121.379588677000015, 25.070826197000031 ], [ 121.378905501000077, 25.070167433000051 ], [ 121.378925393000031, 25.070939450000026 ], [ 121.377692622000041, 25.071565165000038 ], [ 121.377049815000078, 25.072640845000024 ], [ 121.378758308000101, 25.071967028000074 ], [ 121.384191565000037, 25.071558820000064 ], [ 121.385499396000114, 25.069933027000047 ], [ 121.385970900000075, 25.072543288000077 ], [ 121.386640792000094, 25.072993217000032 ], [ 121.387839691000067, 25.072764735000078 ], [ 121.388136924000037, 25.072386226000049 ], [ 121.386975416000041, 25.072203665000075 ], [ 121.387099545000069, 25.071563163000064 ], [ 121.38763323, 25.069989961000033 ], [ 121.388346254000112, 25.069884701000035 ], [ 121.38878769400003, 25.068993590000048 ], [ 121.388271437000071, 25.068002206000074 ], [ 121.389332874000047, 25.067911903000038 ], [ 121.389898276000054, 25.068079995000062 ], [ 121.389808989000016, 25.069395553000049 ], [ 121.391732479000098, 25.069360559000074 ], [ 121.392234465000115, 25.069724914000062 ], [ 121.391925439000033, 25.07028904200007 ], [ 121.396256908000055, 25.073178855000037 ], [ 121.397078697000097, 25.072508753000022 ], [ 121.396963277000054, 25.070682478000037 ], [ 121.395493708000117, 25.068655617000047 ], [ 121.396648607000088, 25.067958891000046 ], [ 121.396034023000084, 25.067208869000069 ], [ 121.394731732000082, 25.066787980000072 ], [ 121.397336698000117, 25.065666259000068 ], [ 121.400018427000077, 25.065424749000044 ], [ 121.400173650000056, 25.064709839000045 ], [ 121.400659369000095, 25.064557439000055 ], [ 121.400255365000021, 25.063061039000047 ], [ 121.402867920000062, 25.063557736000064 ], [ 121.403628462000029, 25.064328140000043 ], [ 121.403663502000086, 25.062552069000049 ], [ 121.405527754000104, 25.063268926000035 ], [ 121.405232897000019, 25.063947511000038 ], [ 121.405672256000116, 25.06459177000005 ], [ 121.404079963000072, 25.065920382000058 ], [ 121.403340448000108, 25.065925100000072 ], [ 121.402650609000034, 25.067423432000055 ], [ 121.402970743000083, 25.068071538000027 ], [ 121.404843828000025, 25.068023297000025 ], [ 121.406076665000114, 25.06871252600007 ], [ 121.405918682000106, 25.070182113000044 ], [ 121.403992513000048, 25.070123632000048 ], [ 121.401438490000032, 25.072097648000067 ], [ 121.401968590000024, 25.069907268000065 ], [ 121.401284020000048, 25.070160178000037 ], [ 121.399811886000066, 25.068567851000068 ], [ 121.398500069000079, 25.06808118500004 ], [ 121.399190542000042, 25.069059764000031 ], [ 121.399409380000066, 25.071009594000031 ], [ 121.398981955000068, 25.072847078000052 ], [ 121.39951489200007, 25.073923830000069 ], [ 121.398298624000063, 25.076643445000059 ], [ 121.402290562000076, 25.07497554400004 ], [ 121.404785441000058, 25.075126923000028 ], [ 121.40651605000005, 25.075950313000078 ], [ 121.410291656000027, 25.075650254000038 ], [ 121.414499652000018, 25.072349707000058 ], [ 121.415598618000104, 25.070598555000061 ], [ 121.41738688800001, 25.069789725000078 ], [ 121.41957337000008, 25.068964338000058 ], [ 121.423456123000051, 25.069404643000041 ], [ 121.430710747000035, 25.069031734000077 ], [ 121.431566219000047, 25.068484421000051 ], [ 121.431977515000085, 25.066088505000039 ], [ 121.435029096000108, 25.066601648000074 ], [ 121.437528292000025, 25.064412357000037 ], [ 121.438791280000032, 25.065714226000068 ], [ 121.438170904000117, 25.066866252000068 ], [ 121.438398793000033, 25.067282635000026 ], [ 121.440326143000107, 25.067053982000061 ], [ 121.440876832000072, 25.067808571000057 ], [ 121.442257747000099, 25.06736098600004 ], [ 121.442933431000029, 25.069148344000041 ], [ 121.445550962000084, 25.069376933000058 ], [ 121.445674566000093, 25.064451486000053 ], [ 121.446392605000028, 25.063739459000033 ], [ 121.448453095000104, 25.063160579000055 ], [ 121.447548045000076, 25.062426301000073 ], [ 121.448084949000076, 25.060527608000029 ], [ 121.447097740000117, 25.060618193000039 ], [ 121.44683313400003, 25.059212366000054 ], [ 121.44604593400004, 25.059657796000067 ], [ 121.445263941, 25.058892595000032 ], [ 121.444276325000033, 25.059708859000068 ], [ 121.444418808000023, 25.058645085000023 ], [ 121.444010142000025, 25.058288190000042 ], [ 121.439519849000021, 25.056810977000055 ], [ 121.43869157000006, 25.055776373000072 ], [ 121.439582594000058, 25.053649849000067 ], [ 121.439452381000024, 25.052327809000076 ], [ 121.440510746000086, 25.052134357000057 ], [ 121.441134295000097, 25.05075795700003 ], [ 121.440674829000045, 25.050568019000025 ], [ 121.442023514000084, 25.047730030000025 ], [ 121.439876724000101, 25.047039029000075 ], [ 121.4418029630001, 25.044980336000037 ], [ 121.441892180000082, 25.04152175400003 ], [ 121.44052995900006, 25.041429630000039 ], [ 121.437356316000091, 25.04322331700007 ], [ 121.436687349000067, 25.038876426000058 ], [ 121.432728913, 25.041148913000029 ] ] ] } },
{ "type": "Feature", "properties": { "county": "新北市", "town": "淡水區", "lab_lon": 121.45945, "lab_lat": 25.18362 }, "geometry": { "type": "Polygon", "coordinates": [ [ [ 121.444569064, 25.159499444000062 ], [ 121.433309892000011, 25.167617085000074 ], [ 121.424528462000012, 25.171335619000047 ], [ 121.41742642600002, 25.175546073000078 ], [ 121.41884802200002, 25.177408799000034 ], [ 121.417740175000063, 25.179416698000068 ], [ 121.416365933000066, 25.18065658300003 ], [ 121.404301287000067, 25.183094251000057 ], [ 121.403968652000117, 25.183918213000027 ], [ 121.404602004000026, 25.186077470000043 ], [ 121.404454914000098, 25.186807189000035 ], [ 121.403908301000115, 25.186975843000027 ], [ 121.404856621000022, 25.189834003000044 ], [ 121.410902003000047, 25.190705754000078 ], [ 121.411838999000111, 25.190666705000069 ], [ 121.412236316000076, 25.189943921000065 ], [ 121.41421553400005, 25.190113944000075 ], [ 121.41592864800009, 25.190708966000045 ], [ 121.416734190000057, 25.191547111000034 ], [ 121.419005881000089, 25.191846797000039 ], [ 121.419402053000113, 25.192551867000077 ], [ 121.418683824000027, 25.192769001000045 ], [ 121.417760174000023, 25.194260582000027 ], [ 121.418689943000118, 25.195061241000076 ], [ 121.418172050000067, 25.196260009000071 ], [ 121.4182715930001, 25.197417271000063 ], [ 121.418936079000105, 25.199269005000076 ], [ 121.424671422000074, 25.207917291000058 ], [ 121.428677686000015, 25.212266988000067 ], [ 121.43086784500008, 25.215886929000078 ], [ 121.435920551000095, 25.217105471000025 ], [ 121.437640558000112, 25.218018482000048 ], [ 121.437313145000076, 25.219671386000073 ], [ 121.440888231000031, 25.228424439000037 ], [ 121.442265021000026, 25.229603074000067 ], [ 121.443526465000105, 25.232524716000057 ], [ 121.443412751000096, 25.234230524000054 ], [ 121.444403616000045, 25.235542322000072 ], [ 121.446119394000107, 25.240362531000073 ], [ 121.445902641000089, 25.241850464000038 ], [ 121.450317414000097, 25.244375172000048 ], [ 121.454787150000016, 25.244029865000073 ], [ 121.455566488000045, 25.24317233000005 ], [ 121.456952215000115, 25.243137894000029 ], [ 121.457542335000085, 25.242379602000028 ], [ 121.457449463000103, 25.241195508000033 ], [ 121.458660465000094, 25.240345957000045 ], [ 121.460534488, 25.239877886000045 ], [ 121.461527186000012, 25.240143510000053 ], [ 121.463808098000072, 25.239107040000079 ], [ 121.46768368100004, 25.23919694600005 ], [ 121.468254769000055, 25.238600961000031 ], [ 121.469254804000116, 25.239879165000048 ], [ 121.473173554000027, 25.23817574800006 ], [ 121.473466662000078, 25.237481064000065 ], [ 121.475211411000032, 25.237690377000035 ], [ 121.489193330000035, 25.231945085000064 ], [ 121.492192944000067, 25.231954398000028 ], [ 121.49621447700008, 25.230621141000029 ], [ 121.497616519000076, 25.229518599000073 ], [ 121.496310915000095, 25.227131238000027 ], [ 121.496678127000109, 25.225962694000032 ], [ 121.497615766000081, 25.225305494000054 ], [ 121.499931528000047, 25.225211682000065 ], [ 121.501535815000011, 25.223751761000074 ], [ 121.500289352000095, 25.221564441000055 ], [ 121.498240482000028, 25.222048511000025 ], [ 121.498749914000086, 25.221120989000042 ], [ 121.498515567000027, 25.220691681000062 ], [ 121.496239389000038, 25.222207984000079 ], [ 121.496527628000081, 25.219034338000029 ], [ 121.498525389000065, 25.215990693000037 ], [ 121.497689327000103, 25.213775023000039 ], [ 121.495967294000025, 25.214598685000055 ], [ 121.492926105000038, 25.21195397200006 ], [ 121.491536566000036, 25.21289581700006 ], [ 121.490883784000061, 25.21123381600006 ], [ 121.488911941000083, 25.210929742000076 ], [ 121.486738461000073, 25.211313398000073 ], [ 121.485021371000016, 25.208272276000059 ], [ 121.486332871000059, 25.207278732000077 ], [ 121.486529619000066, 25.206348640000044 ], [ 121.485248701000046, 25.205206241000042 ], [ 121.48618564800006, 25.20434483400004 ], [ 121.487052405000099, 25.204535153000052 ], [ 121.486963696000089, 25.203817989000072 ], [ 121.488646349000078, 25.202852024000038 ], [ 121.489266011000041, 25.201420297000027 ], [ 121.488785391000079, 25.200273955000057 ], [ 121.485701962, 25.199080897000044 ], [ 121.485517875000028, 25.197297026000058 ], [ 121.491513916000031, 25.196113996000065 ], [ 121.493014957000014, 25.195022990000041 ], [ 121.493035772000098, 25.193300592000071 ], [ 121.494654030000106, 25.193121659000042 ], [ 121.494702745000041, 25.191998557000034 ], [ 121.495372278000104, 25.191090053000039 ], [ 121.500770586000044, 25.192943373000048 ], [ 121.502610810000078, 25.192652767000027 ], [ 121.503245236000112, 25.190756217000057 ], [ 121.506686701000035, 25.189938082000026 ], [ 121.507710920000022, 25.188759833000063 ], [ 121.507589971000016, 25.187627035000048 ], [ 121.509973132000027, 25.187536717000057 ], [ 121.511659230000078, 25.185558387000071 ], [ 121.513955809000095, 25.183961109000052 ], [ 121.519592505000105, 25.182312223000054 ], [ 121.522258053000087, 25.178099167000028 ], [ 121.521989390000044, 25.176646432000041 ], [ 121.52256280000006, 25.174864424000077 ], [ 121.519947903000116, 25.169273221000026 ], [ 121.513537129000042, 25.170993731000067 ], [ 121.512627451000071, 25.170773620000034 ], [ 121.511310280000089, 25.169411505000028 ], [ 121.510423118000062, 25.169435601000032 ], [ 121.507060847000048, 25.17115803300004 ], [ 121.505752153000117, 25.171081164000043 ], [ 121.504845751000062, 25.173247096000068 ], [ 121.502570767000066, 25.173252647000027 ], [ 121.502612755000087, 25.172459821000075 ], [ 121.501655746000097, 25.171282894000058 ], [ 121.501846003000082, 25.169424683000045 ], [ 121.500114596000117, 25.168311118000076 ], [ 121.498748802000023, 25.164952883000069 ], [ 121.492366193000066, 25.16037235400006 ], [ 121.487627569000097, 25.153001523000057 ], [ 121.487337047000096, 25.151303892000044 ], [ 121.486455020000108, 25.150768780000078 ], [ 121.484010032000015, 25.150837857000056 ], [ 121.482864385000084, 25.150220846000025 ], [ 121.481685069000036, 25.148008523000044 ], [ 121.476735542000029, 25.14390002600004 ], [ 121.47645504400009, 25.142787172000055 ], [ 121.472671002000084, 25.139351455000053 ], [ 121.471667112000091, 25.137391184000023 ], [ 121.468957069000112, 25.135626838000064 ], [ 121.465609601000097, 25.131549465000035 ], [ 121.464298187000054, 25.127573690000077 ], [ 121.464826194000011, 25.124255523000045 ], [ 121.461765344000014, 25.123577797000053 ], [ 121.460882382000023, 25.122960780000028 ], [ 121.458793203000027, 25.122940125000071 ], [ 121.458609871000021, 25.124596175000079 ], [ 121.456921167000019, 25.126226566000071 ], [ 121.452729872000077, 25.146342296000057 ], [ 121.450106030000029, 25.153251841000042 ], [ 121.444569064, 25.159499444000062 ] ] ] } },
{ "type": "Feature", "properties": { "county": "新北市", "town": "深坑區", "lab_lon": 121.6224, "lab_lat": 24.99747 }, "geometry": { "type": "Polygon", "coordinates": [ [ [ 121.617037822000043, 24.971222588000046 ], [ 121.614355827000054, 24.973509559000036 ], [ 121.613347792000013, 24.973394040000073 ], [ 121.611348262000092, 24.974606219000066 ], [ 121.610116044000051, 24.974229905000072 ], [ 121.608694256000035, 24.974782277000031 ], [ 121.605210138000075, 24.974357205000047 ], [ 121.603860633000068, 24.975467877000028 ], [ 121.600503586000059, 24.976693803000046 ], [ 121.599467703000073, 24.978235030000064 ], [ 121.599361595000119, 24.978742178000061 ], [ 121.60066401600011, 24.98031431000004 ], [ 121.599861150000038, 24.986390112000038 ], [ 121.601830779000011, 24.987908171000072 ], [ 121.601972184000033, 24.990285501000074 ], [ 121.599061610000035, 24.991705489000026 ], [ 121.599365857000066, 24.99299865200004 ], [ 121.598139263, 24.994494419000034 ], [ 121.600525228000038, 24.998469578000027 ], [ 121.600466511000036, 25.001082430000054 ], [ 121.599500183000032, 25.002759366000078 ], [ 121.597888513000044, 25.004142447000049 ], [ 121.595911953000041, 25.004505401000074 ], [ 121.595863760000043, 25.009103888000027 ], [ 121.596553972000038, 25.012047744000029 ], [ 121.597566075000032, 25.013277898000069 ], [ 121.597322880000092, 25.014574367000023 ], [ 121.602625132000071, 25.015081809000037 ], [ 121.604125911000096, 25.019087255000045 ], [ 121.60821033700006, 25.019437887000038 ], [ 121.60925759600002, 25.020946786000025 ], [ 121.61035172600009, 25.019865105000065 ], [ 121.612720014000047, 25.019608887000061 ], [ 121.61337397300008, 25.019138450000071 ], [ 121.616077732, 25.019700291000049 ], [ 121.617397781000022, 25.018449115000067 ], [ 121.620546713000067, 25.018385817000024 ], [ 121.623189387000025, 25.017255611000053 ], [ 121.626174562000074, 25.018621436000046 ], [ 121.626929458000063, 25.019539552000026 ], [ 121.628935666000075, 25.019929081000043 ], [ 121.630271699000104, 25.022233705000076 ], [ 121.630811962000053, 25.024539354000069 ], [ 121.6322090540001, 25.025600376000057 ], [ 121.635622276000049, 25.024011546000054 ], [ 121.63568731600003, 25.023211056000036 ], [ 121.637508429000036, 25.02407097400004 ], [ 121.640219140000113, 25.023543915000062 ], [ 121.640236851000054, 25.022127517000058 ], [ 121.63917665300005, 25.02073202400004 ], [ 121.640556325000034, 25.018243907000056 ], [ 121.641127474000086, 25.014416422000068 ], [ 121.640460765000057, 25.012169724000046 ], [ 121.640982149000024, 25.011060233000023 ], [ 121.640477669, 25.00936114600006 ], [ 121.641582313000072, 25.007898992000037 ], [ 121.639404390000095, 25.005895065000061 ], [ 121.63929960300004, 25.003800196000043 ], [ 121.640245850000042, 25.002637087000039 ], [ 121.645000322000101, 25.001946134000036 ], [ 121.645129715000053, 24.999294070000076 ], [ 121.645721789000049, 24.998368798000058 ], [ 121.644709575000093, 24.996833787000071 ], [ 121.644106788000045, 24.996642548000068 ], [ 121.643905926000116, 24.995153488000028 ], [ 121.63870862400006, 24.994767724000042 ], [ 121.637902519000022, 24.995086233000052 ], [ 121.636539898000024, 24.993568395000068 ], [ 121.636398335000081, 24.992578195000078 ], [ 121.637818860000039, 24.991204204000041 ], [ 121.637129085000083, 24.98935580400007 ], [ 121.637562295000066, 24.988108729000032 ], [ 121.637038223000104, 24.987430885000038 ], [ 121.637751193000099, 24.983400644000028 ], [ 121.639175859000034, 24.980706725000061 ], [ 121.637523192000117, 24.979939119000051 ], [ 121.636721063000095, 24.978804748000073 ], [ 121.633795229000043, 24.977648499000054 ], [ 121.631478301000016, 24.975469177000036 ], [ 121.629179392000083, 24.974357213000076 ], [ 121.627675828000065, 24.972803600000077 ], [ 121.625041468000063, 24.971157420000054 ], [ 121.619983578000074, 24.969283684000061 ], [ 121.619193597000049, 24.970598895000023 ], [ 121.617037822000043, 24.971222588000046 ] ] ] } },
{ "type": "Feature", "properties": { "county": "新北市", "town": "烏來區", "lab_lon": 121.52024, "lab_lat": 24.78343 }, "geometry": { "type": "Polygon", "coordinates": [ [ [ 121.592084117000013, 24.787734034000039 ], [ 121.593381148000049, 24.785025273000031 ], [ 121.593259035000074, 24.782107039000039 ], [ 121.594332608000059, 24.781050432000029 ], [ 121.594395607000024, 24.778987935000032 ], [ 121.597585955000113, 24.772169160000033 ], [ 121.59558848100005, 24.769300753000039 ], [ 121.596278519000066, 24.766939198000046 ], [ 121.593435034000095, 24.764820937000025 ], [ 121.59077870100009, 24.761344579000024 ], [ 121.590454639000086, 24.76034247900003 ], [ 121.590816724000092, 24.758781590000069 ], [ 121.589396400000055, 24.757207985000036 ], [ 121.588974321000023, 24.755152266000039 ], [ 121.590328193000119, 24.751244577000023 ], [ 121.592256768000084, 24.750305880000042 ], [ 121.5945914670001, 24.750192033000076 ], [ 121.595183062000046, 24.748806911000031 ], [ 121.596133319000046, 24.74830200100007 ], [ 121.594669003000035, 24.746431406000056 ], [ 121.592515166000112, 24.745855217000042 ], [ 121.591668536000043, 24.744916060000037 ], [ 121.591924407000079, 24.743323062000059 ], [ 121.594931736000035, 24.740841484000043 ], [ 121.595307058000117, 24.73963186800006 ], [ 121.594896803000097, 24.736694530000022 ], [ 121.594168374000105, 24.735000008000043 ], [ 121.595011843000066, 24.732483857000034 ], [ 121.593727103000106, 24.730468744000063 ], [ 121.593771310000079, 24.729537484000048 ], [ 121.59783927400008, 24.729280180000046 ], [ 121.59754922400009, 24.727674428000057 ], [ 121.590572504000079, 24.723564344000067 ], [ 121.58737910100001, 24.720190116000026 ], [ 121.583814426000117, 24.720456788000035 ], [ 121.579653828000119, 24.722323575000075 ], [ 121.578306571000098, 24.72235960200004 ], [ 121.577565999000058, 24.720765773000039 ], [ 121.577282794000098, 24.714873730000079 ], [ 121.574814232000108, 24.710110402000055 ], [ 121.572160941000107, 24.710582621000071 ], [ 121.570375778000084, 24.713971257000026 ], [ 121.569487835000018, 24.71265922300006 ], [ 121.567779520000045, 24.711563201000047 ], [ 121.565683525000054, 24.711660386000062 ], [ 121.562543062000032, 24.712839315000053 ], [ 121.558241300000077, 24.710927993000041 ], [ 121.556376569, 24.711221808000062 ], [ 121.55443459300011, 24.708370940000066 ], [ 121.550622026000042, 24.705742067000074 ], [ 121.547273787000108, 24.70627283400006 ], [ 121.543207083000084, 24.705643863000034 ], [ 121.542932603000054, 24.704668249000065 ], [ 121.540835205, 24.702305971000044 ], [ 121.537864693000074, 24.699844402000053 ], [ 121.538647465000054, 24.698021564000044 ], [ 121.538892819000012, 24.694775974000038 ], [ 121.537559280000096, 24.694014794000054 ], [ 121.537633066000012, 24.690237722000063 ], [ 121.536743192000017, 24.688411381000037 ], [ 121.533314624000013, 24.688416068000038 ], [ 121.532043512000087, 24.687714925000023 ], [ 121.529498457000045, 24.687573303000079 ], [ 121.527880733000075, 24.688968915000032 ], [ 121.527135381000107, 24.688523493000048 ], [ 121.526953873000025, 24.685254673000031 ], [ 121.524944382000058, 24.684491594000065 ], [ 121.523795613000061, 24.683295104000024 ], [ 121.514812979000112, 24.683238045000053 ], [ 121.51368806000005, 24.684303557000078 ], [ 121.511742208000101, 24.684353604000023 ], [ 121.51030339700003, 24.683290720000059 ], [ 121.507303974000024, 24.682337603000065 ], [ 121.505000488000064, 24.679485094000029 ], [ 121.502418336000119, 24.679294538000079 ], [ 121.499028892000069, 24.677947157000062 ], [ 121.496356628000058, 24.675132536000035 ], [ 121.492725667000059, 24.673192106000045 ], [ 121.48928924300003, 24.67422711100005 ], [ 121.487916017000089, 24.675192014000061 ], [ 121.486859478000042, 24.675166128000058 ], [ 121.484735250000085, 24.673826550000058 ], [ 121.481814867000026, 24.674339449000058 ], [ 121.479996161000031, 24.673849092000069 ], [ 121.477875521000101, 24.677312501000074 ], [ 121.475959530000068, 24.679269722000072 ], [ 121.475416357000086, 24.683652537000057 ], [ 121.473945348000029, 24.685333237000066 ], [ 121.473040366000077, 24.689802229000065 ], [ 121.47479347400008, 24.693477672000029 ], [ 121.474235592000014, 24.696102093000036 ], [ 121.470962764000092, 24.696785990000024 ], [ 121.469496353000068, 24.696150542000055 ], [ 121.466978727000082, 24.697731752000038 ], [ 121.462550150000084, 24.701636936000057 ], [ 121.459861815000068, 24.70275833200003 ], [ 121.456510676000107, 24.703249438000057 ], [ 121.450224708000064, 24.70567526800005 ], [ 121.449118413000065, 24.70854812500005 ], [ 121.44879173400011, 24.712189451000029 ], [ 121.444896892000088, 24.715152244000024 ], [ 121.44153476200006, 24.723139669000034 ], [ 121.440962372000058, 24.726082905000055 ], [ 121.438319904000082, 24.726590630000032 ], [ 121.436788734000061, 24.728365654000072 ], [ 121.434205939000094, 24.730130410000072 ], [ 121.435351578000109, 24.733310756000037 ], [ 121.432976806000056, 24.736826196000038 ], [ 121.43274869600009, 24.740752176000058 ], [ 121.431989110000018, 24.742240606000053 ], [ 121.430367210000099, 24.743457883000076 ], [ 121.430157148000035, 24.745549003000065 ], [ 121.428685050000013, 24.748064963000047 ], [ 121.4292180220001, 24.749946323000074 ], [ 121.428479860000039, 24.751519685000062 ], [ 121.428487424000082, 24.753454262000048 ], [ 121.42789267, 24.754732657000034 ], [ 121.427007435000064, 24.75533652200005 ], [ 121.425566909000054, 24.758398601000067 ], [ 121.425838543000054, 24.760587570000041 ], [ 121.423304266000059, 24.762016765000055 ], [ 121.42350895200002, 24.763275849000024 ], [ 121.426232590000041, 24.767826048000074 ], [ 121.431431603000078, 24.771937862000073 ], [ 121.435756331000107, 24.772961098000053 ], [ 121.436920963000034, 24.773720064000031 ], [ 121.438506557000096, 24.775468912000065 ], [ 121.440575166000031, 24.779139775000033 ], [ 121.442403338000076, 24.780486464000035 ], [ 121.444063784000036, 24.780636282000046 ], [ 121.446109365000098, 24.781853691000038 ], [ 121.447536403000072, 24.784204827000053 ], [ 121.449524667000105, 24.785935839000047 ], [ 121.448842780000064, 24.788244098000064 ], [ 121.450280950000092, 24.789645216000054 ], [ 121.450834281000084, 24.791599455000039 ], [ 121.451793147000103, 24.792013150000059 ], [ 121.453914763000057, 24.791777457000023 ], [ 121.455870482000023, 24.792469104000077 ], [ 121.456258456000114, 24.793245872000057 ], [ 121.45564781600001, 24.79506893000007 ], [ 121.455902317000096, 24.796858187000055 ], [ 121.455325698000024, 24.798921399000051 ], [ 121.457360404000042, 24.800137085000074 ], [ 121.458093036000037, 24.801160936000031 ], [ 121.459385269000109, 24.801554831000033 ], [ 121.461775553000052, 24.805287732000068 ], [ 121.464118404000033, 24.806239756000025 ], [ 121.466614611000068, 24.806322989000023 ], [ 121.469062708000024, 24.807246909000071 ], [ 121.472337773000049, 24.810321271000078 ], [ 121.473279906000016, 24.813355369000078 ], [ 121.475700274000019, 24.814221922000058 ], [ 121.478406727000106, 24.81601723600005 ], [ 121.481422598000108, 24.815682270000025 ], [ 121.483740576000059, 24.817970688000059 ], [ 121.484000863, 24.819673539000064 ], [ 121.482835825000052, 24.820843085000035 ], [ 121.48219300400001, 24.822547672000042 ], [ 121.480646439000111, 24.823232050000058 ], [ 121.480451626000104, 24.823843788000033 ], [ 121.483677816000068, 24.828385625000067 ], [ 121.483419744000116, 24.829806021000024 ], [ 121.483916067000109, 24.831544545000042 ], [ 121.486735860000067, 24.834232586000041 ], [ 121.490299828000047, 24.834478347000072 ], [ 121.49444065900002, 24.836475924000069 ], [ 121.494732046000081, 24.839662154000052 ], [ 121.496276830000056, 24.842201960000068 ], [ 121.496783006000101, 24.844755665000037 ], [ 121.496456821000038, 24.846534642000051 ], [ 121.497201196000105, 24.848336697000036 ], [ 121.496176127000012, 24.851023655000063 ], [ 121.494232126000043, 24.851743912000074 ], [ 121.49311048200002, 24.852886310000031 ], [ 121.492834642000048, 24.856576648000043 ], [ 121.488357090000022, 24.862194413000054 ], [ 121.494873826000116, 24.868465574000027 ], [ 121.499199443000066, 24.870320408000055 ], [ 121.501880091000089, 24.87291545100004 ], [ 121.504108265000013, 24.873639510000032 ], [ 121.508851478000111, 24.877526421000027 ], [ 121.517794343000105, 24.88085860800004 ], [ 121.520713484000112, 24.883281268000076 ], [ 121.523720006000076, 24.883773779000023 ], [ 121.526292642000044, 24.883599758000059 ], [ 121.529389163000019, 24.885073228000067 ], [ 121.532925885000054, 24.888048671000035 ], [ 121.535246493000045, 24.891734783000061 ], [ 121.536915874000101, 24.892184149000059 ], [ 121.539219034000098, 24.893650518000072 ], [ 121.540508954000074, 24.893568437000056 ], [ 121.543732920000025, 24.890307370000073 ], [ 121.546727012000019, 24.888320983000028 ], [ 121.547903161000022, 24.888630988000045 ], [ 121.549819673000115, 24.890609777000066 ], [ 121.551118538000082, 24.891254052000079 ], [ 121.554995967000082, 24.891632859000026 ], [ 121.557027529000038, 24.890708258000075 ], [ 121.559091799000043, 24.890602444000024 ], [ 121.564149193000048, 24.886794290000068 ], [ 121.564582458000018, 24.883892498000023 ], [ 121.564252329000055, 24.882080730000041 ], [ 121.564819960000023, 24.880372731000023 ], [ 121.564353353000115, 24.878427698000053 ], [ 121.5645617240001, 24.877133793000041 ], [ 121.566491677000045, 24.876939929000059 ], [ 121.568457134000028, 24.87756188700007 ], [ 121.570031468000025, 24.876566980000064 ], [ 121.571355655000048, 24.876887710000062 ], [ 121.573383864000107, 24.874786848000042 ], [ 121.575961957000118, 24.875080179000065 ], [ 121.578072589000044, 24.874197207000066 ], [ 121.580760009000073, 24.874169970000025 ], [ 121.583703045000107, 24.873318725000047 ], [ 121.585179921000076, 24.872606915000063 ], [ 121.587310494, 24.870619132000058 ], [ 121.589884818000087, 24.869471023000074 ], [ 121.592116186000112, 24.866442433000032 ], [ 121.596054374000119, 24.866235213000039 ], [ 121.597732910000104, 24.864143274000071 ], [ 121.601126642000054, 24.863252704000047 ], [ 121.609279161000018, 24.863055463000023 ], [ 121.614669799000012, 24.861380223000026 ], [ 121.615467508000052, 24.860697026000025 ], [ 121.617947571000059, 24.861923618000048 ], [ 121.619590572000106, 24.861523208000051 ], [ 121.620238209000036, 24.862940249000076 ], [ 121.621259506000115, 24.863233313000023 ], [ 121.625458325000068, 24.861499829000024 ], [ 121.629769749000047, 24.861416220000024 ], [ 121.631936384000028, 24.859348950000026 ], [ 121.634052152000095, 24.858944382000061 ], [ 121.635210943000061, 24.857421440000053 ], [ 121.637712133000036, 24.859498830000064 ], [ 121.638937880000071, 24.861306942000056 ], [ 121.641301390000081, 24.862030052000023 ], [ 121.643324433000089, 24.860615488000064 ], [ 121.644661502000076, 24.860733645000039 ], [ 121.64573056800009, 24.859414247000075 ], [ 121.650616202000037, 24.856936381000025 ], [ 121.651266848000091, 24.856052563000048 ], [ 121.652975869000102, 24.85521863300005 ], [ 121.655040033000091, 24.851368104000073 ], [ 121.657153060000041, 24.849653403000048 ], [ 121.659521089, 24.85117623900004 ], [ 121.661300483000105, 24.850242973000036 ], [ 121.664042259000098, 24.849627033000047 ], [ 121.665633135, 24.850359704000027 ], [ 121.669767620000016, 24.848048192000078 ], [ 121.673141878000024, 24.849255353000046 ], [ 121.673998378000078, 24.848909452000044 ], [ 121.677242551000063, 24.849709933000042 ], [ 121.677904715000068, 24.848974847000022 ], [ 121.679583002000072, 24.849656848000052 ], [ 121.681733991000101, 24.849647750000031 ], [ 121.682221564000088, 24.850210668000045 ], [ 121.685331585000085, 24.849402394000037 ], [ 121.687391414000103, 24.849960747000068 ], [ 121.688183443000071, 24.849585604000026 ], [ 121.688509222000107, 24.848370630000034 ], [ 121.690681159000064, 24.848107414000026 ], [ 121.691768178000075, 24.846459670000058 ], [ 121.692035552000107, 24.845011318000047 ], [ 121.693123437000054, 24.844080391000034 ], [ 121.694344584000078, 24.843576385000063 ], [ 121.696643191000021, 24.84357019600003 ], [ 121.697679391000065, 24.842985780000049 ], [ 121.704064737000067, 24.842273298000066 ], [ 121.707526191000056, 24.83884579100004 ], [ 121.706761037000092, 24.837792970000066 ], [ 121.701730143000077, 24.834347524000066 ], [ 121.700259653000103, 24.83465751500006 ], [ 121.699164359000065, 24.835576561000039 ], [ 121.69816012800004, 24.834201976000031 ], [ 121.696404016000088, 24.834619621000058 ], [ 121.696710798000026, 24.833728602000065 ], [ 121.696100731000115, 24.831973005000066 ], [ 121.69616640400011, 24.829894120000063 ], [ 121.694337826000037, 24.829073507000032 ], [ 121.69229306200009, 24.827279856000075 ], [ 121.690216264000014, 24.826858678000065 ], [ 121.687968639000019, 24.825416203000032 ], [ 121.687757845000078, 24.824191604000077 ], [ 121.689678571000059, 24.822712814000056 ], [ 121.690118321000114, 24.821492393000028 ], [ 121.688950453000075, 24.819328039000027 ], [ 121.689280221000104, 24.817170455000053 ], [ 121.688308985000049, 24.816124741000067 ], [ 121.687290415, 24.816199796000035 ], [ 121.686197973000048, 24.817525394000029 ], [ 121.683066705000101, 24.816910609000047 ], [ 121.681240725000066, 24.817615829000033 ], [ 121.677156424000032, 24.814091604000055 ], [ 121.675314923000087, 24.814699247000078 ], [ 121.674283322000065, 24.814126999000052 ], [ 121.669049659000052, 24.818009154000038 ], [ 121.668631633000018, 24.81679048500007 ], [ 121.664798083000051, 24.814415202000077 ], [ 121.66301649400009, 24.812627762000034 ], [ 121.661056063000046, 24.81193384200003 ], [ 121.660690209000109, 24.810828607000076 ], [ 121.653114510000023, 24.81126590100007 ], [ 121.651590383000098, 24.811814705000074 ], [ 121.650518938000118, 24.812968311000077 ], [ 121.648673175000113, 24.812654184000053 ], [ 121.647374095000032, 24.813951819000067 ], [ 121.6462118930001, 24.810313299000029 ], [ 121.64503658000001, 24.809289337000052 ], [ 121.644148690000065, 24.809252469000057 ], [ 121.642031473000088, 24.81043922200007 ], [ 121.638802840000039, 24.810725374000071 ], [ 121.63722559200005, 24.809438115000034 ], [ 121.630410596000047, 24.809018929000047 ], [ 121.628664376000074, 24.807960093000077 ], [ 121.625827395000101, 24.808780145000071 ], [ 121.626414444000034, 24.805275300000062 ], [ 121.625944286000049, 24.802843411000026 ], [ 121.624815260000105, 24.801610058000051 ], [ 121.62601328300002, 24.796668447000059 ], [ 121.625471473000061, 24.795060170000056 ], [ 121.623456824000073, 24.794331154000076 ], [ 121.620961169000111, 24.792503170000032 ], [ 121.616810715000042, 24.793887900000072 ], [ 121.61333525100008, 24.793198104000055 ], [ 121.609636790000081, 24.793765686000029 ], [ 121.607158635000019, 24.79039597600007 ], [ 121.605643735000058, 24.789126114000055 ], [ 121.602932165000084, 24.789439367000057 ], [ 121.598890537000102, 24.787698694000028 ], [ 121.593439814000021, 24.787296195000067 ], [ 121.592084117000013, 24.787734034000039 ] ] ] } },
{ "type": "Feature", "properties": { "county": "新北市", "town": "瑞芳區", "lab_lon": 121.80337, "lab_lat": 25.08916 }, "geometry": { "type": "Polygon", "coordinates": [ [ [ 121.832145159000106, 25.070406195000032 ], [ 121.8323560770001, 25.068905393000023 ], [ 121.829576443000065, 25.064236683000047 ], [ 121.829732727000078, 25.063012763000074 ], [ 121.830528334000064, 25.06196637100004 ], [ 121.830511906000083, 25.059141812000064 ], [ 121.831276117000016, 25.058127108000065 ], [ 121.830392959000051, 25.056289535000076 ], [ 121.831641947000094, 25.054884721000064 ], [ 121.833808962000035, 25.050345808000031 ], [ 121.833871613000042, 25.048225862000038 ], [ 121.834763041000087, 25.04745867400004 ], [ 121.834706023000081, 25.04589442200006 ], [ 121.834054878000074, 25.045304581000039 ], [ 121.834044214000073, 25.044474970000067 ], [ 121.831941948, 25.044121601000029 ], [ 121.830253995000021, 25.04514892900005 ], [ 121.827625030000036, 25.04552867700005 ], [ 121.826716106000049, 25.044870348000075 ], [ 121.824785187000089, 25.044902645000036 ], [ 121.823519723000118, 25.045924853000031 ], [ 121.821804849000046, 25.045973571000047 ], [ 121.819560705000072, 25.042799037000066 ], [ 121.81806533300005, 25.04203734500004 ], [ 121.816879107000091, 25.042114120000065 ], [ 121.816773393000062, 25.04289917400007 ], [ 121.814786071000071, 25.045684609000034 ], [ 121.815295197000069, 25.047958416000029 ], [ 121.813554624000062, 25.051808618000052 ], [ 121.813420317, 25.053402649000077 ], [ 121.814236664000077, 25.058068785000046 ], [ 121.812556787000062, 25.059226634000026 ], [ 121.810156158000041, 25.059684842000024 ], [ 121.806776170000035, 25.058057311000027 ], [ 121.805962165000096, 25.058396219000031 ], [ 121.80500844900007, 25.060479375000057 ], [ 121.805089095000085, 25.062330510000038 ], [ 121.804460900000095, 25.063406584000063 ], [ 121.805621761000111, 25.065005295000049 ], [ 121.805616723000071, 25.066407322000032 ], [ 121.803310749000048, 25.067967665000026 ], [ 121.800386367000101, 25.073004125000068 ], [ 121.797893438000074, 25.075920776000032 ], [ 121.795151204000035, 25.077350978000027 ], [ 121.791055904000018, 25.076572767000073 ], [ 121.788488318000077, 25.075514931000043 ], [ 121.784597851000058, 25.072521927000025 ], [ 121.783196190000012, 25.072658295000053 ], [ 121.781468022000013, 25.071949587000063 ], [ 121.780924549000019, 25.071158248000074 ], [ 121.778142738000042, 25.071231431000058 ], [ 121.775682540000048, 25.070058392000078 ], [ 121.773644690000083, 25.07306546600006 ], [ 121.772166679000065, 25.074121865000052 ], [ 121.771314899000117, 25.076138133000029 ], [ 121.769421655000087, 25.077903137000078 ], [ 121.767091080000114, 25.078770892000023 ], [ 121.761599659000012, 25.078415284000073 ], [ 121.760032091000085, 25.081021899000064 ], [ 121.759170833000098, 25.084260978000032 ], [ 121.759581726000079, 25.086776177000047 ], [ 121.75916648000009, 25.088509272000067 ], [ 121.759821006000038, 25.090239741000062 ], [ 121.758361068000113, 25.094127208000032 ], [ 121.758395605000032, 25.094891329000063 ], [ 121.759466947000078, 25.096361788000024 ], [ 121.759360610000044, 25.099189311000032 ], [ 121.759890684000084, 25.100615266000034 ], [ 121.756802662000041, 25.101817269000037 ], [ 121.756699608000076, 25.102752255000041 ], [ 121.75740415700011, 25.102631550000069 ], [ 121.758053527000015, 25.103684329000032 ], [ 121.757433127000013, 25.104233595000039 ], [ 121.757520673000045, 25.106400371000063 ], [ 121.756057709000061, 25.108406440000067 ], [ 121.75396029, 25.108712540000056 ], [ 121.752738359000091, 25.106844875000036 ], [ 121.7507992190001, 25.107829878000075 ], [ 121.750033033000022, 25.109723075000034 ], [ 121.751899809000065, 25.111016792000044 ], [ 121.757139298000084, 25.110120019000078 ], [ 121.759390268000061, 25.112587063000035 ], [ 121.761452327000029, 25.112389332000078 ], [ 121.763285479000047, 25.113442117000034 ], [ 121.765462422000041, 25.113246701000037 ], [ 121.766907606000018, 25.11252309300005 ], [ 121.767991792000089, 25.113944770000046 ], [ 121.769727465000074, 25.114965109000025 ], [ 121.771934784000109, 25.119055048000064 ], [ 121.773526525000079, 25.120273097000052 ], [ 121.774905046000072, 25.119892365000055 ], [ 121.776034546000119, 25.118621702000041 ], [ 121.777033386000085, 25.118681010000046 ], [ 121.779396348000091, 25.117570693000062 ], [ 121.780703290000019, 25.11764763900004 ], [ 121.783374844000036, 25.116615122000042 ], [ 121.785279357000036, 25.118220086000065 ], [ 121.785924257000033, 25.118189134000033 ], [ 121.790155659000106, 25.112262637000072 ], [ 121.792374437000035, 25.112866638000071 ], [ 121.794774299000096, 25.112615960000028 ], [ 121.795688661000099, 25.113743416000034 ], [ 121.797767251000096, 25.114313443000071 ], [ 121.79794326800004, 25.116115017000027 ], [ 121.798629506000111, 25.116658966000045 ], [ 121.79768126700003, 25.116918317000057 ], [ 121.797583351000071, 25.117718744000058 ], [ 121.798730954, 25.11842635000005 ], [ 121.79888117500002, 25.119086997000068 ], [ 121.797616639000012, 25.119818098000053 ], [ 121.797076936000053, 25.121282421000046 ], [ 121.794205646000023, 25.123349662000066 ], [ 121.794577738000044, 25.126326698000071 ], [ 121.796156759000041, 25.12540513700003 ], [ 121.797174515000052, 25.125347821000048 ], [ 121.798097110000072, 25.124290073000054 ], [ 121.799109374000068, 25.124347579000073 ], [ 121.799807914000098, 25.123122736000028 ], [ 121.801133858000071, 25.122895678000077 ], [ 121.802273353000032, 25.121804552000071 ], [ 121.80313314600005, 25.122161904000052 ], [ 121.803614807000031, 25.123838674000069 ], [ 121.805019402000084, 25.125334013000042 ], [ 121.803776326000047, 25.127446502000055 ], [ 121.804103231000113, 25.12834368700004 ], [ 121.805320627000015, 25.129122247000055 ], [ 121.805057731000034, 25.129939711000077 ], [ 121.805450389000043, 25.130286263000073 ], [ 121.804028235000033, 25.133453678000024 ], [ 121.802526580000062, 25.134329425000033 ], [ 121.803508538000074, 25.136202733000061 ], [ 121.803964977000078, 25.136254827000073 ], [ 121.806846767000025, 25.13561818200003 ], [ 121.807386887, 25.134696676000033 ], [ 121.810425543000065, 25.133099503000039 ], [ 121.815422763000015, 25.134758256000055 ], [ 121.818077483000025, 25.134252137000033 ], [ 121.819210640000051, 25.135102996000057 ], [ 121.8191758050001, 25.134760291000077 ], [ 121.821151988000111, 25.135220485000048 ], [ 121.822695202000091, 25.13626940000006 ], [ 121.826611367000055, 25.135990013000026 ], [ 121.825826137000035, 25.134695382000075 ], [ 121.823395607000066, 25.132762644000024 ], [ 121.824125502000015, 25.131976522000059 ], [ 121.821938995000096, 25.132589169000028 ], [ 121.821714254000085, 25.130540197000073 ], [ 121.819764826000096, 25.129360313000063 ], [ 121.819421878000071, 25.128633887000035 ], [ 121.819550820000018, 25.126822492000031 ], [ 121.819099306000112, 25.12681348600006 ], [ 121.81954951900002, 25.125121221000029 ], [ 121.820451616000014, 25.125347417000057 ], [ 121.819696713000098, 25.124865820000025 ], [ 121.819754153000076, 25.12443378200004 ], [ 121.820366694000086, 25.124363983000023 ], [ 121.819878487000096, 25.124222291000024 ], [ 121.821068335000064, 25.122400025000047 ], [ 121.822537752000017, 25.121440103000054 ], [ 121.825400778000017, 25.121730782000043 ], [ 121.825648590000014, 25.122545038000055 ], [ 121.827304349000087, 25.122632691000035 ], [ 121.827974814000072, 25.122194726000032 ], [ 121.827351461000035, 25.124390414000061 ], [ 121.826391717000092, 25.124169282000025 ], [ 121.827728491000016, 25.125218117000031 ], [ 121.827379645000065, 25.124422305000053 ], [ 121.828009713000029, 25.12273514900005 ], [ 121.829571623000106, 25.124373994000052 ], [ 121.828511038000102, 25.127120915000035 ], [ 121.828813464000064, 25.127651094000043 ], [ 121.830280613000014, 25.127793379000025 ], [ 121.831510224000112, 25.127029013000026 ], [ 121.832118760000071, 25.127778672000034 ], [ 121.832828653000092, 25.126997685000049 ], [ 121.833751605000089, 25.127008527000044 ], [ 121.834287342000039, 25.127537320000044 ], [ 121.834093932000087, 25.128424955000071 ], [ 121.836306452000031, 25.128001486000073 ], [ 121.836612152000043, 25.128197140000054 ], [ 121.836062403000028, 25.128264311000066 ], [ 121.836697895000043, 25.128430685000069 ], [ 121.836930766000023, 25.127916387000027 ], [ 121.837392713000099, 25.128392935000079 ], [ 121.838031906000083, 25.128148319000047 ], [ 121.838094752000075, 25.128626273000066 ], [ 121.838827656000035, 25.128121573000044 ], [ 121.839023248000103, 25.128584069000055 ], [ 121.839454525000065, 25.128064064000057 ], [ 121.840702737000015, 25.128597515000024 ], [ 121.84147517200006, 25.12803666800005 ], [ 121.841299787000025, 25.128654647000076 ], [ 121.842063040000085, 25.128139631000067 ], [ 121.841860592000103, 25.128856164000069 ], [ 121.843009184000039, 25.12853037900004 ], [ 121.842869907000022, 25.127820915000029 ], [ 121.84571113800007, 25.127111647000049 ], [ 121.848948219000022, 25.127251345000047 ], [ 121.85608412900001, 25.124811269000077 ], [ 121.860639639000055, 25.124581696000064 ], [ 121.860917443000062, 25.125555685000052 ], [ 121.861324292000063, 25.125091369000074 ], [ 121.862484491000032, 25.126329333000058 ], [ 121.86293467400003, 25.124750327000072 ], [ 121.862632106000092, 25.124301657000046 ], [ 121.864059329000042, 25.124209286000053 ], [ 121.865042697000035, 25.12314441500007 ], [ 121.868511857000044, 25.123142133000044 ], [ 121.868293306000055, 25.123720862000027 ], [ 121.869143975000043, 25.124022977000038 ], [ 121.869878519000054, 25.125371951000034 ], [ 121.870941485000117, 25.123918742000058 ], [ 121.871511115000089, 25.123800227000061 ], [ 121.872518634000016, 25.125382869000077 ], [ 121.873641501000066, 25.124791205000065 ], [ 121.87373010400006, 25.125389071000029 ], [ 121.874558978000096, 25.125473240000076 ], [ 121.874754311000061, 25.124854493000043 ], [ 121.87599229500006, 25.125561836000031 ], [ 121.877415293000013, 25.12504395600007 ], [ 121.87789177500008, 25.123568016000036 ], [ 121.878340319000017, 25.123982864000027 ], [ 121.878382672000043, 25.12344506900007 ], [ 121.879324602000111, 25.123079038000071 ], [ 121.879980091000107, 25.123075192000044 ], [ 121.88056029400002, 25.123948690000077 ], [ 121.880696172000057, 25.123381377000044 ], [ 121.882584621000092, 25.123590448000073 ], [ 121.883022166000046, 25.124043712000059 ], [ 121.883424151000099, 25.123330805000023 ], [ 121.884541503000037, 25.123967108000045 ], [ 121.884365340000045, 25.12332407100007 ], [ 121.885464092, 25.123297442000023 ], [ 121.886297216000116, 25.122481858000071 ], [ 121.888025439000103, 25.123245524000026 ], [ 121.887283532000083, 25.122495240000035 ], [ 121.888369578000038, 25.122546580000062 ], [ 121.889711610000063, 25.12171993000004 ], [ 121.888981575000116, 25.120500115000027 ], [ 121.889820748000034, 25.119862520000027 ], [ 121.891032772000017, 25.120274405000032 ], [ 121.890803205000111, 25.119968894000067 ], [ 121.891260165000062, 25.120159750000028 ], [ 121.891240495000034, 25.119615643000031 ], [ 121.891644700000029, 25.119566548000023 ], [ 121.892351130000065, 25.120340847000023 ], [ 121.892841576000023, 25.119894635000037 ], [ 121.893074538000064, 25.120628415000056 ], [ 121.89339958700009, 25.120101657000077 ], [ 121.894618225000045, 25.120155413000077 ], [ 121.895040733000087, 25.120811220000064 ], [ 121.89597763200004, 25.121007036000037 ], [ 121.896041531000037, 25.12021154100006 ], [ 121.897073503000115, 25.119694438000067 ], [ 121.901755730000104, 25.121298773000035 ], [ 121.903115418000084, 25.122755943000072 ], [ 121.903403559000026, 25.122536894000064 ], [ 121.904432292000024, 25.123289498000076 ], [ 121.904529745000104, 25.124320754000053 ], [ 121.910751318000052, 25.123325630000068 ], [ 121.913568095000073, 25.124923847000048 ], [ 121.913780041000109, 25.124155422000058 ], [ 121.915001024000048, 25.124354617000051 ], [ 121.915249095000036, 25.124819848000072 ], [ 121.914841014000103, 25.12511097600003 ], [ 121.916477496000084, 25.127262849000033 ], [ 121.919700308000074, 25.127851651000071 ], [ 121.922255313000051, 25.129543226000067 ], [ 121.924020564000102, 25.130116788000066 ], [ 121.92604406800001, 25.129664668000032 ], [ 121.926790681000057, 25.128842077000058 ], [ 121.922938278000061, 25.122573542000055 ], [ 121.919560341000079, 25.120501172000047 ], [ 121.915365634000068, 25.119027148000043 ], [ 121.913062615000058, 25.117668813000023 ], [ 121.911498269000049, 25.117744522000066 ], [ 121.90852329900008, 25.116700853000054 ], [ 121.907812046000117, 25.117602219000048 ], [ 121.906354112000031, 25.117411834000052 ], [ 121.903230876000066, 25.115899592000062 ], [ 121.902092658000015, 25.115918099000055 ], [ 121.901658377000103, 25.114819413000077 ], [ 121.900053660000026, 25.113674771000035 ], [ 121.89762990700001, 25.113759414000072 ], [ 121.896579093000014, 25.111328865000075 ], [ 121.895046660000048, 25.110028215000057 ], [ 121.894767980000097, 25.108673580000072 ], [ 121.897399217000043, 25.103646045000062 ], [ 121.896937634000096, 25.102428243000077 ], [ 121.895716064000112, 25.101160530000072 ], [ 121.89245591800011, 25.100572602000057 ], [ 121.890997495000079, 25.101100934000044 ], [ 121.890226564000045, 25.100440505000051 ], [ 121.887371586000086, 25.100331905000075 ], [ 121.88177582600008, 25.097824217000039 ], [ 121.878655747000039, 25.095083183000042 ], [ 121.875688746000037, 25.094581552000022 ], [ 121.874154684000018, 25.095003631000054 ], [ 121.872256403000051, 25.093746699000064 ], [ 121.867064791000075, 25.094104515000026 ], [ 121.866567613000029, 25.095123433000026 ], [ 121.86274512600005, 25.095884942000055 ], [ 121.861903911000013, 25.096496433000027 ], [ 121.858730907000108, 25.096303907000049 ], [ 121.857568041000036, 25.097349716000053 ], [ 121.85585960200001, 25.096145079000053 ], [ 121.85406505800006, 25.095615056000042 ], [ 121.853129099000057, 25.094595770000069 ], [ 121.852582391000055, 25.092032408000023 ], [ 121.851718585000071, 25.090818285000068 ], [ 121.851555068000039, 25.089165575000038 ], [ 121.847394850000114, 25.089149949000046 ], [ 121.84388324400004, 25.084618031000048 ], [ 121.843014105000066, 25.082454796000036 ], [ 121.840740171000107, 25.080629772000066 ], [ 121.840788208000049, 25.079150122000044 ], [ 121.839270770000098, 25.076579343000049 ], [ 121.83666117100006, 25.074172872000076 ], [ 121.834982008000111, 25.073641566000049 ], [ 121.832591606000051, 25.071902109000064 ], [ 121.832145159000106, 25.070406195000032 ] ] ] } },
{ "type": "Feature", "properties": { "county": "新北市", "town": "石碇區", "lab_lon": 121.63608, "lab_lat": 24.9497 }, "geometry": { "type": "Polygon", "coordinates": [ [ [ 121.667036863000021, 24.952437442000075 ], [ 121.665664176000064, 24.949997395000025 ], [ 121.666148566000061, 24.94815307600004 ], [ 121.665875882000023, 24.945652931000041 ], [ 121.666732785000022, 24.944831055000066 ], [ 121.66659135000009, 24.941231364000032 ], [ 121.667002696000054, 24.939845137000077 ], [ 121.669608950000111, 24.938896931000045 ], [ 121.670163518000095, 24.930123842000057 ], [ 121.671691754000108, 24.928351118000023 ], [ 121.674793211000065, 24.926497580000046 ], [ 121.676235895000104, 24.923103036000043 ], [ 121.677919659000054, 24.922085740000057 ], [ 121.67667249100009, 24.921436688000028 ], [ 121.674770585000033, 24.921476276000078 ], [ 121.673253661000103, 24.919965852000075 ], [ 121.669359419000102, 24.917829948000076 ], [ 121.666074237000089, 24.917125423000073 ], [ 121.6637491460001, 24.915900237000074 ], [ 121.663225240000088, 24.914914332000023 ], [ 121.664190982000036, 24.912872648000075 ], [ 121.664211955000042, 24.911092634000056 ], [ 121.666055130000018, 24.908348790000048 ], [ 121.664716687, 24.906915500000025 ], [ 121.6632783230001, 24.906538005000073 ], [ 121.661703454000076, 24.905206493000037 ], [ 121.662073661000022, 24.903472571000066 ], [ 121.660399708000114, 24.901507773000048 ], [ 121.653132579000044, 24.89852675800006 ], [ 121.652835117000109, 24.897637012000075 ], [ 121.651570050000032, 24.897590471000058 ], [ 121.64891754100006, 24.895432236000033 ], [ 121.649943448000045, 24.892894563000027 ], [ 121.651390787000082, 24.892134785000053 ], [ 121.652910353000038, 24.890162011000029 ], [ 121.652598682000075, 24.88914860400007 ], [ 121.651823398000033, 24.888559053000051 ], [ 121.651602687000036, 24.884887687000059 ], [ 121.649678355000106, 24.880329905000053 ], [ 121.65067267500001, 24.878932046000045 ], [ 121.653084084000056, 24.878061034000041 ], [ 121.654130189000057, 24.877117638000072 ], [ 121.654220999000017, 24.876430034000066 ], [ 121.653207094000095, 24.872214886000052 ], [ 121.653382817000079, 24.870626332000029 ], [ 121.650917050000089, 24.869434905000048 ], [ 121.650326438000093, 24.868399159000035 ], [ 121.64828121700009, 24.867799708000064 ], [ 121.64713215900008, 24.863858941000046 ], [ 121.644661502000076, 24.860733645000039 ], [ 121.643324433000089, 24.860615488000064 ], [ 121.641755237000098, 24.861883694000028 ], [ 121.640409488000046, 24.861909962000027 ], [ 121.63844820700001, 24.860888785000043 ], [ 121.637712133000036, 24.859498830000064 ], [ 121.635210943000061, 24.857421440000053 ], [ 121.634052152000095, 24.858944382000061 ], [ 121.631936384000028, 24.859348950000026 ], [ 121.629769749000047, 24.861416220000024 ], [ 121.625458325000068, 24.861499829000024 ], [ 121.621259506000115, 24.863233313000023 ], [ 121.620238209000036, 24.862940249000076 ], [ 121.619590572000106, 24.861523208000051 ], [ 121.617947571000059, 24.861923618000048 ], [ 121.615467508000052, 24.860697026000025 ], [ 121.614669799000012, 24.861380223000026 ], [ 121.609279161000018, 24.863055463000023 ], [ 121.600724360000072, 24.863304259000074 ], [ 121.597732910000104, 24.864143274000071 ], [ 121.595876679000071, 24.866305484000065 ], [ 121.592116186000112, 24.866442433000032 ], [ 121.590035783000076, 24.869347344000062 ], [ 121.586962428000106, 24.870843290000039 ], [ 121.584940097000072, 24.872752840000032 ], [ 121.580949536000048, 24.874124117000065 ], [ 121.578155493000054, 24.874181231000023 ], [ 121.575775593000117, 24.875082245000044 ], [ 121.576747735000026, 24.877865081000039 ], [ 121.577956062000112, 24.879352591000043 ], [ 121.576948794000032, 24.881833546000053 ], [ 121.577918852000039, 24.883220625000035 ], [ 121.576969935000079, 24.884071861000052 ], [ 121.576379588, 24.886004261000039 ], [ 121.576635541000087, 24.887778076000075 ], [ 121.577462672000024, 24.888697642000068 ], [ 121.578243078000014, 24.890819417000046 ], [ 121.578046944000107, 24.892939254000055 ], [ 121.578823853000017, 24.894862588000024 ], [ 121.578645078000022, 24.896290670000042 ], [ 121.576220013000011, 24.898728636000044 ], [ 121.5716621790001, 24.900176346000023 ], [ 121.569181587000116, 24.90164479200007 ], [ 121.568027653000058, 24.90324994100007 ], [ 121.566342448000114, 24.903567550000048 ], [ 121.570270748000098, 24.906409322000059 ], [ 121.571775057000082, 24.908640854000055 ], [ 121.573334620000082, 24.909017979000055 ], [ 121.578950975000112, 24.908957592000036 ], [ 121.584501693000107, 24.911412902000052 ], [ 121.589376361000063, 24.914474682000048 ], [ 121.592713860000117, 24.914102058000026 ], [ 121.594201956, 24.913097101000062 ], [ 121.595378975000017, 24.910955002000037 ], [ 121.596824537000089, 24.910188104000042 ], [ 121.598553944000059, 24.910466590000055 ], [ 121.596988257000021, 24.912125777000028 ], [ 121.596807414000068, 24.91739096200007 ], [ 121.595728666000014, 24.919870818000049 ], [ 121.595607208000047, 24.923858763000055 ], [ 121.5941434880001, 24.927351901000065 ], [ 121.596483050000074, 24.932805942000073 ], [ 121.596405007000044, 24.934790538000073 ], [ 121.596876210000119, 24.935899784000071 ], [ 121.597753705000059, 24.937575770000024 ], [ 121.59987882300004, 24.939135358000044 ], [ 121.599428282000076, 24.941292715000031 ], [ 121.598039688000085, 24.943039353000074 ], [ 121.597977336000099, 24.944714642000065 ], [ 121.600179477000097, 24.945140851000076 ], [ 121.601300174000016, 24.947094107000055 ], [ 121.604462749000049, 24.947030898000037 ], [ 121.605865547, 24.946244317000037 ], [ 121.606701509000118, 24.946431991000054 ], [ 121.607058972000118, 24.947205197000073 ], [ 121.606480650000094, 24.949802284000043 ], [ 121.608493921000104, 24.95216017100006 ], [ 121.607705712000097, 24.956344261000027 ], [ 121.610235794000118, 24.956787849000023 ], [ 121.610584182000025, 24.959411706000026 ], [ 121.609349606000023, 24.963410939000028 ], [ 121.609468543000048, 24.964281725000035 ], [ 121.613666520000038, 24.966436625000028 ], [ 121.61499371900004, 24.966180499000075 ], [ 121.616924554000093, 24.967516861000036 ], [ 121.618103019000046, 24.966826702000048 ], [ 121.619643140000107, 24.96715772400006 ], [ 121.619571652000104, 24.968676653000045 ], [ 121.619983578000074, 24.969283684000061 ], [ 121.625081694000073, 24.97117942400007 ], [ 121.627675828000065, 24.972803600000077 ], [ 121.629179392000083, 24.974357213000076 ], [ 121.631478301000016, 24.975469177000036 ], [ 121.633795229000043, 24.977648499000054 ], [ 121.636721063000095, 24.978804748000073 ], [ 121.637523192000117, 24.979939119000051 ], [ 121.639098601000114, 24.980601122000053 ], [ 121.637759992000042, 24.983357879000039 ], [ 121.637101018000067, 24.986760248000053 ], [ 121.637563747000058, 24.988144466000051 ], [ 121.637139973000103, 24.989458161000073 ], [ 121.637818860000039, 24.991204204000041 ], [ 121.636398335000081, 24.992578195000078 ], [ 121.636539898000024, 24.993568395000068 ], [ 121.637902519000022, 24.995086233000052 ], [ 121.63870862400006, 24.994767724000042 ], [ 121.643905926000116, 24.995153488000028 ], [ 121.644106788000045, 24.996642548000068 ], [ 121.645705503000045, 24.998274993000052 ], [ 121.645129715000053, 24.999294070000076 ], [ 121.645000322000101, 25.001946134000036 ], [ 121.640245850000042, 25.002637087000039 ], [ 121.63929960300004, 25.003800196000043 ], [ 121.639404390000095, 25.005895065000061 ], [ 121.641582313000072, 25.007898992000037 ], [ 121.640477669, 25.00936114600006 ], [ 121.640982149000024, 25.011060233000023 ], [ 121.640460765000057, 25.012169724000046 ], [ 121.641127474000086, 25.014416422000068 ], [ 121.640556325000034, 25.018243907000056 ], [ 121.63917665300005, 25.02073202400004 ], [ 121.640236851000054, 25.022127517000058 ], [ 121.640219140000113, 25.023543915000062 ], [ 121.642981028, 25.024559012000054 ], [ 121.644926535000081, 25.023556134000046 ], [ 121.646429334000118, 25.021705252000061 ], [ 121.649912688000086, 25.023968577000062 ], [ 121.653817463000109, 25.024420324000062 ], [ 121.657637238, 25.023234272000025 ], [ 121.65823561600007, 25.023573124000052 ], [ 121.662578128000064, 25.022776265000061 ], [ 121.663632630000052, 25.022997854000039 ], [ 121.665357060000019, 25.025840801000072 ], [ 121.664833644000055, 25.027798241000028 ], [ 121.665942538000081, 25.029875166000068 ], [ 121.665524383000047, 25.030216419000055 ], [ 121.665836485000113, 25.033729845000039 ], [ 121.670757890000118, 25.032728538000072 ], [ 121.672228656000016, 25.034398736000071 ], [ 121.674478664000048, 25.034908036000047 ], [ 121.67716137900004, 25.034840943000063 ], [ 121.67833573300004, 25.03630965900004 ], [ 121.681155719000117, 25.037526952000064 ], [ 121.684195784000053, 25.040082966000057 ], [ 121.686214722000045, 25.040235386000063 ], [ 121.686739739000018, 25.040962991000072 ], [ 121.688398033000112, 25.041609781000034 ], [ 121.6923344920001, 25.041886936000026 ], [ 121.693813838000096, 25.040950793000036 ], [ 121.695784120000098, 25.040695043000028 ], [ 121.695726194000031, 25.039309775000049 ], [ 121.69634729500001, 25.03838472700005 ], [ 121.695508810000092, 25.037776349000069 ], [ 121.695533542000021, 25.036906242000043 ], [ 121.696941270000025, 25.035101276000034 ], [ 121.699726142000031, 25.033975788000078 ], [ 121.701651014000049, 25.033910207000076 ], [ 121.70318519500006, 25.031983209000032 ], [ 121.702961684000115, 25.031005171000061 ], [ 121.703497500000026, 25.030052350000062 ], [ 121.703170255000032, 25.029610475000027 ], [ 121.704488260000062, 25.027515771000026 ], [ 121.704421730000035, 25.026602055000069 ], [ 121.702296529000023, 25.025415721000059 ], [ 121.701063155000043, 25.023196891000055 ], [ 121.704215255, 25.018320942000059 ], [ 121.706837844, 25.017190553000034 ], [ 121.706176258000028, 25.014918843000032 ], [ 121.711914780000029, 25.009710745000064 ], [ 121.713632937000057, 25.006007660000023 ], [ 121.717742480000084, 25.00738708800003 ], [ 121.719637912000053, 25.007377680000047 ], [ 121.721061672000019, 25.008813688000032 ], [ 121.721928483000056, 25.008190484000067 ], [ 121.722633325000061, 25.00505976900007 ], [ 121.721775723000064, 25.00129854000005 ], [ 121.720502232000058, 25.000890749000064 ], [ 121.72058464600002, 24.999879064000027 ], [ 121.721403973000065, 24.998393634000024 ], [ 121.723700222000048, 24.996169839000061 ], [ 121.725083085000051, 24.992156829000066 ], [ 121.726817630000028, 24.989230182000028 ], [ 121.724647134000065, 24.986782930000061 ], [ 121.724840732000075, 24.984945633000052 ], [ 121.724114808000081, 24.982991500000026 ], [ 121.721879153000032, 24.982282288000079 ], [ 121.720952566000051, 24.981406050000032 ], [ 121.720734651000043, 24.980263747000038 ], [ 121.718647040000064, 24.980106705000026 ], [ 121.71727287300007, 24.979175313000042 ], [ 121.718424467000091, 24.97587216900007 ], [ 121.71761621600001, 24.97256980800006 ], [ 121.717765046000068, 24.971422582000059 ], [ 121.714939751000088, 24.970876020000048 ], [ 121.712135796000098, 24.972428535000063 ], [ 121.710976688000073, 24.971790259000045 ], [ 121.707794780000086, 24.97267520500003 ], [ 121.706534745000113, 24.971453883000038 ], [ 121.704655308000042, 24.970650311000043 ], [ 121.702293224000073, 24.966853977000028 ], [ 121.700098475000118, 24.966482918000054 ], [ 121.698640708000084, 24.964662820000058 ], [ 121.694114546000037, 24.964521848000061 ], [ 121.691450252000095, 24.963170707000074 ], [ 121.688709529000107, 24.963462094000079 ], [ 121.686670396000068, 24.961311650000027 ], [ 121.685357485000054, 24.958494576000078 ], [ 121.683191282000053, 24.957432269000037 ], [ 121.682516208000038, 24.956146947000036 ], [ 121.68069472500008, 24.954602498000042 ], [ 121.675827104000064, 24.954136474000052 ], [ 121.669398107, 24.952318305000063 ], [ 121.667036863000021, 24.952437442000075 ] ] ] } },
{ "type": "Feature", "properties": { "county": "新北市", "town": "石門區", "lab_lon": 121.58323, "lab_lat": 25.25768 }, "geometry": { "type": "Polygon", "coordinates": [ [ [ 121.567619867000076, 25.217876314000023 ], [ 121.565987539000048, 25.21501031300005 ], [ 121.562920263000024, 25.220191795000062 ], [ 121.562658735000014, 25.222017050000034 ], [ 121.560304827000095, 25.223213269000041 ], [ 121.557502196000087, 25.226664241000037 ], [ 121.555642445000103, 25.227556223000079 ], [ 121.556113002000075, 25.229130227000041 ], [ 121.55560787200011, 25.230859809000037 ], [ 121.556463093000048, 25.233827205000068 ], [ 121.554166320000036, 25.239533521000055 ], [ 121.550795948000086, 25.242551727000034 ], [ 121.552565511000012, 25.243855690000032 ], [ 121.551914131000103, 25.245152506000068 ], [ 121.550449107000077, 25.245395075000033 ], [ 121.548962807000066, 25.244414747000064 ], [ 121.548171740000043, 25.242804877000026 ], [ 121.545437288000016, 25.240943078000043 ], [ 121.544544076000079, 25.241435049000074 ], [ 121.545875775000013, 25.243498215000045 ], [ 121.544558289000065, 25.245134768000071 ], [ 121.54650764500002, 25.246542169000065 ], [ 121.547723833000077, 25.249680394000052 ], [ 121.546412445000101, 25.253551622000032 ], [ 121.546951420000028, 25.254414113000053 ], [ 121.547952139000017, 25.254847031000054 ], [ 121.547956899000042, 25.257623012000067 ], [ 121.548876394000104, 25.259172740000054 ], [ 121.549676272000056, 25.259481754000035 ], [ 121.550360609000109, 25.261575742000048 ], [ 121.549878546000059, 25.263474922000057 ], [ 121.548238728000115, 25.266126324000027 ], [ 121.547503415000051, 25.265976709000029 ], [ 121.547508845000038, 25.265410717000066 ], [ 121.545824860000039, 25.266924795000023 ], [ 121.543087385000035, 25.268100719000074 ], [ 121.541773287000069, 25.267989484000054 ], [ 121.541378667000117, 25.266482234000023 ], [ 121.540768158000105, 25.266564305000031 ], [ 121.54040615800011, 25.265659373000062 ], [ 121.5388354910001, 25.266205729000035 ], [ 121.534146798000052, 25.26597885700005 ], [ 121.533525829000041, 25.26550220300004 ], [ 121.533148529000073, 25.266459920000045 ], [ 121.532046297000079, 25.265800333000072 ], [ 121.532264970000028, 25.264898588000051 ], [ 121.530921939000109, 25.263936608000051 ], [ 121.531711823000023, 25.260383800000056 ], [ 121.530817444000036, 25.260914081000067 ], [ 121.529673753000111, 25.260118946000034 ], [ 121.528987524000058, 25.260241051000037 ], [ 121.52822320700011, 25.261499938000043 ], [ 121.526500708000071, 25.260963453000045 ], [ 121.526291760000049, 25.262230243000033 ], [ 121.524086704000069, 25.263701586000025 ], [ 121.523744188000023, 25.266015641000024 ], [ 121.522600856000054, 25.266220840000074 ], [ 121.521431143000086, 25.268537824000077 ], [ 121.519682382000042, 25.269025768000063 ], [ 121.516379312000026, 25.272964037000065 ], [ 121.515127598000049, 25.276163003000079 ], [ 121.511771986000099, 25.276553334000027 ], [ 121.510812699000098, 25.277418008000041 ], [ 121.508328798000093, 25.278138884000043 ], [ 121.508639827000025, 25.279535121000038 ], [ 121.507988737000119, 25.280159875000038 ], [ 121.507660736000048, 25.282772154000043 ], [ 121.508995432, 25.282925123000041 ], [ 121.509374851000075, 25.283439519000069 ], [ 121.509366613000111, 25.285475425000072 ], [ 121.508449352000071, 25.286926520000065 ], [ 121.508319145000087, 25.289082746000076 ], [ 121.509303392000106, 25.291308784000023 ], [ 121.510715268000013, 25.291999814000064 ], [ 121.511855552000043, 25.29180228000007 ], [ 121.513411646, 25.289947977000054 ], [ 121.513781779000055, 25.287235939000027 ], [ 121.514379601000087, 25.286281966000047 ], [ 121.516909504000068, 25.284899136000035 ], [ 121.518597672000055, 25.284776376000025 ], [ 121.520826180000086, 25.285512553000046 ], [ 121.520748909000076, 25.286402064000072 ], [ 121.521695635000015, 25.286865140000032 ], [ 121.524266937000107, 25.286793173000035 ], [ 121.525942110000074, 25.286014434000037 ], [ 121.529441060000067, 25.287597338000069 ], [ 121.531633832000011, 25.289635365000038 ], [ 121.533340727000109, 25.289871602000062 ], [ 121.534804714000074, 25.291695899000047 ], [ 121.534843518000116, 25.292489996000029 ], [ 121.533598964000021, 25.294987756000069 ], [ 121.533764718000043, 25.297063616000059 ], [ 121.537139018000062, 25.300302898000041 ], [ 121.539362268000104, 25.29921022700006 ], [ 121.540721144000031, 25.297846790000051 ], [ 121.541216844000019, 25.294586852000066 ], [ 121.54534401300009, 25.292498867000063 ], [ 121.546940255000095, 25.292315130000077 ], [ 121.547482979000051, 25.291732008000054 ], [ 121.550393729, 25.29163051300003 ], [ 121.553554112000029, 25.293033069000046 ], [ 121.560310936000064, 25.291978553000035 ], [ 121.561965501000032, 25.293135060000054 ], [ 121.56392083500009, 25.293507787000067 ], [ 121.56567098000005, 25.293261383000072 ], [ 121.565978579000102, 25.293849571000067 ], [ 121.565432533000035, 25.294033530000036 ], [ 121.566852729000061, 25.295047049000061 ], [ 121.566081075000056, 25.295946944000036 ], [ 121.566752255000097, 25.295685047000063 ], [ 121.567398841000113, 25.297050868000042 ], [ 121.569311402000039, 25.298454564000053 ], [ 121.572237820000055, 25.298412042000052 ], [ 121.57492799900001, 25.299129606000065 ], [ 121.577340114000094, 25.298983931000066 ], [ 121.588690423000116, 25.292623982000066 ], [ 121.59064859700004, 25.29207156800004 ], [ 121.593754671000056, 25.292071241000031 ], [ 121.595375238000088, 25.291396171000031 ], [ 121.598040790000027, 25.291431936000038 ], [ 121.597334296000099, 25.291337234000025 ], [ 121.59761086200001, 25.289950687000044 ], [ 121.602397419000113, 25.287714057000073 ], [ 121.603950343000065, 25.286486718000049 ], [ 121.607933757000069, 25.281454738000036 ], [ 121.615698733000045, 25.279244831000028 ], [ 121.617859449000093, 25.278140067000038 ], [ 121.620768277000025, 25.275758732000043 ], [ 121.619389613000067, 25.273962079000057 ], [ 121.61779853400003, 25.27320829100006 ], [ 121.617108828000028, 25.268224505000035 ], [ 121.616028964000066, 25.266939499000046 ], [ 121.617259646000093, 25.265106598000045 ], [ 121.61688145700009, 25.263845093000043 ], [ 121.617489534000015, 25.263252869000041 ], [ 121.616928379000115, 25.262547645000041 ], [ 121.618046614000036, 25.259912237000037 ], [ 121.617896882000082, 25.258746349000035 ], [ 121.618616741000096, 25.25804610800003 ], [ 121.618015088000107, 25.256319595000036 ], [ 121.616505888, 25.254823801000043 ], [ 121.615819393000038, 25.253401883000038 ], [ 121.613645080000083, 25.253995474000078 ], [ 121.6103960800001, 25.253986739000027 ], [ 121.60393465300001, 25.252916947000074 ], [ 121.600328892000107, 25.249009627000078 ], [ 121.600009880000016, 25.246682870000029 ], [ 121.598082133000048, 25.243473574000063 ], [ 121.594226106000065, 25.242447644000038 ], [ 121.590346324000052, 25.23816374200004 ], [ 121.585978517000058, 25.234403860000043 ], [ 121.58386749500005, 25.233182206000038 ], [ 121.581620432000022, 25.228392671000051 ], [ 121.581961759000023, 25.225441702000069 ], [ 121.581100346000085, 25.223262955000052 ], [ 121.578118961000087, 25.220915017000038 ], [ 121.571418525000013, 25.22041710600007 ], [ 121.567619867000076, 25.217876314000023 ] ] ] } },
{ "type": "Feature", "properties": { "county": "新北市", "town": "萬里區", "lab_lon": 121.65635, "lab_lat": 25.17646 }, "geometry": { "type": "Polygon", "coordinates": [ [ [ 121.691114710000079, 25.166021440000065 ], [ 121.691018994000046, 25.164648225000064 ], [ 121.688832195000032, 25.164089817000047 ], [ 121.687275292000095, 25.161562684000046 ], [ 121.684830323000028, 25.160102705000043 ], [ 121.683177165000075, 25.160650447000023 ], [ 121.682719533000068, 25.159356898000055 ], [ 121.681024630000024, 25.15917367000003 ], [ 121.678403504000016, 25.157433192000042 ], [ 121.6776159100001, 25.155743055000073 ], [ 121.671470362000036, 25.155563866000023 ], [ 121.669630659000063, 25.154621542000029 ], [ 121.669120399, 25.153347646000043 ], [ 121.664271703000054, 25.15222327400005 ], [ 121.662323582000113, 25.152599083000041 ], [ 121.660685545000092, 25.152086668000038 ], [ 121.658280836000017, 25.152231064000034 ], [ 121.655537073000119, 25.149053841000068 ], [ 121.652995117000046, 25.148248730000034 ], [ 121.652114214000107, 25.148448850000023 ], [ 121.651456860000053, 25.14796242400007 ], [ 121.649623193000025, 25.144892002000063 ], [ 121.645676671000047, 25.145819792000054 ], [ 121.643678666000028, 25.14567816400006 ], [ 121.642010238000012, 25.144947297000044 ], [ 121.639818219000063, 25.145843136000053 ], [ 121.638678166000091, 25.144238361000077 ], [ 121.636265369000057, 25.143552717000034 ], [ 121.634531331000062, 25.143893255000023 ], [ 121.632059996000066, 25.142613784000048 ], [ 121.630904858, 25.142531667000071 ], [ 121.62906186500004, 25.141637909000053 ], [ 121.626797669000098, 25.139704793000078 ], [ 121.623941670000022, 25.139670777000049 ], [ 121.61897452300002, 25.138338263000037 ], [ 121.616779461000078, 25.138909330000047 ], [ 121.61627977, 25.137570878000076 ], [ 121.611467284000014, 25.133388952000075 ], [ 121.608867712, 25.132240857000056 ], [ 121.607820915000048, 25.130210733000069 ], [ 121.604590963000078, 25.130852686000026 ], [ 121.604572034000057, 25.134538090000035 ], [ 121.605692065000085, 25.136741688000029 ], [ 121.605026264000116, 25.136974858000031 ], [ 121.604074819000061, 25.136175275000028 ], [ 121.603404646000058, 25.13705763300004 ], [ 121.601664577000065, 25.137901636000038 ], [ 121.600511908000044, 25.139368303000026 ], [ 121.598390705000043, 25.140305817000069 ], [ 121.596946128000013, 25.142571552000049 ], [ 121.595793286000116, 25.143431361000069 ], [ 121.596012221000024, 25.144758062000051 ], [ 121.595250757000031, 25.146579824000071 ], [ 121.593916218000118, 25.148053191000031 ], [ 121.593581168000014, 25.150299024000049 ], [ 121.589359591000061, 25.152452267000058 ], [ 121.590386074000094, 25.153304699000046 ], [ 121.591840315000013, 25.15588501600007 ], [ 121.591780298000117, 25.157659023000065 ], [ 121.590508800000066, 25.160390750000033 ], [ 121.589845534, 25.163732374000062 ], [ 121.592426444000012, 25.164070633000051 ], [ 121.593291887000078, 25.164799711000057 ], [ 121.596681732000093, 25.165612339000063 ], [ 121.597370053000077, 25.167222202000062 ], [ 121.600785220000034, 25.170494070000075 ], [ 121.603060360000086, 25.173759361000066 ], [ 121.603963835000059, 25.175168950000057 ], [ 121.603990506000059, 25.17623824900005 ], [ 121.605659581000054, 25.176491768000062 ], [ 121.606936249000114, 25.177472440000031 ], [ 121.607369063000078, 25.179146148000029 ], [ 121.607211505, 25.181250129000034 ], [ 121.609303280000063, 25.183829255000035 ], [ 121.610056836000012, 25.186423123000054 ], [ 121.610943433000102, 25.18722617700007 ], [ 121.611309518000098, 25.190211532000035 ], [ 121.610860771000034, 25.191041168000027 ], [ 121.611862374000111, 25.191509120000035 ], [ 121.612406619000012, 25.193224306000047 ], [ 121.610582379000107, 25.194553937000023 ], [ 121.611157767, 25.195954948000065 ], [ 121.611990547000119, 25.196806737000031 ], [ 121.61265465200006, 25.196972664000043 ], [ 121.613197510000077, 25.196478776000049 ], [ 121.615835612000069, 25.199306893000028 ], [ 121.616682284000035, 25.200998826000045 ], [ 121.619780422000076, 25.203506744000038 ], [ 121.621075227, 25.203092082000069 ], [ 121.622114155000077, 25.203400041000066 ], [ 121.623897120000038, 25.206221841000058 ], [ 121.629562997000107, 25.210684126000046 ], [ 121.630179153000086, 25.211743997000042 ], [ 121.632651598000052, 25.213217413000052 ], [ 121.634471691000044, 25.213555781000025 ], [ 121.637736200000063, 25.215704773000027 ], [ 121.641977783000016, 25.216002711000044 ], [ 121.642655116000014, 25.217149875000075 ], [ 121.643449726000085, 25.21741869300007 ], [ 121.643249632000106, 25.218222601000036 ], [ 121.644060894000063, 25.218420180000066 ], [ 121.643658742000071, 25.218844304000072 ], [ 121.643733423000072, 25.220080719000066 ], [ 121.645970275000082, 25.221611476000078 ], [ 121.650186972000029, 25.222719797000025 ], [ 121.653465558000107, 25.216279819000079 ], [ 121.655856018, 25.213300334000053 ], [ 121.660809569000094, 25.208834805000038 ], [ 121.662139762000038, 25.208463404000042 ], [ 121.660837392000076, 25.208179299000051 ], [ 121.66191953100008, 25.208088638000049 ], [ 121.663734353000109, 25.209673486000042 ], [ 121.66223212400007, 25.207741339000052 ], [ 121.662843686000087, 25.207480909000026 ], [ 121.664300849000028, 25.209236118000035 ], [ 121.664280677000079, 25.207036057000039 ], [ 121.664886146000072, 25.206664039000032 ], [ 121.666107510000074, 25.207980436000071 ], [ 121.665051034000044, 25.206596934000061 ], [ 121.668789495000055, 25.204002648000028 ], [ 121.669597243000112, 25.20407831600005 ], [ 121.670061134000093, 25.202965425000059 ], [ 121.672529952000104, 25.202130633000024 ], [ 121.673102946000085, 25.202204018000032 ], [ 121.673326104000012, 25.203647453000031 ], [ 121.673475229000019, 25.202945348000071 ], [ 121.674045243000023, 25.203415269000061 ], [ 121.674443112000063, 25.20235883600003 ], [ 121.675319144000014, 25.203185403000077 ], [ 121.673960589000103, 25.20388874300005 ], [ 121.674087486000076, 25.20420822400007 ], [ 121.674895177000053, 25.204004348000069 ], [ 121.677748254000107, 25.205947881000043 ], [ 121.678085877000058, 25.20594784900004 ], [ 121.677795765000042, 25.204633761000025 ], [ 121.678490895000095, 25.202632192000067 ], [ 121.679301203000023, 25.202816306000045 ], [ 121.681462074000024, 25.204289716000062 ], [ 121.681394587000113, 25.205640508000045 ], [ 121.682474959000047, 25.205579033000049 ], [ 121.685997666000048, 25.20818930400003 ], [ 121.686053790000074, 25.207789072000025 ], [ 121.68726025, 25.207834424000055 ], [ 121.687324722000085, 25.205076738000059 ], [ 121.688900073000013, 25.205230389000064 ], [ 121.689316552000037, 25.205836678000026 ], [ 121.688264023000102, 25.206500172000062 ], [ 121.689383068000097, 25.207364978000044 ], [ 121.688486522000062, 25.208319078000045 ], [ 121.689649649000103, 25.207554848000029 ], [ 121.690375362000054, 25.208218349000049 ], [ 121.692401068000095, 25.208586525000044 ], [ 121.692671204000021, 25.208156760000065 ], [ 121.692941347000101, 25.209384707000027 ], [ 121.694021671000087, 25.209875801000067 ], [ 121.694359404000011, 25.211779034000074 ], [ 121.696115022000072, 25.213006785000061 ], [ 121.696520245000102, 25.214664486000061 ], [ 121.701314528000012, 25.217488219000074 ], [ 121.701491010000041, 25.217029525000044 ], [ 121.702381077000041, 25.217141106000042 ], [ 121.701705796000056, 25.21651324000004 ], [ 121.702529931000072, 25.216260198000043 ], [ 121.7009459840001, 25.215343533000066 ], [ 121.701358090000099, 25.214735929000028 ], [ 121.701021344000083, 25.214218576000064 ], [ 121.699158936000117, 25.213092688000074 ], [ 121.699081313000079, 25.21251206900007 ], [ 121.693375799000023, 25.207655689000035 ], [ 121.693783002000032, 25.207438884000055 ], [ 121.692773049000039, 25.206678950000025 ], [ 121.692407003000085, 25.205104679000044 ], [ 121.692798351000079, 25.204704039000035 ], [ 121.692208238000035, 25.205053620000058 ], [ 121.691845914000055, 25.204706108000039 ], [ 121.691911351000044, 25.204349723000064 ], [ 121.693216119000112, 25.204432206000035 ], [ 121.69211590000009, 25.204076001000033 ], [ 121.692726721000099, 25.203306061000035 ], [ 121.693952775000071, 25.204438555000024 ], [ 121.69375328600006, 25.203766072000064 ], [ 121.694227447000117, 25.203393035000033 ], [ 121.69600450400003, 25.203917183000044 ], [ 121.694831677000025, 25.202139276000025 ], [ 121.694021379000105, 25.201770970000041 ], [ 121.694696583000109, 25.200420003000033 ], [ 121.694493967000085, 25.199990218000039 ], [ 121.693346073000043, 25.199867549000032 ], [ 121.69233315200006, 25.197841308000022 ], [ 121.689799452000102, 25.196581445000049 ], [ 121.689514511000084, 25.194644394000079 ], [ 121.688831125000092, 25.19553266500003 ], [ 121.687538822000079, 25.193973318000076 ], [ 121.687606293000044, 25.193482026000027 ], [ 121.685935860000086, 25.192394827000044 ], [ 121.68646784200007, 25.190844488000039 ], [ 121.685716240000033, 25.190095410000026 ], [ 121.687701595000021, 25.185624332000032 ], [ 121.690145015000098, 25.182281505000049 ], [ 121.692668997000055, 25.180131713000037 ], [ 121.693633924000096, 25.18028668200003 ], [ 121.694662639000057, 25.181638962000022 ], [ 121.697242338000024, 25.181455060000076 ], [ 121.69637581500001, 25.18254007400003 ], [ 121.696688983000058, 25.18278523400005 ], [ 121.697859596000058, 25.181368331000044 ], [ 121.698882613000023, 25.180970437000042 ], [ 121.702731325000059, 25.180584463000059 ], [ 121.70347403300002, 25.179970223000055 ], [ 121.703541488000042, 25.178741940000066 ], [ 121.704621868000118, 25.176837981000062 ], [ 121.706580068000108, 25.176960648000033 ], [ 121.707187758000032, 25.176039351000043 ], [ 121.709657925000101, 25.176562356000034 ], [ 121.708687695000094, 25.175309040000059 ], [ 121.706612563000022, 25.173961474000066 ], [ 121.703992567000114, 25.174061111000071 ], [ 121.702248005000115, 25.173517450000077 ], [ 121.702144305000047, 25.172329426000033 ], [ 121.701096495000115, 25.170864660000063 ], [ 121.700941513000089, 25.169287042000065 ], [ 121.699119518000089, 25.168934466000053 ], [ 121.698948505000089, 25.167216864000068 ], [ 121.69762288700008, 25.166775852000058 ], [ 121.696538738000072, 25.167168154000024 ], [ 121.695660746000044, 25.166448162000052 ], [ 121.691613668000059, 25.166407347000074 ], [ 121.691114710000079, 25.166021440000065 ] ] ] } },
{ "type": "Feature", "properties": { "county": "新北市", "town": "蘆洲區", "lab_lon": 121.46918, "lab_lat": 25.08795 }, "geometry": { "type": "Polygon", "coordinates": [ [ [ 121.469595519000109, 25.075984602000062 ], [ 121.464991083000086, 25.077817137000068 ], [ 121.463354254000024, 25.077805815000033 ], [ 121.457942625000101, 25.080678548000037 ], [ 121.455960370000071, 25.082575720000023 ], [ 121.455300579000095, 25.084231341000077 ], [ 121.454633852000029, 25.088479994000068 ], [ 121.455733374000033, 25.092178254000032 ], [ 121.457762307000053, 25.094064264000053 ], [ 121.458239430000049, 25.097968165000054 ], [ 121.461055335000083, 25.09904612400004 ], [ 121.461585396000032, 25.101471779000065 ], [ 121.462667201000045, 25.103163724000069 ], [ 121.466384154000025, 25.10165519800006 ], [ 121.478287400000113, 25.101400175000038 ], [ 121.481076702000109, 25.10087616800007 ], [ 121.486384161000046, 25.098582180000051 ], [ 121.488920272000087, 25.097012813000049 ], [ 121.491148260000045, 25.094764863000023 ], [ 121.488648255000044, 25.092144951000023 ], [ 121.483950299000071, 25.088464768000051 ], [ 121.483632586000112, 25.087398280000059 ], [ 121.484026218000054, 25.084487201000059 ], [ 121.483001293000029, 25.083921512000074 ], [ 121.48206273400001, 25.081660085000067 ], [ 121.479168541000035, 25.078406650000034 ], [ 121.477008790000014, 25.07713252800005 ], [ 121.475344427000095, 25.073216654000078 ], [ 121.473506832000112, 25.072688602000028 ], [ 121.471278927000071, 25.073295478000034 ], [ 121.470269766000115, 25.074253549000048 ], [ 121.469595519000109, 25.075984602000062 ] ] ] } },
{ "type": "Feature", "properties": { "county": "新北市", "town": "貢寮區", "lab_lon": 121.91154, "lab_lat": 25.04153 }, "geometry": { "type": "Polygon", "coordinates": [ [ [ 121.908369722000089, 24.975835956000026 ], [ 121.906345418000114, 24.975139525000031 ], [ 121.906287832000089, 24.974333666000064 ], [ 121.905424455000116, 24.973417314000073 ], [ 121.904118031000053, 24.974661179000066 ], [ 121.902762987000074, 24.974332725000068 ], [ 121.899952633000112, 24.97131519900006 ], [ 121.899377858000094, 24.969271958000036 ], [ 121.897040762000074, 24.966947195000046 ], [ 121.895989587000031, 24.967029164000053 ], [ 121.891816165000023, 24.965128470000025 ], [ 121.889574624000034, 24.964760659000035 ], [ 121.888565504000098, 24.963175294000052 ], [ 121.886860015000025, 24.963974885000027 ], [ 121.88397405, 24.964375163000057 ], [ 121.882313607000015, 24.964131630000054 ], [ 121.879368296000052, 24.962754177000079 ], [ 121.877893041000107, 24.962722636000024 ], [ 121.876057022000055, 24.96145656300007 ], [ 121.873136466, 24.961537863000046 ], [ 121.87101512400011, 24.960742671000048 ], [ 121.865757817000031, 24.96216477400003 ], [ 121.863628843000015, 24.96213399800007 ], [ 121.861252663000073, 24.963660209000068 ], [ 121.860732436000035, 24.965093405000061 ], [ 121.860749447000103, 24.966250953000042 ], [ 121.861686878000114, 24.967744325000069 ], [ 121.861284359000024, 24.968275187000074 ], [ 121.86085343100001, 24.97357869700005 ], [ 121.861272709000104, 24.974785004000069 ], [ 121.862262306000048, 24.975041244000067 ], [ 121.861831613000049, 24.975724872000058 ], [ 121.861864002000061, 24.977792968000074 ], [ 121.862582008000118, 24.979582913000058 ], [ 121.862406874000044, 24.981558879000033 ], [ 121.864165043000071, 24.982426297000075 ], [ 121.865131353000038, 24.98408893900006 ], [ 121.8638088350001, 24.985465396000052 ], [ 121.863999798, 24.986044511000046 ], [ 121.866402065000102, 24.989972282000053 ], [ 121.867351112000051, 24.990347288000066 ], [ 121.867940963000024, 24.991496890000064 ], [ 121.869824763000111, 24.992155982000043 ], [ 121.870976253000094, 24.993207546000065 ], [ 121.872246598000061, 24.996187191000047 ], [ 121.875307533000068, 24.999344834000055 ], [ 121.876034416000039, 25.004156645000023 ], [ 121.878801381000017, 25.007379528000058 ], [ 121.878617697000095, 25.010412994000035 ], [ 121.880615800000101, 25.011761850000028 ], [ 121.880594754000072, 25.01358483100006 ], [ 121.885228346000076, 25.014949854000065 ], [ 121.887069448000034, 25.014102463000029 ], [ 121.888697151000088, 25.014836475000038 ], [ 121.890065104000087, 25.016119638000077 ], [ 121.89112845000011, 25.016351291000035 ], [ 121.890822291000063, 25.018292568000049 ], [ 121.888245494000103, 25.019215618000032 ], [ 121.888196552000068, 25.020701373000065 ], [ 121.889717773000029, 25.020999722000056 ], [ 121.892037033000065, 25.024423439000032 ], [ 121.893024990000072, 25.024735656000075 ], [ 121.893323052000028, 25.024198371000068 ], [ 121.893876972000044, 25.024797178000028 ], [ 121.892153632000031, 25.028590048000069 ], [ 121.894210848000057, 25.031424185000049 ], [ 121.894060683000021, 25.033001522000063 ], [ 121.895185060000017, 25.034858476000068 ], [ 121.896828441000025, 25.039578936000055 ], [ 121.896070598000051, 25.04057105000004 ], [ 121.894812887000057, 25.040418917000068 ], [ 121.892481567000118, 25.041842722000069 ], [ 121.890518047000114, 25.041943801000059 ], [ 121.889958408000098, 25.043876864000026 ], [ 121.88783150200004, 25.044619772000033 ], [ 121.887639107000041, 25.045545378000043 ], [ 121.889357896000092, 25.047810930000026 ], [ 121.88877009600003, 25.049152359000061 ], [ 121.888860463000015, 25.051087898000048 ], [ 121.890581643000019, 25.053203688000053 ], [ 121.889185025000074, 25.054817257000025 ], [ 121.889024753000058, 25.056355375000066 ], [ 121.887987585000019, 25.057285051000065 ], [ 121.887951369, 25.060496026000067 ], [ 121.887105517, 25.063509416000045 ], [ 121.883077192000087, 25.069758367000077 ], [ 121.882949361000101, 25.071870217000026 ], [ 121.88171095000007, 25.072547345000032 ], [ 121.879950098000108, 25.072432119000041 ], [ 121.877638267000066, 25.074725178000051 ], [ 121.877161978000117, 25.076789106000035 ], [ 121.878158132000067, 25.079848857000059 ], [ 121.878428577000022, 25.082956240000044 ], [ 121.877415345000031, 25.085038331000078 ], [ 121.876672603000088, 25.085407788000055 ], [ 121.876027198000088, 25.087254332000043 ], [ 121.877061489000084, 25.091838596000059 ], [ 121.875534204000019, 25.094598804000043 ], [ 121.878655747000039, 25.095083183000042 ], [ 121.88177582600008, 25.097824217000039 ], [ 121.887371586000086, 25.100331905000075 ], [ 121.890226564000045, 25.100440505000051 ], [ 121.890997495000079, 25.101100934000044 ], [ 121.89245591800011, 25.100572602000057 ], [ 121.895716064000112, 25.101160530000072 ], [ 121.896937634000096, 25.102428243000077 ], [ 121.897399217000043, 25.103646045000062 ], [ 121.894767980000097, 25.108673580000072 ], [ 121.895046660000048, 25.110028215000057 ], [ 121.896579093000014, 25.111328865000075 ], [ 121.89762990700001, 25.113759414000072 ], [ 121.900053660000026, 25.113674771000035 ], [ 121.901658377000103, 25.114819413000077 ], [ 121.902092658000015, 25.115918099000055 ], [ 121.903230876000066, 25.115899592000062 ], [ 121.906354112000031, 25.117411834000052 ], [ 121.907812046000117, 25.117602219000048 ], [ 121.90852329900008, 25.116700853000054 ], [ 121.911498269000049, 25.117744522000066 ], [ 121.913095591000115, 25.117679633000023 ], [ 121.915365634000068, 25.119027148000043 ], [ 121.919560341000079, 25.120501172000047 ], [ 121.922580022000034, 25.122313410000061 ], [ 121.921207604000074, 25.121316832000048 ], [ 121.920816032000062, 25.117459042000064 ], [ 121.916947380000011, 25.116176617000065 ], [ 121.916079399000068, 25.114916377000043 ], [ 121.916037361, 25.113857774000053 ], [ 121.91860607600006, 25.112512499000047 ], [ 121.921167564000029, 25.113599620000059 ], [ 121.921177060000105, 25.114144512000053 ], [ 121.92319876800002, 25.113282535000053 ], [ 121.926552491000052, 25.108145556000068 ], [ 121.925456118000056, 25.10610048500007 ], [ 121.923224910000044, 25.105312129000026 ], [ 121.923638918000051, 25.10502634900007 ], [ 121.923297093000087, 25.104478271000062 ], [ 121.924157225000044, 25.103672753000069 ], [ 121.92327226000009, 25.103486919000034 ], [ 121.921932537000089, 25.104059121000034 ], [ 121.9206313520001, 25.10347155200003 ], [ 121.920743807, 25.102906230000031 ], [ 121.91976116100011, 25.102792018000059 ], [ 121.919357141000091, 25.101213168000072 ], [ 121.918972260000032, 25.101099975000068 ], [ 121.919193343000074, 25.100248314000055 ], [ 121.918517404000113, 25.099967623000055 ], [ 121.9197192150001, 25.097686226000064 ], [ 121.919594549000067, 25.094851325000036 ], [ 121.917371143000082, 25.09425483800004 ], [ 121.9144343910001, 25.089747658000078 ], [ 121.914531605000093, 25.08898657800006 ], [ 121.915008315000023, 25.088826658000073 ], [ 121.914504648000047, 25.088800558000059 ], [ 121.914416169000106, 25.085477222000065 ], [ 121.916874145000065, 25.081401674000062 ], [ 121.916182786000036, 25.079686761000062 ], [ 121.916629638000018, 25.079096703000062 ], [ 121.916274431000033, 25.079361798000036 ], [ 121.915447218000054, 25.078707493000024 ], [ 121.915543547000084, 25.076640489000056 ], [ 121.916663361000019, 25.075969994000047 ], [ 121.919852778000063, 25.076298813000051 ], [ 121.924488122000071, 25.072658352000076 ], [ 121.92845616000011, 25.070865602000026 ], [ 121.928147361000015, 25.068816607000031 ], [ 121.930161848000012, 25.066279832000077 ], [ 121.931647119000104, 25.063271658000076 ], [ 121.931255705000012, 25.062861754000039 ], [ 121.931681839000021, 25.061955385000033 ], [ 121.931269516000043, 25.061558513000023 ], [ 121.931787394000025, 25.061069157000077 ], [ 121.930704282000079, 25.061059954000029 ], [ 121.931342828000084, 25.060097431000031 ], [ 121.9306593660001, 25.059907533000057 ], [ 121.931332496000095, 25.056169471000032 ], [ 121.930671335000056, 25.056013152000048 ], [ 121.931572804000098, 25.05410841500003 ], [ 121.929760719000114, 25.05134750700006 ], [ 121.928953583000066, 25.046235379000052 ], [ 121.930304837000108, 25.045529632000068 ], [ 121.930403566000109, 25.04414951900003 ], [ 121.929496459, 25.043511297000066 ], [ 121.930008224000062, 25.043143235000059 ], [ 121.928958459000114, 25.043184802000042 ], [ 121.928994626000076, 25.042174480000028 ], [ 121.930197136000061, 25.042140713000038 ], [ 121.929408158000115, 25.041964946000064 ], [ 121.930366836000076, 25.041766207000023 ], [ 121.929560466000112, 25.041724826000063 ], [ 121.930269271000043, 25.041506859000037 ], [ 121.928962916000046, 25.040995352000039 ], [ 121.934555909000096, 25.032358704000046 ], [ 121.942249292000042, 25.024636647000023 ], [ 121.947109825000098, 25.021062068000049 ], [ 121.949965539000118, 25.020459350000067 ], [ 121.949670302000072, 25.021612244000039 ], [ 121.950652072000025, 25.021681856000043 ], [ 121.9500100570001, 25.022384603000035 ], [ 121.950854497000023, 25.021882912000024 ], [ 121.955453096000042, 25.022717703000069 ], [ 121.956004553000071, 25.022359523000034 ], [ 121.960883184000068, 25.022989367000037 ], [ 121.964866193000034, 25.024682578000068 ], [ 121.96759566500009, 25.023984898000037 ], [ 121.96890261100009, 25.024455697000064 ], [ 121.969933155000035, 25.025482658000044 ], [ 121.973651093000058, 25.02656150100006 ], [ 121.977889589000029, 25.026612844000056 ], [ 121.983020841000098, 25.024917329000061 ], [ 121.990168148000066, 25.021060033000026 ], [ 121.992286159000059, 25.016470746000039 ], [ 121.991454547000103, 25.014969852000036 ], [ 121.991183204000095, 25.012953969000023 ], [ 121.991563320000068, 25.012793536000061 ], [ 121.991832783000064, 25.013623477000067 ], [ 121.9931798450001, 25.014247653000041 ], [ 121.993934539000065, 25.016019632000052 ], [ 121.996344402000091, 25.018784503000063 ], [ 121.997632993000025, 25.019487045000062 ], [ 121.997768326000028, 25.02075760200006 ], [ 121.998019566000039, 25.019426311000075 ], [ 121.998258047000036, 25.019792473000052 ], [ 121.999115313000061, 25.019613123000056 ], [ 122.00144595900008, 25.01523030900006 ], [ 122.002058806000036, 25.015422039000043 ], [ 122.001596279000069, 25.015101989000073 ], [ 122.001819198000021, 25.014805616000046 ], [ 122.002815983000119, 25.01443144700005 ], [ 122.002747415000044, 25.014946206000047 ], [ 122.003105581000113, 25.014437727000029 ], [ 122.004136992000099, 25.015494224000065 ], [ 122.005003105000014, 25.015665002000048 ], [ 122.005235931000016, 25.014756400000067 ], [ 122.006338673000073, 25.015386422000063 ], [ 122.005083368000101, 25.013378079000063 ], [ 122.00606839000011, 25.012403281000047 ], [ 122.005919027000118, 25.011812614000064 ], [ 122.006503267000085, 25.011028415000055 ], [ 122.007500617000119, 25.011734800000056 ], [ 122.005844067000112, 25.00863774100003 ], [ 122.007061778000093, 25.008637757000031 ], [ 122.006948900000111, 25.008021656000039 ], [ 122.005682515000103, 25.007762376000073 ], [ 122.005314948000091, 25.004491072000064 ], [ 122.005994318000035, 25.00332185700006 ], [ 122.005161430000044, 25.001547406000043 ], [ 122.003588061000073, 25.001998143000037 ], [ 121.996681312000078, 25.000760975000048 ], [ 121.995736490000013, 25.000014889000056 ], [ 121.99606304200006, 24.999499686000036 ], [ 121.994869658000084, 24.999484611000071 ], [ 121.99065826900005, 24.995725023000034 ], [ 121.989299348000031, 24.993747390000067 ], [ 121.983884414000045, 24.99055517100004 ], [ 121.980923634000078, 24.991079957000068 ], [ 121.977543518000061, 24.990067714000077 ], [ 121.976075256000058, 24.988808561000042 ], [ 121.974747121000064, 24.985291984000071 ], [ 121.97221645400009, 24.985361536000028 ], [ 121.971964877000119, 24.984593283000038 ], [ 121.971725406000019, 24.985081407000052 ], [ 121.97105973500004, 24.984611055000073 ], [ 121.970413264000058, 24.985075374000075 ], [ 121.967721685000015, 24.984817059000022 ], [ 121.967596005000019, 24.983126865000031 ], [ 121.966796103000092, 24.98245584600005 ], [ 121.96406099, 24.985551513000075 ], [ 121.962905580000097, 24.987704303000044 ], [ 121.961075157000096, 24.988292975000036 ], [ 121.959865055000023, 24.988408811000056 ], [ 121.958088257000099, 24.987288918000047 ], [ 121.955253277000111, 24.988335629000062 ], [ 121.953061151000043, 24.987989191000054 ], [ 121.950385060000031, 24.988323872000024 ], [ 121.94789744000002, 24.986662737000074 ], [ 121.946335006000027, 24.986969541000065 ], [ 121.945811173000038, 24.987788604000059 ], [ 121.944640819000028, 24.98817837200005 ], [ 121.943799311000021, 24.987829889000068 ], [ 121.943014575, 24.986384258000044 ], [ 121.941074447, 24.985645359000046 ], [ 121.94042034600011, 24.984445251000068 ], [ 121.938719770000034, 24.984878632000061 ], [ 121.937491562000105, 24.983022700000049 ], [ 121.935766887000113, 24.983403261000035 ], [ 121.934454568000092, 24.983144216000028 ], [ 121.93349979300001, 24.980897086000027 ], [ 121.930618380000055, 24.981034319000059 ], [ 121.929040508000071, 24.98040919500005 ], [ 121.928502810000055, 24.979647656000054 ], [ 121.926774004000094, 24.980171074000054 ], [ 121.926343258000088, 24.979677049000031 ], [ 121.922743689000072, 24.978600548000031 ], [ 121.921659317000035, 24.97884470200006 ], [ 121.920817707000083, 24.979718093000031 ], [ 121.918986887000074, 24.978643807000026 ], [ 121.918187295000052, 24.979026039000075 ], [ 121.917323938000095, 24.978796516000045 ], [ 121.916250514000012, 24.979473308000024 ], [ 121.914868932000104, 24.979348637000044 ], [ 121.914047612000104, 24.978644033000023 ], [ 121.912415410000108, 24.978257342000063 ], [ 121.910964361000083, 24.97693098700006 ], [ 121.910327222000092, 24.974773716000072 ], [ 121.908369722000089, 24.975835956000026 ] ] ] } },
{ "type": "Feature", "properties": { "county": "新北市", "town": "金山區", "lab_lon": 121.60692, "lab_lat": 25.21936 }, "geometry": { "type": "Polygon", "coordinates": [ [ [ 121.619843508000031, 25.203541680000058 ], [ 121.616682284000035, 25.200998826000045 ], [ 121.615835612000069, 25.199306893000028 ], [ 121.613197510000077, 25.196478776000049 ], [ 121.61265465200006, 25.196972664000043 ], [ 121.611990547000119, 25.196806737000031 ], [ 121.610696733000054, 25.195246767000071 ], [ 121.610582379000107, 25.194553937000023 ], [ 121.612406619000012, 25.193224306000047 ], [ 121.611862374000111, 25.191509120000035 ], [ 121.610860771000034, 25.191041168000027 ], [ 121.611309518000098, 25.190211532000035 ], [ 121.610943433000102, 25.18722617700007 ], [ 121.610056836000012, 25.186423123000054 ], [ 121.609303280000063, 25.183829255000035 ], [ 121.607211505, 25.181250129000034 ], [ 121.607369063000078, 25.179146148000029 ], [ 121.606936249000114, 25.177472440000031 ], [ 121.605659581000054, 25.176491768000062 ], [ 121.603990506000059, 25.17623824900005 ], [ 121.603963835000059, 25.175168950000057 ], [ 121.603060360000086, 25.173759361000066 ], [ 121.600785220000034, 25.170494070000075 ], [ 121.597370053000077, 25.167222202000062 ], [ 121.596681732000093, 25.165612339000063 ], [ 121.595367710000119, 25.165542983000023 ], [ 121.592426444000012, 25.164070633000051 ], [ 121.589745837, 25.163734369000053 ], [ 121.587927628000102, 25.162972590000038 ], [ 121.58359740100002, 25.16505649000004 ], [ 121.583218923000118, 25.165812523000056 ], [ 121.582471163000037, 25.165450171000032 ], [ 121.578856880000103, 25.165610081000068 ], [ 121.577019666000069, 25.167142803000047 ], [ 121.577383997000084, 25.170154525000044 ], [ 121.581719304000103, 25.173790484000051 ], [ 121.583503504000078, 25.176838374000056 ], [ 121.580868183, 25.181793708000043 ], [ 121.582753848000038, 25.184339680000051 ], [ 121.581861463000109, 25.186404076000031 ], [ 121.583018088000017, 25.18759078100004 ], [ 121.58298770600004, 25.188559597000051 ], [ 121.58399706900002, 25.188790569000048 ], [ 121.583777011000052, 25.19198497900004 ], [ 121.582704127000056, 25.193094156000029 ], [ 121.583764491000011, 25.194593984000051 ], [ 121.580547208000098, 25.195350028000064 ], [ 121.579171700000074, 25.194116544000053 ], [ 121.575780429000019, 25.195583557000077 ], [ 121.573188215000073, 25.194976942000039 ], [ 121.571750212000097, 25.195384955000065 ], [ 121.570879847000015, 25.196255658000041 ], [ 121.57095490200004, 25.197285190000059 ], [ 121.57022336700004, 25.19807624200007 ], [ 121.566110502000015, 25.199675413000023 ], [ 121.564842712000086, 25.201009253000052 ], [ 121.564971005000075, 25.202781282000046 ], [ 121.564407631000108, 25.204763021000076 ], [ 121.563487562000091, 25.205832959000077 ], [ 121.562675049000063, 25.209439712000062 ], [ 121.55920500700006, 25.210140140000078 ], [ 121.562441584000112, 25.214103504000036 ], [ 121.564344070000061, 25.213884749000044 ], [ 121.565853855000114, 25.214882622000061 ], [ 121.567889758000092, 25.218240948000073 ], [ 121.571326157000044, 25.220379377000029 ], [ 121.577925895000021, 25.22085101700003 ], [ 121.581100346000085, 25.223262955000052 ], [ 121.581961759000023, 25.225441702000069 ], [ 121.581620432000022, 25.228392671000051 ], [ 121.58386749500005, 25.233182206000038 ], [ 121.585978517000058, 25.234403860000043 ], [ 121.590346324000052, 25.23816374200004 ], [ 121.594226106000065, 25.242447644000038 ], [ 121.598082133000048, 25.243473574000063 ], [ 121.600009880000016, 25.246682870000029 ], [ 121.600328892000107, 25.249009627000078 ], [ 121.60393465300001, 25.252916947000074 ], [ 121.6103960800001, 25.253986739000027 ], [ 121.613645080000083, 25.253995474000078 ], [ 121.615819393000038, 25.253401883000038 ], [ 121.616505888, 25.254823801000043 ], [ 121.618015088000107, 25.256319595000036 ], [ 121.618616741000096, 25.25804610800003 ], [ 121.617896882000082, 25.258746349000035 ], [ 121.618046614000036, 25.259912237000037 ], [ 121.616928379000115, 25.262547645000041 ], [ 121.617489534000015, 25.263252869000041 ], [ 121.61688145700009, 25.263845093000043 ], [ 121.617259646000093, 25.265106598000045 ], [ 121.616028964000066, 25.266939499000046 ], [ 121.617108828000028, 25.268224505000035 ], [ 121.61779853400003, 25.27320829100006 ], [ 121.619389613000067, 25.273962079000057 ], [ 121.620768277000025, 25.275758732000043 ], [ 121.62312586500002, 25.273905289000027 ], [ 121.629742616000044, 25.266785921000064 ], [ 121.634131196000112, 25.260034584000039 ], [ 121.635076223000056, 25.256658832000028 ], [ 121.635885959, 25.250091446000056 ], [ 121.633887264, 25.240631697000026 ], [ 121.635107263, 25.238035441000022 ], [ 121.636609917000101, 25.236291514000072 ], [ 121.637341787000082, 25.236125893000064 ], [ 121.637973032000104, 25.236822935000077 ], [ 121.638189351000051, 25.236026835000075 ], [ 121.637600111000097, 25.235708091000049 ], [ 121.637958451000031, 25.234939002000033 ], [ 121.642931694000026, 25.230809316000034 ], [ 121.645602731000054, 25.230285516000038 ], [ 121.64639675300009, 25.231481624000025 ], [ 121.647325769000076, 25.231111216000045 ], [ 121.646258691000071, 25.230808693000029 ], [ 121.645946753000089, 25.230119581000054 ], [ 121.648689231000048, 25.230106600000056 ], [ 121.647768891000055, 25.230938521000041 ], [ 121.647737065000115, 25.231962950000025 ], [ 121.646936725000046, 25.233027897000056 ], [ 121.647864013000117, 25.232236945000068 ], [ 121.649727214000109, 25.233025429000065 ], [ 121.652158157000031, 25.233270727000047 ], [ 121.652563235000116, 25.232472690000066 ], [ 121.65155031900008, 25.231490566000048 ], [ 121.651347716000032, 25.230508357000076 ], [ 121.653777684000033, 25.229338939000058 ], [ 121.651672903000076, 25.225944674000061 ], [ 121.652190364000035, 25.22519397800005 ], [ 121.651195449000056, 25.22492205900005 ], [ 121.650807050000026, 25.223387222000042 ], [ 121.649884033000035, 25.222604060000037 ], [ 121.645970275000082, 25.221611476000078 ], [ 121.643733423000072, 25.220080719000066 ], [ 121.643658742000071, 25.218844304000072 ], [ 121.644060894000063, 25.218420180000066 ], [ 121.643249632000106, 25.218222601000036 ], [ 121.643449726000085, 25.21741869300007 ], [ 121.642655116000014, 25.217149875000075 ], [ 121.642124632000105, 25.216091809000034 ], [ 121.640479533000075, 25.215637576000063 ], [ 121.63789990600003, 25.215762855000037 ], [ 121.634471691000044, 25.213555781000025 ], [ 121.632146891000048, 25.212946826000064 ], [ 121.629863371000056, 25.211507779000044 ], [ 121.629562997000107, 25.210684126000046 ], [ 121.623897120000038, 25.206221841000058 ], [ 121.622114155000077, 25.203400041000066 ], [ 121.621075227, 25.203092082000069 ], [ 121.619843508000031, 25.203541680000058 ] ] ] } },
{ "type": "Feature", "properties": { "county": "新北市", "town": "雙溪區", "lab_lon": 121.82074, "lab_lat": 24.99852 }, "geometry": { "type": "Polygon", "coordinates": [ [ [ 121.871570090000091, 24.995095707000075 ], [ 121.870976253000094, 24.993207546000065 ], [ 121.869824763000111, 24.992155982000043 ], [ 121.867940963000024, 24.991496890000064 ], [ 121.867351112000051, 24.990347288000066 ], [ 121.86604775100011, 24.989547117000029 ], [ 121.863796203000106, 24.98550218500003 ], [ 121.865080714000101, 24.984431080000036 ], [ 121.864721264000082, 24.983128262000037 ], [ 121.862406874000044, 24.981558879000033 ], [ 121.862582008000118, 24.979582913000058 ], [ 121.861864002000061, 24.977792968000074 ], [ 121.861831613000049, 24.975724872000058 ], [ 121.862262306000048, 24.975041244000067 ], [ 121.861272709000104, 24.974785004000069 ], [ 121.86085343100001, 24.97357869700005 ], [ 121.861284359000024, 24.968275187000074 ], [ 121.861686878000114, 24.967744325000069 ], [ 121.860663916000021, 24.965970778000042 ], [ 121.861252663000073, 24.963660209000068 ], [ 121.858595494000042, 24.963341188000072 ], [ 121.854381507000085, 24.961593175000075 ], [ 121.853979853000055, 24.959955696000065 ], [ 121.852566093000064, 24.959605359000022 ], [ 121.850363235000032, 24.961177801000076 ], [ 121.84875807200001, 24.959996568000065 ], [ 121.847052192000092, 24.960342647000061 ], [ 121.845710733000033, 24.959417190000067 ], [ 121.845186769000065, 24.957749264000029 ], [ 121.843643929000109, 24.957082780000064 ], [ 121.842968368000015, 24.955129883000041 ], [ 121.841411818000097, 24.954263836000052 ], [ 121.841264669000111, 24.952575866000075 ], [ 121.841755367000019, 24.951124829000037 ], [ 121.84068306100005, 24.947865440000044 ], [ 121.839246763, 24.946424841000066 ], [ 121.839047816000061, 24.944635945000073 ], [ 121.84009785100011, 24.941724047000037 ], [ 121.841609614000049, 24.940880420000042 ], [ 121.842626587000041, 24.939233368000032 ], [ 121.846736275000012, 24.937714566000068 ], [ 121.847897100000068, 24.935305021000033 ], [ 121.847935317000065, 24.933685474000072 ], [ 121.849339276000023, 24.931314361000034 ], [ 121.84914500800005, 24.930327740000052 ], [ 121.853867543000092, 24.927878704000022 ], [ 121.853631595000024, 24.92511892300007 ], [ 121.845597745000077, 24.919368644000031 ], [ 121.845315711000012, 24.918033774000037 ], [ 121.843738036000104, 24.915722858000038 ], [ 121.84227789900001, 24.915148581000039 ], [ 121.8395547880001, 24.912658683000075 ], [ 121.838029407000022, 24.91005569400005 ], [ 121.836399510000092, 24.908350135000035 ], [ 121.834575310000105, 24.90691103000006 ], [ 121.833292196000116, 24.906644458000073 ], [ 121.831820358000073, 24.904907599000069 ], [ 121.828097006, 24.905369779000068 ], [ 121.827010646000076, 24.904544387000044 ], [ 121.825514763000115, 24.90526221500005 ], [ 121.822386942000094, 24.904549166000038 ], [ 121.819845780000037, 24.902922573000069 ], [ 121.818380575000106, 24.902709921000053 ], [ 121.811635282000111, 24.906518519000031 ], [ 121.810457508000013, 24.905194011000049 ], [ 121.810476072000029, 24.90363148800003 ], [ 121.80614528600006, 24.902548119000073 ], [ 121.805950972000119, 24.901894072000061 ], [ 121.804623339000045, 24.901189380000062 ], [ 121.804291496000019, 24.901691731000028 ], [ 121.803368671000044, 24.901802562000057 ], [ 121.80220551900004, 24.90099536300005 ], [ 121.800051730000064, 24.901214109000023 ], [ 121.798889893000023, 24.900865002000046 ], [ 121.797596372000044, 24.901091339000061 ], [ 121.797163955000087, 24.90162027100007 ], [ 121.795184152000047, 24.899752614000079 ], [ 121.793411466000066, 24.899747891000061 ], [ 121.792250134000028, 24.901687906000063 ], [ 121.791337786000099, 24.902304713000035 ], [ 121.791137848000062, 24.903411726000058 ], [ 121.789723260000073, 24.904074374000061 ], [ 121.78804888500008, 24.906125800000041 ], [ 121.786125485000071, 24.906465723000053 ], [ 121.784933640000077, 24.910854048000033 ], [ 121.784756001000119, 24.913944790000073 ], [ 121.783957108000095, 24.915678181000033 ], [ 121.781544649000011, 24.917999617000078 ], [ 121.778133195, 24.919586895000066 ], [ 121.78060752600004, 24.922927475000051 ], [ 121.781870057000106, 24.928227109000034 ], [ 121.783199854000031, 24.928862494000043 ], [ 121.785252419000017, 24.930879228000038 ], [ 121.785467277000066, 24.93194759000005 ], [ 121.784988085, 24.933273890000066 ], [ 121.785989573000052, 24.93432064700005 ], [ 121.786342674000025, 24.937200275000066 ], [ 121.789487068000085, 24.940388918000053 ], [ 121.787735171, 24.944861443000036 ], [ 121.790144646000044, 24.948740946000044 ], [ 121.790982103000033, 24.951163234000035 ], [ 121.792319882000015, 24.951696652000066 ], [ 121.793284996000011, 24.953695212000071 ], [ 121.793274759000042, 24.95432278800007 ], [ 121.792149823000045, 24.954613669000025 ], [ 121.791262263000021, 24.955497211000079 ], [ 121.791244254000048, 24.957634391000056 ], [ 121.790150377000032, 24.96037825600007 ], [ 121.790849505000097, 24.962227856000027 ], [ 121.790697673000068, 24.964365153000074 ], [ 121.792216680000024, 24.966346096000052 ], [ 121.791762014000028, 24.968115753000063 ], [ 121.791885849000096, 24.970307258000048 ], [ 121.79281904000004, 24.971030832000054 ], [ 121.792762129000039, 24.971635598000034 ], [ 121.793885372000091, 24.973163035000027 ], [ 121.794091188000039, 24.977356222000026 ], [ 121.793697805000079, 24.979571084000042 ], [ 121.792751479000117, 24.980794622000076 ], [ 121.792837570000074, 24.983102864000045 ], [ 121.791003155000112, 24.983603161000076 ], [ 121.789748791000079, 24.983100269000033 ], [ 121.786538674000099, 24.983070822000059 ], [ 121.785074890000033, 24.981996127000059 ], [ 121.781365549000043, 24.982097024000041 ], [ 121.77951194700006, 24.983786301000066 ], [ 121.777640966000035, 24.984309124000049 ], [ 121.775792810000098, 24.985529300000053 ], [ 121.775534815000015, 24.98683511400003 ], [ 121.774335585000017, 24.988551917000052 ], [ 121.773096190000047, 24.989133354000046 ], [ 121.77117768800008, 24.988927851000028 ], [ 121.76968067200005, 24.989378852000073 ], [ 121.76873566200004, 24.990142473000049 ], [ 121.768630315000109, 24.991119095000045 ], [ 121.767700760000025, 24.992384466000033 ], [ 121.764770592000104, 24.993501580000043 ], [ 121.764406442000109, 24.995269802000053 ], [ 121.763635501000067, 24.996137972000042 ], [ 121.767832400000088, 24.999081897000053 ], [ 121.768591620000052, 24.999078034000036 ], [ 121.768948612000031, 24.999760441000035 ], [ 121.771155552000096, 25.000329408000027 ], [ 121.772562794, 25.001698045000069 ], [ 121.774720441000113, 25.00251634500006 ], [ 121.777126156, 25.005758105000041 ], [ 121.779348133000099, 25.006443958000034 ], [ 121.778728975000035, 25.00794383300007 ], [ 121.780175661000044, 25.010508794000032 ], [ 121.781992786000046, 25.011163790000069 ], [ 121.782397762000073, 25.012235143000055 ], [ 121.784346854000091, 25.013689520000071 ], [ 121.784531419000018, 25.017880670000068 ], [ 121.786885344000098, 25.020468700000038 ], [ 121.788298243000099, 25.021330515000045 ], [ 121.788780269000085, 25.022757218000038 ], [ 121.791126133000034, 25.022869401000037 ], [ 121.792772564000074, 25.023631066000064 ], [ 121.79940410200004, 25.030096190000052 ], [ 121.803808104000041, 25.030903462000026 ], [ 121.804581402000053, 25.031595869000057 ], [ 121.806675350000091, 25.031557669000051 ], [ 121.808699572000023, 25.034940637000034 ], [ 121.808474022000041, 25.036901404000048 ], [ 121.808801835000054, 25.037487619000046 ], [ 121.812247501000115, 25.040574636000031 ], [ 121.814600880000057, 25.04142213800003 ], [ 121.815890477000039, 25.040928808000047 ], [ 121.816879107000091, 25.042114120000065 ], [ 121.81806533300005, 25.04203734500004 ], [ 121.819403309000108, 25.042688260000034 ], [ 121.821804849000046, 25.045973571000047 ], [ 121.823519723000118, 25.045924853000031 ], [ 121.824785187000089, 25.044902645000036 ], [ 121.826716106000049, 25.044870348000075 ], [ 121.827625030000036, 25.04552867700005 ], [ 121.830253995000021, 25.04514892900005 ], [ 121.831941948, 25.044121601000029 ], [ 121.834014289000038, 25.044425106000062 ], [ 121.834054878000074, 25.045304581000039 ], [ 121.834706023000081, 25.04589442200006 ], [ 121.834763041000087, 25.04745867400004 ], [ 121.833871613000042, 25.048225862000038 ], [ 121.833808962000035, 25.050345808000031 ], [ 121.831641947000094, 25.054884721000064 ], [ 121.830392959000051, 25.056289535000076 ], [ 121.831276117000016, 25.058127108000065 ], [ 121.830511906000083, 25.059141812000064 ], [ 121.830528334000064, 25.06196637100004 ], [ 121.829732727000078, 25.063012763000074 ], [ 121.829576443000065, 25.064236683000047 ], [ 121.8323560770001, 25.068905393000023 ], [ 121.832202801000108, 25.071240068000066 ], [ 121.834982008000111, 25.073641566000049 ], [ 121.836798455, 25.074272215000065 ], [ 121.839173899000116, 25.076463965000073 ], [ 121.840788208000049, 25.079150122000044 ], [ 121.840740171000107, 25.080629772000066 ], [ 121.843014105000066, 25.082454796000036 ], [ 121.84388324400004, 25.084618031000048 ], [ 121.847342504000039, 25.089098068000055 ], [ 121.851508774000081, 25.089125207000052 ], [ 121.851718585000071, 25.090818285000068 ], [ 121.852582391000055, 25.092032408000023 ], [ 121.853390299000012, 25.095055669000033 ], [ 121.857412580000073, 25.097332514000072 ], [ 121.858730907000108, 25.096303907000049 ], [ 121.861903911000013, 25.096496433000027 ], [ 121.86274512600005, 25.095884942000055 ], [ 121.866567613000029, 25.095123433000026 ], [ 121.867064791000075, 25.094104515000026 ], [ 121.868618409000078, 25.093762938000054 ], [ 121.872320019000085, 25.093757546000063 ], [ 121.874154684000018, 25.095003631000054 ], [ 121.875534204000019, 25.094598804000043 ], [ 121.876477256000044, 25.093404526000029 ], [ 121.877061004000097, 25.091769248000048 ], [ 121.876479532000076, 25.090575572000034 ], [ 121.876027198000088, 25.087254332000043 ], [ 121.876672603000088, 25.085407788000055 ], [ 121.877415345000031, 25.085038331000078 ], [ 121.878428577000022, 25.082956240000044 ], [ 121.878158132000067, 25.079848857000059 ], [ 121.877161978000117, 25.076789106000035 ], [ 121.877638267000066, 25.074725178000051 ], [ 121.879950098000108, 25.072432119000041 ], [ 121.88171095000007, 25.072547345000032 ], [ 121.882949361000101, 25.071870217000026 ], [ 121.883077192000087, 25.069758367000077 ], [ 121.887105517, 25.063509416000045 ], [ 121.887951369, 25.060496026000067 ], [ 121.887987585000019, 25.057285051000065 ], [ 121.889024753000058, 25.056355375000066 ], [ 121.889185025000074, 25.054817257000025 ], [ 121.890581643000019, 25.053203688000053 ], [ 121.888860463000015, 25.051087898000048 ], [ 121.88877009600003, 25.049152359000061 ], [ 121.889357896000092, 25.047810930000026 ], [ 121.887639107000041, 25.045545378000043 ], [ 121.88783150200004, 25.044619772000033 ], [ 121.889958408000098, 25.043876864000026 ], [ 121.890518047000114, 25.041943801000059 ], [ 121.892481567000118, 25.041842722000069 ], [ 121.894527713000116, 25.040497359000028 ], [ 121.896070598000051, 25.04057105000004 ], [ 121.896813690000045, 25.039885205000076 ], [ 121.895185060000017, 25.034858476000068 ], [ 121.894060683000021, 25.033001522000063 ], [ 121.894210848000057, 25.031424185000049 ], [ 121.892153632000031, 25.028590048000069 ], [ 121.893876972000044, 25.024797178000028 ], [ 121.893323052000028, 25.024198371000068 ], [ 121.893024990000072, 25.024735656000075 ], [ 121.892037033000065, 25.024423439000032 ], [ 121.889717773000029, 25.020999722000056 ], [ 121.888196552000068, 25.020701373000065 ], [ 121.888245494000103, 25.019215618000032 ], [ 121.890822291000063, 25.018292568000049 ], [ 121.89112845000011, 25.016351291000035 ], [ 121.890065104000087, 25.016119638000077 ], [ 121.888697151000088, 25.014836475000038 ], [ 121.887069448000034, 25.014102463000029 ], [ 121.885228346000076, 25.014949854000065 ], [ 121.880594754000072, 25.01358483100006 ], [ 121.880615800000101, 25.011761850000028 ], [ 121.878617697000095, 25.010412994000035 ], [ 121.878801381000017, 25.007379528000058 ], [ 121.876034416000039, 25.004156645000023 ], [ 121.875307533000068, 24.999344834000055 ], [ 121.871570090000091, 24.995095707000075 ] ] ] } },
{ "type": "Feature", "properties": { "county": "新北市", "town": "鶯歌區", "lab_lon": 121.34769, "lab_lat": 24.95517 }, "geometry": { "type": "Polygon", "coordinates": [ [ [ 121.348518324000111, 24.936462558000073 ], [ 121.343975515000011, 24.931323416000055 ], [ 121.339782208000088, 24.928498962000049 ], [ 121.33756680800002, 24.928597655000033 ], [ 121.333249479000074, 24.929828358000066 ], [ 121.322039404000066, 24.928060069000026 ], [ 121.323219939000069, 24.931279314000051 ], [ 121.3219260300001, 24.932329218000064 ], [ 121.321226276000061, 24.932064080000032 ], [ 121.320707716000015, 24.933669290000068 ], [ 121.320155847000024, 24.933539085000064 ], [ 121.319834175000096, 24.934189811000067 ], [ 121.318150485000047, 24.934794455000031 ], [ 121.315781314000105, 24.938472929000056 ], [ 121.324143608000099, 24.943291724000062 ], [ 121.330422732000102, 24.944533546000059 ], [ 121.33162879200006, 24.945641758000079 ], [ 121.329741522000063, 24.946861266000042 ], [ 121.327995121000072, 24.949187675000076 ], [ 121.328093829000068, 24.955262567000034 ], [ 121.329153616000099, 24.960576245000027 ], [ 121.328712972000062, 24.964101949000053 ], [ 121.328050486000052, 24.965451815000051 ], [ 121.329805532000023, 24.966892905000066 ], [ 121.328851951000047, 24.967884067000057 ], [ 121.326934178000101, 24.966589326000076 ], [ 121.328593918000024, 24.968469504000041 ], [ 121.328901432000066, 24.969600915000058 ], [ 121.328330103000098, 24.970932705000052 ], [ 121.328535659000067, 24.971933966000051 ], [ 121.3280514920001, 24.972872944000073 ], [ 121.325142090000099, 24.971155266000039 ], [ 121.324040523, 24.971109241000079 ], [ 121.323678788000052, 24.972819351000055 ], [ 121.327438509000103, 24.974746517000028 ], [ 121.327463334000072, 24.975475020000033 ], [ 121.32860895500005, 24.976265333000072 ], [ 121.327149873000053, 24.977667735000068 ], [ 121.327494391000073, 24.978492046000042 ], [ 121.328487060000043, 24.978413687000057 ], [ 121.330754633000083, 24.979353014000026 ], [ 121.331581183000026, 24.978634205000048 ], [ 121.333828957000037, 24.978688756000054 ], [ 121.334620108000081, 24.979076475000056 ], [ 121.334681728000078, 24.979759298000033 ], [ 121.335920089000069, 24.979906348000043 ], [ 121.336796364000065, 24.980679569000074 ], [ 121.341029487000014, 24.980241637000063 ], [ 121.342070873000011, 24.980949090000024 ], [ 121.342682195000066, 24.982317285000079 ], [ 121.344784320000031, 24.980277337000075 ], [ 121.347229082000013, 24.978826708000042 ], [ 121.34832373200004, 24.979683220000027 ], [ 121.352349208000078, 24.98084876300004 ], [ 121.35307049000005, 24.980190901000071 ], [ 121.353347360000043, 24.978520420000052 ], [ 121.354203383000026, 24.97778310700005 ], [ 121.358672002000048, 24.978209863000075 ], [ 121.361223512000038, 24.977807656000039 ], [ 121.361417304000042, 24.978818883000031 ], [ 121.363905714000111, 24.979587063000054 ], [ 121.364759669000023, 24.978672649000032 ], [ 121.365972463000048, 24.978563180000037 ], [ 121.368916558000024, 24.976802460000044 ], [ 121.368566652000027, 24.975526524000031 ], [ 121.370123499000101, 24.972914109000044 ], [ 121.374740468000027, 24.970409399000062 ], [ 121.375400048000074, 24.968357102000027 ], [ 121.377776842000117, 24.965631458000075 ], [ 121.381178362000014, 24.96550071200005 ], [ 121.382252375, 24.964732949000052 ], [ 121.379683065000108, 24.96251974200004 ], [ 121.378631001000031, 24.960846829000047 ], [ 121.373970630000031, 24.958151858000065 ], [ 121.372204490000058, 24.956615431000046 ], [ 121.366154755000025, 24.954762635000066 ], [ 121.365921900000103, 24.952099988000043 ], [ 121.364529851000043, 24.949207056000034 ], [ 121.363078241000039, 24.947352287000058 ], [ 121.361746509000113, 24.946734842000069 ], [ 121.361373417000095, 24.945349372000067 ], [ 121.359961275000046, 24.944096248000051 ], [ 121.359246886000051, 24.942317313000046 ], [ 121.348518324000111, 24.936462558000073 ] ] ] } },
{ "type": "Feature", "properties": { "county": "桃園市", "town": "中壢區", "lab_lon": 121.2123, "lab_lat": 24.97675 }, "geometry": { "type": "Polygon", "coordinates": [ [ [ 121.22195010400003, 24.95208530900004 ], [ 121.220463112000061, 24.953802035000024 ], [ 121.219618255000114, 24.952198194000061 ], [ 121.218422041000053, 24.952653886000064 ], [ 121.218130391000045, 24.953540926000073 ], [ 121.215721846000065, 24.952807254000049 ], [ 121.213613673000054, 24.954769417000023 ], [ 121.213199110000119, 24.956107516000031 ], [ 121.21087388300009, 24.956249145000072 ], [ 121.207888046000107, 24.95743215300007 ], [ 121.201044158000059, 24.957582760000037 ], [ 121.199849305000043, 24.957090188000052 ], [ 121.193923793000067, 24.957490325000038 ], [ 121.191658987000096, 24.959147203000043 ], [ 121.191250345000071, 24.960400701000026 ], [ 121.189970955000035, 24.960506352000039 ], [ 121.191068161000089, 24.965846466000073 ], [ 121.191114825000113, 24.970090264000078 ], [ 121.190424416000042, 24.971304546000056 ], [ 121.186986516000047, 24.968682269000055 ], [ 121.184053399000049, 24.96772426800004 ], [ 121.183066846000088, 24.968063956000037 ], [ 121.181921700000089, 24.969350405000057 ], [ 121.1789059460001, 24.969559704000062 ], [ 121.177778253000042, 24.962818640000023 ], [ 121.178007066000077, 24.961484563000056 ], [ 121.17711809900004, 24.960689946000059 ], [ 121.178062071000113, 24.959758829000066 ], [ 121.177038924000044, 24.959152918000029 ], [ 121.165683428000079, 24.957688506000068 ], [ 121.161395170000105, 24.961823993000053 ], [ 121.154991151000104, 24.963142260000041 ], [ 121.151454968000053, 24.964999617000046 ], [ 121.156682377000038, 24.971358217000045 ], [ 121.158772875000068, 24.973299428000075 ], [ 121.161012630000073, 24.974128286000052 ], [ 121.162300662, 24.979074958000069 ], [ 121.163857541000084, 24.982269552000048 ], [ 121.168376228000056, 24.988037987000041 ], [ 121.167244526000104, 24.990405891000023 ], [ 121.168375774000083, 24.991187323000077 ], [ 121.168526790000101, 24.992331316000048 ], [ 121.16676932300004, 24.996246793000068 ], [ 121.166505221000079, 24.998699905000024 ], [ 121.165041734000056, 25.002204531000075 ], [ 121.164909099000056, 25.006032314000038 ], [ 121.162110961000053, 25.010380773000065 ], [ 121.161182972, 25.014182496000046 ], [ 121.162004343000035, 25.021050604000038 ], [ 121.160791689, 25.024828392000074 ], [ 121.16106022800011, 25.02588333500006 ], [ 121.165863187000014, 25.028241120000075 ], [ 121.168606854000018, 25.027566982000053 ], [ 121.171956199000078, 25.027660432000062 ], [ 121.173348375000046, 25.026763669000047 ], [ 121.175939699000082, 25.027481780000073 ], [ 121.177332792000016, 25.024802048000026 ], [ 121.178700063000065, 25.024148957000023 ], [ 121.178502952000031, 25.023384045000057 ], [ 121.180169996000018, 25.022496211000032 ], [ 121.181805243000099, 25.025156847000062 ], [ 121.182740578000107, 25.028484268000057 ], [ 121.183283128000085, 25.027448210000045 ], [ 121.18517936100011, 25.026069928000027 ], [ 121.185643008000056, 25.024302848000048 ], [ 121.185312549000059, 25.021883316000071 ], [ 121.187143434000063, 25.019909102000042 ], [ 121.187278794, 25.016324824000037 ], [ 121.187881755000035, 25.015752528000064 ], [ 121.190378949000092, 25.018740296000033 ], [ 121.193779065000058, 25.018108470000072 ], [ 121.193814563000046, 25.023238792000029 ], [ 121.195014972000081, 25.02637850800005 ], [ 121.196248229000048, 25.026585054000066 ], [ 121.19828790300005, 25.023676211000065 ], [ 121.19928341800005, 25.024519594000026 ], [ 121.199527716000034, 25.025563589000058 ], [ 121.200915413000075, 25.026292736000073 ], [ 121.207800377000012, 25.023776845000043 ], [ 121.208027635, 25.023493944000052 ], [ 121.206101004000061, 25.02145938700005 ], [ 121.206660650000117, 25.020106861000045 ], [ 121.207884684000078, 25.018846167000049 ], [ 121.206206428000087, 25.016565163000053 ], [ 121.207121508000114, 25.016455941000061 ], [ 121.208944821000046, 25.017290234000029 ], [ 121.207852599000034, 25.012657560000036 ], [ 121.210012747000064, 25.011354140000037 ], [ 121.208583379000061, 25.00857062800003 ], [ 121.210072515000093, 25.007166687000051 ], [ 121.20930923200001, 25.00412865100003 ], [ 121.211229198000069, 25.000964531000022 ], [ 121.213228243000117, 25.003356290000056 ], [ 121.214229086000046, 25.003433355000027 ], [ 121.213491182000098, 25.004748094000036 ], [ 121.213356291000082, 25.009082080000042 ], [ 121.214212996000015, 25.009466867000071 ], [ 121.213160952000067, 25.011269494000032 ], [ 121.209576385000105, 25.014253409000048 ], [ 121.210398651000105, 25.015068795000047 ], [ 121.211705805000065, 25.014187785000047 ], [ 121.213254531000075, 25.015774930000077 ], [ 121.21248545100002, 25.017135465000024 ], [ 121.215097870000022, 25.019733304000056 ], [ 121.216378489000022, 25.018669138000064 ], [ 121.217303192000031, 25.019309252000028 ], [ 121.217901784000105, 25.018822807000049 ], [ 121.218668821000051, 25.01961476300005 ], [ 121.221371162000082, 25.01736448500003 ], [ 121.222815525000101, 25.018797729000028 ], [ 121.223865678000038, 25.017926091000049 ], [ 121.224735729000031, 25.018978400000037 ], [ 121.224702008, 25.020372095000027 ], [ 121.225322424000069, 25.020478154000045 ], [ 121.225094168000055, 25.017495078000024 ], [ 121.222791388000019, 25.014270382000063 ], [ 121.223601927000118, 25.011655318000066 ], [ 121.223026466000078, 25.009486719000051 ], [ 121.223146025, 25.007240270000068 ], [ 121.223884444000078, 25.005005836000066 ], [ 121.225076160000071, 25.003822508000042 ], [ 121.22672676600007, 25.003147408000075 ], [ 121.22734524100008, 25.004174026000044 ], [ 121.229369698000028, 25.004658070000062 ], [ 121.228541827000072, 25.006819918000076 ], [ 121.229365371000085, 25.007367458000033 ], [ 121.232641193000063, 25.007274465000023 ], [ 121.233126982000044, 25.008055506000062 ], [ 121.234626744000025, 25.007884724000064 ], [ 121.238376108000011, 25.009393556000077 ], [ 121.24461451600007, 25.010768921000079 ], [ 121.247601411000119, 25.010672529000033 ], [ 121.248866953000061, 25.008735890000025 ], [ 121.249465385, 25.009017367000069 ], [ 121.250252751000062, 25.006673396000053 ], [ 121.253171206000047, 25.004228 ], [ 121.253164102000028, 25.003627107000057 ], [ 121.254268231000083, 25.002625856000066 ], [ 121.255411515000105, 24.998352754000052 ], [ 121.256755263000059, 24.995982411000057 ], [ 121.256397796000101, 24.993760534000046 ], [ 121.257563352000034, 24.992240385000059 ], [ 121.257208380000066, 24.991276820000053 ], [ 121.257988884000042, 24.991298782000058 ], [ 121.259731121000073, 24.987499366000065 ], [ 121.259774308000033, 24.985782122000046 ], [ 121.261681510000017, 24.982057919000056 ], [ 121.262427630000047, 24.977312957000038 ], [ 121.263689376000116, 24.975481728000034 ], [ 121.264063167000018, 24.973846420000029 ], [ 121.263586977000045, 24.973179301000073 ], [ 121.264190538000094, 24.972706689000063 ], [ 121.264568097000051, 24.970372818000044 ], [ 121.26332667600002, 24.969991517000039 ], [ 121.265234392000025, 24.968307376000041 ], [ 121.264950319000036, 24.967160779000039 ], [ 121.265615553000089, 24.963636620000045 ], [ 121.264324161000104, 24.960426024000071 ], [ 121.264947702000086, 24.957531414000073 ], [ 121.266870217000019, 24.95294602000007 ], [ 121.266809598, 24.94994237800006 ], [ 121.263095887000077, 24.937185275000047 ], [ 121.261770084000091, 24.935220301000072 ], [ 121.258851456000116, 24.933254858000055 ], [ 121.259149527000091, 24.930574353000054 ], [ 121.258255900000108, 24.930223694000063 ], [ 121.258126686000082, 24.930666823000024 ], [ 121.255760106000025, 24.929848882000044 ], [ 121.250196869000092, 24.927088454000057 ], [ 121.246776406000095, 24.926266006000048 ], [ 121.244955302000108, 24.925287168000068 ], [ 121.242806052000105, 24.925079612000047 ], [ 121.242759112000044, 24.925642998000058 ], [ 121.240093550000097, 24.926207841000064 ], [ 121.239616639000019, 24.928028769000036 ], [ 121.236589655000103, 24.92793417200005 ], [ 121.235741304000044, 24.930127586000026 ], [ 121.234245207000072, 24.929490393000037 ], [ 121.231618729000047, 24.931607877000033 ], [ 121.230801049000092, 24.931163243000071 ], [ 121.228927952000049, 24.931670171000064 ], [ 121.228875287000051, 24.933895652000047 ], [ 121.227958208000018, 24.935547875000054 ], [ 121.225244844000031, 24.937649812000075 ], [ 121.225147772000014, 24.940768784000056 ], [ 121.224272276000079, 24.943041410000035 ], [ 121.22250051900005, 24.943918592000045 ], [ 121.222154316000115, 24.945111822000058 ], [ 121.223449524000102, 24.947603978000075 ], [ 121.223065403000078, 24.949546504000068 ], [ 121.221385333000057, 24.95161643800003 ], [ 121.22195010400003, 24.95208530900004 ] ] ] } },
{ "type": "Feature", "properties": { "county": "桃園市", "town": "八德區", "lab_lon": 121.29765, "lab_lat": 24.94797 }, "geometry": { "type": "Polygon", "coordinates": [ [ [ 121.273585775000015, 24.929482227000051 ], [ 121.270236355000065, 24.925964684000064 ], [ 121.269830913000078, 24.924568847000046 ], [ 121.268367885000089, 24.923927728000024 ], [ 121.268059913000116, 24.921801466000034 ], [ 121.265780213000085, 24.920586773000025 ], [ 121.265687838000076, 24.919782880000071 ], [ 121.264089777000095, 24.919053212000051 ], [ 121.262946243000101, 24.91756435800005 ], [ 121.257716423000034, 24.916597129000024 ], [ 121.256613626000103, 24.916017658000044 ], [ 121.257143933000066, 24.914827894000041 ], [ 121.256930588000046, 24.913694991000057 ], [ 121.254153035000058, 24.911128241000029 ], [ 121.253088006000098, 24.908879798000044 ], [ 121.253236833000074, 24.91075293800003 ], [ 121.255722293000076, 24.916437621000057 ], [ 121.255184418000113, 24.918489868000052 ], [ 121.251816421000058, 24.921653433000074 ], [ 121.25540778300001, 24.924780301000055 ], [ 121.258204262000049, 24.930402474000061 ], [ 121.259215763000043, 24.93063126900006 ], [ 121.258851456000116, 24.933254858000055 ], [ 121.261770084000091, 24.935220301000072 ], [ 121.263095887000077, 24.937185275000047 ], [ 121.266602519000116, 24.948492892000047 ], [ 121.266870217000019, 24.95294602000007 ], [ 121.264947702000086, 24.957531414000073 ], [ 121.264324161000104, 24.960426024000071 ], [ 121.265615553000089, 24.963636620000045 ], [ 121.264950319000036, 24.967160779000039 ], [ 121.265234392000025, 24.968307376000041 ], [ 121.26332667600002, 24.969991517000039 ], [ 121.264568097000051, 24.970372818000044 ], [ 121.264190538000094, 24.972706689000063 ], [ 121.263637894000112, 24.973262686000055 ], [ 121.2650678440001, 24.973653722000051 ], [ 121.265233668000064, 24.974446834000048 ], [ 121.269804286000067, 24.977852889000076 ], [ 121.274717832000078, 24.980822946000046 ], [ 121.27582707800002, 24.98274854400006 ], [ 121.278124575000106, 24.984710539000048 ], [ 121.282657986000117, 24.987081241000055 ], [ 121.283309225000039, 24.985449539000058 ], [ 121.281970939000075, 24.983800220000035 ], [ 121.282501138000043, 24.982903253000075 ], [ 121.282519860000093, 24.981337861000043 ], [ 121.281453220000117, 24.979727627000045 ], [ 121.282328686000028, 24.978294340000048 ], [ 121.28116400600004, 24.974837754000077 ], [ 121.284168221000073, 24.970118893000063 ], [ 121.287293826000109, 24.970604215000037 ], [ 121.288462071000026, 24.965114632000052 ], [ 121.291040649000024, 24.962892855000064 ], [ 121.291343388000087, 24.961921049000068 ], [ 121.295082923000109, 24.961170053000046 ], [ 121.295417679000025, 24.961556210000026 ], [ 121.295301247000111, 24.963191516000052 ], [ 121.296056739000051, 24.963586633000034 ], [ 121.295367922000082, 24.963934335000033 ], [ 121.294828075000055, 24.966265742000076 ], [ 121.293682685000022, 24.967613688000029 ], [ 121.293728522000038, 24.968701315000033 ], [ 121.294915932000094, 24.970924288000049 ], [ 121.295007070000111, 24.973264045000064 ], [ 121.29646953300005, 24.97659290100006 ], [ 121.299564666000038, 24.976185251000061 ], [ 121.300689984000087, 24.97898957600006 ], [ 121.303604015000019, 24.978210792000027 ], [ 121.302472628000032, 24.97609681800003 ], [ 121.302304210000102, 24.974646426000049 ], [ 121.30520910000007, 24.972976808000055 ], [ 121.306025138000109, 24.973654286000055 ], [ 121.30690479000009, 24.973625311000035 ], [ 121.307720454000105, 24.972797525000033 ], [ 121.309331380000117, 24.975495951000028 ], [ 121.310700308000037, 24.974980733000052 ], [ 121.310356254000112, 24.972934252000073 ], [ 121.311814529000117, 24.971941402000027 ], [ 121.312658444000022, 24.972730667000064 ], [ 121.314351292000083, 24.971649322000076 ], [ 121.314390397000011, 24.970964940000044 ], [ 121.315147095000043, 24.972020878000023 ], [ 121.317209275000096, 24.971688788000051 ], [ 121.317212159000064, 24.970827459000077 ], [ 121.318338569000048, 24.970641334000049 ], [ 121.31882479300009, 24.97256494100003 ], [ 121.320378025000082, 24.971317945000067 ], [ 121.320461402000092, 24.970061457000043 ], [ 121.32060858300008, 24.970595178000053 ], [ 121.32184880300008, 24.970982979000041 ], [ 121.323292126000069, 24.97034198700004 ], [ 121.323867086000064, 24.971244230000025 ], [ 121.325142090000099, 24.971155266000039 ], [ 121.328208636000113, 24.972835277000058 ], [ 121.328901432000066, 24.969600915000058 ], [ 121.328534944000012, 24.968356312000026 ], [ 121.326934178000101, 24.966589326000076 ], [ 121.328851951000047, 24.967884067000057 ], [ 121.329805532000023, 24.966892905000066 ], [ 121.328050486000052, 24.965451815000051 ], [ 121.328712972000062, 24.964101949000053 ], [ 121.329153616000099, 24.960576245000027 ], [ 121.328093829000068, 24.955262567000034 ], [ 121.327995121000072, 24.949187675000076 ], [ 121.329741522000063, 24.946861266000042 ], [ 121.331588165000085, 24.945832419000055 ], [ 121.331023739000102, 24.944927540000037 ], [ 121.324461442000029, 24.943429565000031 ], [ 121.316179156000089, 24.938781517000052 ], [ 121.302001811000082, 24.926507768000079 ], [ 121.298338307000108, 24.924183643000049 ], [ 121.297164997000095, 24.925037544000077 ], [ 121.29622697100001, 24.923267973000065 ], [ 121.29479849900008, 24.923897111000031 ], [ 121.294264849000115, 24.924655575000031 ], [ 121.292742974000021, 24.924480997000046 ], [ 121.283587379000096, 24.920254634000059 ], [ 121.282601312000111, 24.920204946000069 ], [ 121.281313159000092, 24.921150079000029 ], [ 121.277931730000091, 24.920097246000068 ], [ 121.276501102000111, 24.92045560400004 ], [ 121.277480104, 24.921730192000041 ], [ 121.276840774000107, 24.924041977000059 ], [ 121.275268392000044, 24.926179131000026 ], [ 121.276150337000104, 24.927957230000061 ], [ 121.275114852000115, 24.928171066000061 ], [ 121.273492047000104, 24.927430603000062 ], [ 121.273585775000015, 24.929482227000051 ] ] ] } },
{ "type": "Feature", "properties": { "county": "桃園市", "town": "大園區", "lab_lon": 121.20367, "lab_lat": 25.06207 }, "geometry": { "type": "Polygon", "coordinates": [ [ [ 121.182658447000108, 25.028481364000072 ], [ 121.181805243000099, 25.025156847000062 ], [ 121.180123884000068, 25.022496259000036 ], [ 121.178502952000031, 25.023384045000057 ], [ 121.178700063000065, 25.024148957000023 ], [ 121.177332792000016, 25.024802048000026 ], [ 121.175939699000082, 25.027481780000073 ], [ 121.173348375000046, 25.026763669000047 ], [ 121.171956199000078, 25.027660432000062 ], [ 121.168606854000018, 25.027566982000053 ], [ 121.165863187000014, 25.028241120000075 ], [ 121.164027730000043, 25.027006260000064 ], [ 121.162221069000111, 25.026488185000062 ], [ 121.162157230000048, 25.028231210000058 ], [ 121.158298141000046, 25.029949510000051 ], [ 121.165275417000089, 25.039472524000075 ], [ 121.167546559000016, 25.044038242000056 ], [ 121.16243375900001, 25.046586508000075 ], [ 121.161936307000019, 25.046443006000061 ], [ 121.160853596000038, 25.048457865000046 ], [ 121.161733422000111, 25.051642707000042 ], [ 121.159068475000026, 25.052918361000025 ], [ 121.155313664000118, 25.058449870000061 ], [ 121.156708516000094, 25.060056449000058 ], [ 121.155277168000111, 25.062403327000027 ], [ 121.155219810000062, 25.066080496000041 ], [ 121.157457516000022, 25.067969971000025 ], [ 121.156525098000088, 25.068957420000061 ], [ 121.1567528060001, 25.070430066000029 ], [ 121.153514180000116, 25.073234582000055 ], [ 121.152041719000067, 25.075346565000075 ], [ 121.153591375000019, 25.076916193000045 ], [ 121.155224196000063, 25.077220121000039 ], [ 121.155643699000052, 25.079637561000027 ], [ 121.155060570000046, 25.08372662000005 ], [ 121.164612623000039, 25.087375875000077 ], [ 121.168065064000075, 25.089818285000035 ], [ 121.170087013000057, 25.090238217000035 ], [ 121.172954272000084, 25.092793044000075 ], [ 121.174736064000058, 25.093683312000053 ], [ 121.184309474000088, 25.095849091000048 ], [ 121.185515279000015, 25.09728377600004 ], [ 121.187127657000019, 25.097255864000033 ], [ 121.188643047000028, 25.097957413000074 ], [ 121.189290877000076, 25.099026481000067 ], [ 121.193025655000042, 25.101781890000041 ], [ 121.197251244000086, 25.102334101000054 ], [ 121.197750982000116, 25.104076488000032 ], [ 121.199466938000114, 25.104797203000032 ], [ 121.20118710700001, 25.104539964000026 ], [ 121.208250115000055, 25.107965026000045 ], [ 121.209991965000086, 25.108139484000048 ], [ 121.211405807, 25.108763026000076 ], [ 121.212844994000079, 25.110580045000063 ], [ 121.214371726000081, 25.110633140000061 ], [ 121.216706553000108, 25.111638672000026 ], [ 121.220113214000094, 25.111886481000056 ], [ 121.225119259000053, 25.113834753000049 ], [ 121.227790564000088, 25.114197615000023 ], [ 121.229399909000108, 25.115192934000049 ], [ 121.236433383000076, 25.116037119000055 ], [ 121.23961719600004, 25.115652718000035 ], [ 121.23918363700011, 25.120741629000065 ], [ 121.239767442000016, 25.123177263000059 ], [ 121.241447453000092, 25.122038328000031 ], [ 121.241969708000056, 25.119507352000028 ], [ 121.243631210000103, 25.11859667300007 ], [ 121.246441247, 25.118819023000071 ], [ 121.247387675000027, 25.119541951000031 ], [ 121.248402650000116, 25.119533088000026 ], [ 121.248960010000019, 25.11698689800005 ], [ 121.252565921000041, 25.113132320000034 ], [ 121.254167856000095, 25.101911899000072 ], [ 121.256540309000115, 25.098233905000029 ], [ 121.258090080000102, 25.09351579500003 ], [ 121.262237981000112, 25.09063253100004 ], [ 121.264431822, 25.087381576000041 ], [ 121.26536141400004, 25.084097550000024 ], [ 121.266133807000074, 25.082929011000033 ], [ 121.272087771000088, 25.080627140000047 ], [ 121.272774241000093, 25.079908561000025 ], [ 121.273252455000033, 25.07821373400003 ], [ 121.272243936000109, 25.075798316000032 ], [ 121.270313434000059, 25.07349447100006 ], [ 121.267806883000048, 25.072708402000046 ], [ 121.267221151000058, 25.073453684000071 ], [ 121.265526010000031, 25.073263335000036 ], [ 121.264811658000099, 25.070536553000068 ], [ 121.26404686, 25.069523837000077 ], [ 121.262415095000051, 25.069005238000045 ], [ 121.262016438000046, 25.067820592000032 ], [ 121.262265384000102, 25.066243806000045 ], [ 121.259479594000027, 25.06427446400005 ], [ 121.259379493000097, 25.063760844000058 ], [ 121.2582320570001, 25.063416085000028 ], [ 121.254518828000073, 25.060803303000057 ], [ 121.252042989000074, 25.062082417000056 ], [ 121.24974148900003, 25.061250708000046 ], [ 121.249042659000111, 25.059910984000055 ], [ 121.251071463000017, 25.05728565000004 ], [ 121.248244317000058, 25.056767631000071 ], [ 121.245451822000064, 25.055312885000035 ], [ 121.246131091000052, 25.054276035000044 ], [ 121.245793350000099, 25.053816612000048 ], [ 121.24833095200006, 25.050009251000063 ], [ 121.246354580000116, 25.048294467000062 ], [ 121.247665924000103, 25.047239432000026 ], [ 121.24481516000003, 25.04592610800006 ], [ 121.243150485000115, 25.046503553000036 ], [ 121.236765571000092, 25.042598807000047 ], [ 121.237622053000109, 25.039205178000032 ], [ 121.23653713200008, 25.038480821000064 ], [ 121.236776890000101, 25.037876802000028 ], [ 121.234330826000019, 25.036230286000034 ], [ 121.23476615200002, 25.032309659000077 ], [ 121.232168908000062, 25.031156392000071 ], [ 121.233093072000088, 25.029667146000065 ], [ 121.23426556000004, 25.029471199000056 ], [ 121.236056856000118, 25.027998160000038 ], [ 121.237444815000117, 25.025925567000058 ], [ 121.238609255000028, 25.022787509000068 ], [ 121.240200854000022, 25.021771183000055 ], [ 121.243383948000087, 25.017684637000059 ], [ 121.244212455000024, 25.015821172000074 ], [ 121.246185662000016, 25.014037268000038 ], [ 121.247601411000119, 25.010672529000033 ], [ 121.24461451600007, 25.010768921000079 ], [ 121.238453636000031, 25.009412896000072 ], [ 121.234700259000078, 25.007902843000068 ], [ 121.233126982000044, 25.008055506000062 ], [ 121.232641193000063, 25.007274465000023 ], [ 121.229256698000086, 25.007328767000047 ], [ 121.228541827000072, 25.006819918000076 ], [ 121.229369698000028, 25.004658070000062 ], [ 121.22734524100008, 25.004174026000044 ], [ 121.22672676600007, 25.003147408000075 ], [ 121.225076160000071, 25.003822508000042 ], [ 121.223884444000078, 25.005005836000066 ], [ 121.223146025, 25.007240270000068 ], [ 121.223026466000078, 25.009486719000051 ], [ 121.223601927000118, 25.011655318000066 ], [ 121.222791388000019, 25.014270382000063 ], [ 121.225094168000055, 25.017495078000024 ], [ 121.225322424000069, 25.020478154000045 ], [ 121.224702008, 25.020372095000027 ], [ 121.224735729000031, 25.018978400000037 ], [ 121.223865678000038, 25.017926091000049 ], [ 121.222815525000101, 25.018797729000028 ], [ 121.221371162000082, 25.01736448500003 ], [ 121.218668821000051, 25.01961476300005 ], [ 121.217901784000105, 25.018822807000049 ], [ 121.217303192000031, 25.019309252000028 ], [ 121.216378489000022, 25.018669138000064 ], [ 121.215097870000022, 25.019733304000056 ], [ 121.21248545100002, 25.017135465000024 ], [ 121.213254531000075, 25.015774930000077 ], [ 121.211705805000065, 25.014187785000047 ], [ 121.210398651000105, 25.015068795000047 ], [ 121.209576385000105, 25.014253409000048 ], [ 121.213160952000067, 25.011269494000032 ], [ 121.214212996000015, 25.009466867000071 ], [ 121.213356291000082, 25.009082080000042 ], [ 121.213491182000098, 25.004748094000036 ], [ 121.214229086000046, 25.003433355000027 ], [ 121.213228243000117, 25.003356290000056 ], [ 121.211229198000069, 25.000964531000022 ], [ 121.20930923200001, 25.00412865100003 ], [ 121.210072515000093, 25.007166687000051 ], [ 121.208583379000061, 25.00857062800003 ], [ 121.210012747000064, 25.011354140000037 ], [ 121.207852599000034, 25.012657560000036 ], [ 121.208944821000046, 25.017290234000029 ], [ 121.207121508000114, 25.016455941000061 ], [ 121.206206428000087, 25.016565163000053 ], [ 121.207884684000078, 25.018846167000049 ], [ 121.206660650000117, 25.020106861000045 ], [ 121.206101004000061, 25.02145938700005 ], [ 121.208011251000016, 25.023584260000064 ], [ 121.201240874000064, 25.026292301000069 ], [ 121.199527716000034, 25.025563589000058 ], [ 121.19928341800005, 25.024519594000026 ], [ 121.19828790300005, 25.023676211000065 ], [ 121.196248229000048, 25.026585054000066 ], [ 121.195014972000081, 25.02637850800005 ], [ 121.193814563000046, 25.023238792000029 ], [ 121.193779065000058, 25.018108470000072 ], [ 121.190378949000092, 25.018740296000033 ], [ 121.187808848000032, 25.015757730000075 ], [ 121.187278794, 25.016324824000037 ], [ 121.187230891000013, 25.019694949000041 ], [ 121.185312549000059, 25.021883316000071 ], [ 121.185643008000056, 25.024302848000048 ], [ 121.18517936100011, 25.026069928000027 ], [ 121.183283128000085, 25.027448210000045 ], [ 121.182658447000108, 25.028481364000072 ] ] ] } },
{ "type": "Feature", "properties": { "county": "桃園市", "town": "大溪區", "lab_lon": 121.30094, "lab_lat": 24.87098 }, "geometry": { "type": "Polygon", "coordinates": [ [ [ 121.321020024000063, 24.822009764000029 ], [ 121.320725244000073, 24.821261312000047 ], [ 121.321183929000085, 24.82038063400006 ], [ 121.318993625000076, 24.818448782000075 ], [ 121.31996137200008, 24.817564768000068 ], [ 121.321694242000035, 24.813561611000068 ], [ 121.322005942000033, 24.808287122000024 ], [ 121.316263818000039, 24.803434774000038 ], [ 121.311950335, 24.805487026000037 ], [ 121.305834075, 24.809793784000078 ], [ 121.304672086000096, 24.809996282000043 ], [ 121.302073120000045, 24.808268106000071 ], [ 121.299424042000055, 24.808228518000078 ], [ 121.295041471000104, 24.80981670500006 ], [ 121.288581280000017, 24.814114645000075 ], [ 121.286323954000068, 24.816172112000061 ], [ 121.283249765000051, 24.815753250000057 ], [ 121.279610301000048, 24.816734745000076 ], [ 121.274903901000016, 24.815141216000029 ], [ 121.268606156000033, 24.814930293000032 ], [ 121.264901499000075, 24.813995338000041 ], [ 121.264653606000024, 24.812876774000074 ], [ 121.265864631000113, 24.809125444000074 ], [ 121.265871021000066, 24.807570038000051 ], [ 121.264583451000021, 24.805766885000025 ], [ 121.262893019000103, 24.805099497000072 ], [ 121.260519689000034, 24.805038252000031 ], [ 121.256405142000062, 24.80636888500004 ], [ 121.253199921000032, 24.810670207000044 ], [ 121.243092503000071, 24.808704348000049 ], [ 121.243926767000062, 24.814129860000037 ], [ 121.248203097000101, 24.819958491000023 ], [ 121.253259889000105, 24.824002342000028 ], [ 121.25542121400008, 24.831433987000025 ], [ 121.256695738000076, 24.833406781000065 ], [ 121.259678057000087, 24.836440152000023 ], [ 121.261131152000075, 24.840335793000065 ], [ 121.267740948000096, 24.849027836000062 ], [ 121.26754079400007, 24.851522973000044 ], [ 121.264299675000075, 24.858982025000046 ], [ 121.262657784000112, 24.858140398000046 ], [ 121.261341066000114, 24.858941883000057 ], [ 121.261458872000048, 24.860021267000036 ], [ 121.258794508000051, 24.864699707000057 ], [ 121.255074200000081, 24.862932335000039 ], [ 121.252660146000039, 24.860173277000058 ], [ 121.251573085000018, 24.860557950000043 ], [ 121.250252028000091, 24.859416199000066 ], [ 121.249384275000011, 24.859717834000037 ], [ 121.247958280000034, 24.858360939000079 ], [ 121.245746448000091, 24.859964133000062 ], [ 121.248850342000082, 24.869040385000062 ], [ 121.248817458000076, 24.875161260000027 ], [ 121.249919313000078, 24.877492242000073 ], [ 121.250838439000063, 24.882216850000077 ], [ 121.25096364, 24.883422795000058 ], [ 121.250174304000097, 24.883793112000035 ], [ 121.250838850000036, 24.885024070000043 ], [ 121.250490795000019, 24.886757637000073 ], [ 121.249944439000046, 24.886026980000054 ], [ 121.249263445000111, 24.886015951000047 ], [ 121.249494088, 24.892270654000072 ], [ 121.250696334000054, 24.896146600000066 ], [ 121.252447738000114, 24.898339401000044 ], [ 121.252823990000024, 24.90215752000006 ], [ 121.252509831000111, 24.903555751000056 ], [ 121.253353404000109, 24.907051231000025 ], [ 121.253001355000038, 24.908800125000027 ], [ 121.254153035000058, 24.911128241000029 ], [ 121.256930588000046, 24.913694991000057 ], [ 121.257143933000066, 24.914827894000041 ], [ 121.256613626000103, 24.916017658000044 ], [ 121.257716423000034, 24.916597129000024 ], [ 121.262946243000101, 24.91756435800005 ], [ 121.264089777000095, 24.919053212000051 ], [ 121.265687838000076, 24.919782880000071 ], [ 121.265780213000085, 24.920586773000025 ], [ 121.268059913000116, 24.921801466000034 ], [ 121.268367885000089, 24.923927728000024 ], [ 121.269830913000078, 24.924568847000046 ], [ 121.270236355000065, 24.925964684000064 ], [ 121.273548978, 24.929467939000062 ], [ 121.273492047000104, 24.927430603000062 ], [ 121.275114852000115, 24.928171066000061 ], [ 121.276150337000104, 24.927957230000061 ], [ 121.275268392000044, 24.926179131000026 ], [ 121.276840774000107, 24.924041977000059 ], [ 121.277480104, 24.921730192000041 ], [ 121.276501102000111, 24.92045560400004 ], [ 121.278012316000058, 24.92009971400006 ], [ 121.281313159000092, 24.921150079000029 ], [ 121.282601312000111, 24.920204946000069 ], [ 121.283587379000096, 24.920254634000059 ], [ 121.292742974000021, 24.924480997000046 ], [ 121.294264849000115, 24.924655575000031 ], [ 121.29479849900008, 24.923897111000031 ], [ 121.29622697100001, 24.923267973000065 ], [ 121.297164997000095, 24.925037544000077 ], [ 121.29824322200011, 24.924175708000064 ], [ 121.299740911000072, 24.924912518000042 ], [ 121.315781314000105, 24.938472929000056 ], [ 121.318150485000047, 24.934794455000031 ], [ 121.319834175000096, 24.934189811000067 ], [ 121.320155847000024, 24.933539085000064 ], [ 121.320707716000015, 24.933669290000068 ], [ 121.321226276000061, 24.932064080000032 ], [ 121.3219260300001, 24.932329218000064 ], [ 121.323219939000069, 24.931279314000051 ], [ 121.322058187000039, 24.928040491000047 ], [ 121.333249479000074, 24.929828358000066 ], [ 121.33756680800002, 24.928597655000033 ], [ 121.339803284000027, 24.928500267000061 ], [ 121.335180481000066, 24.924919851000027 ], [ 121.327958857000112, 24.924740544000031 ], [ 121.324754806000101, 24.923433425000042 ], [ 121.317585313000109, 24.916359361000048 ], [ 121.319582801000024, 24.914942569000061 ], [ 121.32029362500009, 24.913544547000072 ], [ 121.322453203, 24.912587987000052 ], [ 121.323586746000046, 24.90990905700005 ], [ 121.326206223000099, 24.909180888000037 ], [ 121.32621463800001, 24.90719335700004 ], [ 121.324027120000096, 24.904711640000073 ], [ 121.321898249000014, 24.903599393000036 ], [ 121.321494209000093, 24.901428547000023 ], [ 121.320321774000035, 24.900196235000067 ], [ 121.327166237000029, 24.895901343000048 ], [ 121.328169599000034, 24.896085657000071 ], [ 121.32909861600001, 24.897308426000052 ], [ 121.33056478900005, 24.897775616000047 ], [ 121.331790291000061, 24.899812211000039 ], [ 121.333246035000116, 24.899433672000043 ], [ 121.333754848000012, 24.898795801000063 ], [ 121.333236909000107, 24.898233127000026 ], [ 121.333403052000108, 24.896347943000023 ], [ 121.332075994000093, 24.893513088000077 ], [ 121.33324523400006, 24.89316989100007 ], [ 121.333655421000117, 24.891535754000074 ], [ 121.335134502000074, 24.891706469000042 ], [ 121.335462164000091, 24.892235546000052 ], [ 121.336549882000099, 24.892295880000063 ], [ 121.338551151000047, 24.893362877000072 ], [ 121.34053098600009, 24.892322368000066 ], [ 121.342173655000011, 24.892551634000029 ], [ 121.341140411000083, 24.887993031000065 ], [ 121.341374263000034, 24.887459693000039 ], [ 121.343409855000118, 24.886873473000037 ], [ 121.34473248200004, 24.885763689000044 ], [ 121.345670330000075, 24.879985486000066 ], [ 121.347243751000065, 24.87868303700003 ], [ 121.350583936000021, 24.878584963000037 ], [ 121.352081379000083, 24.876758164000023 ], [ 121.353465350000079, 24.876516778000052 ], [ 121.353403715000013, 24.874979431000042 ], [ 121.354448606, 24.873465610000039 ], [ 121.353117782000027, 24.871101679000049 ], [ 121.350575986000081, 24.870088989000067 ], [ 121.349377396000023, 24.868757693000077 ], [ 121.345758742000044, 24.868086380000022 ], [ 121.345048267000038, 24.866939181000077 ], [ 121.346342652000089, 24.865597366000031 ], [ 121.347341424000092, 24.862071933000038 ], [ 121.348354299000107, 24.860730247000049 ], [ 121.349487855, 24.859691777000023 ], [ 121.353371519, 24.858697562000032 ], [ 121.354117418000101, 24.856841076000023 ], [ 121.355571640000107, 24.855055915000037 ], [ 121.357837981000102, 24.854453789000047 ], [ 121.358145715000092, 24.853445305000037 ], [ 121.357267752000098, 24.853092670000024 ], [ 121.356656465000015, 24.853599741000039 ], [ 121.354735307000055, 24.853306178000025 ], [ 121.353344904000096, 24.850589918000026 ], [ 121.352733048000118, 24.850267748000078 ], [ 121.351863612000102, 24.85060526500007 ], [ 121.352734963000103, 24.849118511000029 ], [ 121.349858421000022, 24.84964842200003 ], [ 121.350379437000015, 24.848768294000024 ], [ 121.348722684000109, 24.84835288000005 ], [ 121.348112879000041, 24.849771764000025 ], [ 121.348281255000074, 24.850735787000076 ], [ 121.347863331000099, 24.850945315000047 ], [ 121.347638605000043, 24.849934067000049 ], [ 121.346211953000079, 24.85011356900003 ], [ 121.342949479000026, 24.848771298000031 ], [ 121.340419718000021, 24.848971945000073 ], [ 121.337079276000054, 24.848305905000075 ], [ 121.336207584000022, 24.847004054000024 ], [ 121.335847032000061, 24.844932220000032 ], [ 121.333040422000067, 24.844358707000026 ], [ 121.333149793000075, 24.841456855000047 ], [ 121.331891245000065, 24.841566292000039 ], [ 121.332196207000038, 24.837847428000032 ], [ 121.330385878000016, 24.833985680000069 ], [ 121.330476105000116, 24.832694705000051 ], [ 121.33136481400004, 24.831232498000077 ], [ 121.330674508000016, 24.830776295000078 ], [ 121.330803524000089, 24.828696265000076 ], [ 121.330423063000012, 24.827939076000064 ], [ 121.333630172000085, 24.827448595000078 ], [ 121.331413490000045, 24.826002760000051 ], [ 121.331719770000063, 24.825038999000071 ], [ 121.330654165000055, 24.825477977000048 ], [ 121.32925857500004, 24.825219035000032 ], [ 121.329166788000066, 24.824504398000045 ], [ 121.328192605000027, 24.825084951000065 ], [ 121.327545326000063, 24.824886528000036 ], [ 121.327529802000072, 24.823020159000066 ], [ 121.328074482000034, 24.822453541000073 ], [ 121.325734470000043, 24.821750818000055 ], [ 121.325077184000065, 24.820172213000035 ], [ 121.324151980000011, 24.820490543000062 ], [ 121.323902238000073, 24.821523420000062 ], [ 121.321020024000063, 24.822009764000029 ] ] ] } },
{ "type": "Feature", "properties": { "county": "桃園市", "town": "平鎮區", "lab_lon": 121.22006, "lab_lat": 24.92189 }, "geometry": { "type": "Polygon", "coordinates": [ [ [ 121.203650359000108, 24.889494404000061 ], [ 121.195259604000057, 24.887864150000041 ], [ 121.195164863000059, 24.888390189000063 ], [ 121.194634873000041, 24.888194909000049 ], [ 121.194362573000035, 24.890146107000078 ], [ 121.195191328000078, 24.890606560000037 ], [ 121.195304786000065, 24.89132588800004 ], [ 121.193960754000045, 24.892864745000054 ], [ 121.192697872000053, 24.892428308000035 ], [ 121.19297121000011, 24.893378197000061 ], [ 121.192547219000062, 24.894117424000058 ], [ 121.191590494000025, 24.893144610000036 ], [ 121.191229585000087, 24.893452138000043 ], [ 121.1901187200001, 24.890993979000029 ], [ 121.187590151000109, 24.888892510000062 ], [ 121.184676791000015, 24.889937650000036 ], [ 121.18392123600006, 24.891997147000041 ], [ 121.183699521000108, 24.893570339000064 ], [ 121.184359553000036, 24.895115948000068 ], [ 121.185300718, 24.89565662800004 ], [ 121.185523494000108, 24.897813935000045 ], [ 121.18619319000004, 24.899199655000075 ], [ 121.186069529000065, 24.900677420000022 ], [ 121.187056703000053, 24.902624009000078 ], [ 121.186929744000054, 24.904945127000076 ], [ 121.188299032000032, 24.907371383000054 ], [ 121.188846984000065, 24.909862419000035 ], [ 121.189079272000072, 24.915747840000051 ], [ 121.188348035000104, 24.918935978000036 ], [ 121.188614801000085, 24.920545446000062 ], [ 121.187249844, 24.922838004000027 ], [ 121.187306952000085, 24.924032175000036 ], [ 121.188327861000062, 24.925581034000061 ], [ 121.188791891000051, 24.928444768000077 ], [ 121.186917124000047, 24.934081761000073 ], [ 121.18464231400003, 24.939033830000028 ], [ 121.184706656000117, 24.941295852000053 ], [ 121.181925073000116, 24.944061731000033 ], [ 121.181650578000017, 24.946598720000054 ], [ 121.178992398000105, 24.948360322000042 ], [ 121.178216354000028, 24.950188659000048 ], [ 121.177331277, 24.954302111000061 ], [ 121.176974739000116, 24.959151323000071 ], [ 121.178062071000113, 24.959758829000066 ], [ 121.17711809900004, 24.960689946000059 ], [ 121.178007066000077, 24.961484563000056 ], [ 121.177778253000042, 24.962818640000023 ], [ 121.1789059460001, 24.969559704000062 ], [ 121.181921700000089, 24.969350405000057 ], [ 121.183066846000088, 24.968063956000037 ], [ 121.184053399000049, 24.96772426800004 ], [ 121.186986516000047, 24.968682269000055 ], [ 121.190424416000042, 24.971304546000056 ], [ 121.191114825000113, 24.970090264000078 ], [ 121.191068161000089, 24.965846466000073 ], [ 121.189970955000035, 24.960506352000039 ], [ 121.191250345000071, 24.960400701000026 ], [ 121.191762922000066, 24.959036923000042 ], [ 121.19433317700009, 24.957281752000029 ], [ 121.207619445000091, 24.957472305000067 ], [ 121.21087388300009, 24.956249145000072 ], [ 121.213199110000119, 24.956107516000031 ], [ 121.213613673000054, 24.954769417000023 ], [ 121.215721846000065, 24.952807254000049 ], [ 121.218130391000045, 24.953540926000073 ], [ 121.218422041000053, 24.952653886000064 ], [ 121.219618255000114, 24.952198194000061 ], [ 121.220753285000114, 24.953886727000054 ], [ 121.221903003000079, 24.952586255000028 ], [ 121.221385333000057, 24.95161643800003 ], [ 121.223065403000078, 24.949546504000068 ], [ 121.223449524000102, 24.947603978000075 ], [ 121.222154316000115, 24.945111822000058 ], [ 121.22250051900005, 24.943918592000045 ], [ 121.224272276000079, 24.943041410000035 ], [ 121.225147772000014, 24.940768784000056 ], [ 121.225244844000031, 24.937649812000075 ], [ 121.227958208000018, 24.935547875000054 ], [ 121.228859922000083, 24.933951056000069 ], [ 121.229124623000075, 24.931489192000072 ], [ 121.230801049000092, 24.931163243000071 ], [ 121.231618729000047, 24.931607877000033 ], [ 121.234245207000072, 24.929490393000037 ], [ 121.235741304000044, 24.930127586000026 ], [ 121.236589655000103, 24.92793417200005 ], [ 121.239616639000019, 24.928028769000036 ], [ 121.240093550000097, 24.926207841000064 ], [ 121.242759112000044, 24.925642998000058 ], [ 121.242866092000099, 24.925068565000061 ], [ 121.244955302000108, 24.925287168000068 ], [ 121.246776406000095, 24.926266006000048 ], [ 121.249804839000035, 24.926926574000049 ], [ 121.255403367000099, 24.92970398500006 ], [ 121.25822594300007, 24.930575067000063 ], [ 121.25554192300001, 24.924954871000068 ], [ 121.251816421000058, 24.921653433000074 ], [ 121.255184418000113, 24.918489868000052 ], [ 121.255726980000077, 24.915822202000072 ], [ 121.254591188000063, 24.914078680000046 ], [ 121.252902682000013, 24.909487489000071 ], [ 121.253353404000109, 24.907051231000025 ], [ 121.252509831000111, 24.903555751000056 ], [ 121.252823990000024, 24.90215752000006 ], [ 121.252458674000081, 24.898396550000029 ], [ 121.250696334000054, 24.896146600000066 ], [ 121.24962159800009, 24.893144582000048 ], [ 121.249098055000104, 24.884424015000036 ], [ 121.247719097000072, 24.877340310000022 ], [ 121.246743336, 24.874993845000063 ], [ 121.244458586000064, 24.872487843000044 ], [ 121.243043916000033, 24.873005301000035 ], [ 121.24436645500009, 24.874600888000032 ], [ 121.244515838000098, 24.877316873000041 ], [ 121.245059241000035, 24.877603760000056 ], [ 121.245723484000109, 24.880874667000057 ], [ 121.245242488000031, 24.881966947000024 ], [ 121.245451766000087, 24.883324886000025 ], [ 121.246700660000101, 24.884382780000067 ], [ 121.246690812000111, 24.886278110000035 ], [ 121.246236234000094, 24.887991439000075 ], [ 121.243426751000015, 24.888025949000053 ], [ 121.242869087000031, 24.889087717000052 ], [ 121.242234968000048, 24.888840404000064 ], [ 121.241612567000061, 24.890159385000061 ], [ 121.239462594000088, 24.887683519000063 ], [ 121.237549775000048, 24.887866881000036 ], [ 121.237481423000077, 24.887152388000061 ], [ 121.235897157000068, 24.886932940000065 ], [ 121.235950101000071, 24.886240131000022 ], [ 121.234962353000014, 24.885883941000031 ], [ 121.234306573000026, 24.886821446000056 ], [ 121.231596986000113, 24.888463296000054 ], [ 121.231118812000091, 24.888307134000058 ], [ 121.231165646000022, 24.889505630000031 ], [ 121.23008006200007, 24.891331666000042 ], [ 121.229933207000045, 24.89274376000003 ], [ 121.228794857000025, 24.893856277000054 ], [ 121.228100546000064, 24.893006720000074 ], [ 121.226195836000102, 24.892462132000048 ], [ 121.226307083000052, 24.89152387200005 ], [ 121.222600610000086, 24.891985151000029 ], [ 121.221276702000068, 24.889727995000044 ], [ 121.221445027000073, 24.888502803000051 ], [ 121.22071655600007, 24.888935731000061 ], [ 121.220028832000025, 24.891110991000062 ], [ 121.220650894000073, 24.89326698900004 ], [ 121.219848475000049, 24.893211259000054 ], [ 121.219554982000091, 24.893739305000054 ], [ 121.217018523000093, 24.892414783000049 ], [ 121.212725928000054, 24.891136516000074 ], [ 121.208841957000118, 24.892130974000054 ], [ 121.207603463000055, 24.893452774000025 ], [ 121.203650359000108, 24.889494404000061 ] ] ] } },
{ "type": "Feature", "properties": { "county": "桃園市", "town": "復興區", "lab_lon": 121.37572, "lab_lat": 24.71603 }, "geometry": { "type": "Polygon", "coordinates": [ [ [ 121.479996161000031, 24.673849092000069 ], [ 121.472382182000047, 24.673146680000059 ], [ 121.469206659000065, 24.671831485000041 ], [ 121.466798068000116, 24.672428258000025 ], [ 121.461135529000103, 24.672710226000049 ], [ 121.459640642000068, 24.673233806000042 ], [ 121.455306410000048, 24.668319463000046 ], [ 121.453745538000021, 24.664225391000059 ], [ 121.449593465000021, 24.662222111000062 ], [ 121.447751686000061, 24.658366919000059 ], [ 121.447613086000047, 24.656171495000024 ], [ 121.448993635000079, 24.652976558000034 ], [ 121.451261030000069, 24.651678189000052 ], [ 121.451338692000036, 24.650918017000038 ], [ 121.44876294900007, 24.64601383400003 ], [ 121.445981404, 24.644283782000059 ], [ 121.445077494000088, 24.643177328000036 ], [ 121.444844737000039, 24.641052374000026 ], [ 121.44563314100003, 24.639418559000035 ], [ 121.445021036000071, 24.637295191000078 ], [ 121.44054785600008, 24.635095603000025 ], [ 121.439391864000072, 24.633455790000028 ], [ 121.439291277000052, 24.632608094000034 ], [ 121.434927328000072, 24.62487795800007 ], [ 121.435693410000113, 24.621429762000048 ], [ 121.435014847000048, 24.619811526000035 ], [ 121.433518206000031, 24.618791131000023 ], [ 121.43259049400001, 24.615635903000054 ], [ 121.430616987, 24.614508878000038 ], [ 121.427688832000058, 24.605848961000049 ], [ 121.42595119300006, 24.604869344000065 ], [ 121.425720149000085, 24.604021384000077 ], [ 121.424570049000067, 24.603114149000078 ], [ 121.418073980000031, 24.601019913000073 ], [ 121.416244289000019, 24.602254007000056 ], [ 121.415285795000045, 24.601955716000077 ], [ 121.412781538000104, 24.603649979000068 ], [ 121.412290167000037, 24.600936517000036 ], [ 121.408471237000072, 24.59898071300006 ], [ 121.40818536200004, 24.598066860000074 ], [ 121.406720528000051, 24.597121023000057 ], [ 121.406564080000066, 24.595836745000042 ], [ 121.403743514000098, 24.593001388000062 ], [ 121.403046384000049, 24.591707008000071 ], [ 121.401697463000119, 24.591626590000033 ], [ 121.399847589000046, 24.590349572000036 ], [ 121.395741626000017, 24.58893302000007 ], [ 121.394608432000041, 24.587444086000062 ], [ 121.391658828000118, 24.586511226000027 ], [ 121.387208308000027, 24.586562094000044 ], [ 121.381191182000066, 24.590364108000074 ], [ 121.372783259000016, 24.593746592000059 ], [ 121.371823875000018, 24.597004222000066 ], [ 121.366923390000011, 24.599066347000075 ], [ 121.365873994000026, 24.600843900000029 ], [ 121.363331315000096, 24.603127571000073 ], [ 121.364321362000055, 24.605860918000076 ], [ 121.364017557000011, 24.607250085000032 ], [ 121.361358814000027, 24.609785737000038 ], [ 121.361260844000071, 24.612280689000045 ], [ 121.35949438800003, 24.613836573000071 ], [ 121.358857447000105, 24.617373880000059 ], [ 121.361780268000075, 24.620659297000032 ], [ 121.363061978000019, 24.620671052000034 ], [ 121.363372028000072, 24.623588787000074 ], [ 121.365428891000079, 24.628493755000022 ], [ 121.365497198000071, 24.63067256100004 ], [ 121.366418037000017, 24.631791255000053 ], [ 121.363476735000063, 24.632455019000076 ], [ 121.361171229000092, 24.633750675000044 ], [ 121.357815080000023, 24.63371188900004 ], [ 121.357389272000091, 24.637597924000033 ], [ 121.355928164000034, 24.641053653000029 ], [ 121.353400669000052, 24.642249585000059 ], [ 121.352395905000094, 24.643540660000042 ], [ 121.352232537000077, 24.645097331000045 ], [ 121.353014520000102, 24.648783814000069 ], [ 121.352329334000046, 24.654048093000029 ], [ 121.353523585000062, 24.655441258000053 ], [ 121.352878241000099, 24.656432355000049 ], [ 121.353817747000107, 24.659048207000069 ], [ 121.353071985000042, 24.660388178000062 ], [ 121.353726802000097, 24.664955432000056 ], [ 121.353045200000111, 24.665442702000064 ], [ 121.353649852000103, 24.666484092000076 ], [ 121.353518672000064, 24.667797710000059 ], [ 121.35168223200003, 24.666098777000059 ], [ 121.350460610000027, 24.666518050000036 ], [ 121.348992421000048, 24.667912473000058 ], [ 121.345481299000085, 24.666435899000078 ], [ 121.344856045000029, 24.666734955000038 ], [ 121.344337074, 24.668942006000066 ], [ 121.343667713000059, 24.66939482500004 ], [ 121.342451800000049, 24.668851723000046 ], [ 121.340412209000078, 24.666436653000062 ], [ 121.339203511000051, 24.666560223000033 ], [ 121.339807841000038, 24.671870242000068 ], [ 121.338576992000071, 24.679958256000077 ], [ 121.32976609100001, 24.690965849000065 ], [ 121.324168700000087, 24.694971776000045 ], [ 121.320273633000056, 24.695792672000039 ], [ 121.319408985000109, 24.696356430000037 ], [ 121.318739969000035, 24.697633968000048 ], [ 121.31718459800004, 24.698137316000043 ], [ 121.312847917000113, 24.697523854000053 ], [ 121.306710429000077, 24.69401133100007 ], [ 121.303904027000044, 24.692916730000036 ], [ 121.300819551000018, 24.69395965800004 ], [ 121.299485892, 24.695566399000029 ], [ 121.299657302000014, 24.696832153000059 ], [ 121.302262970000015, 24.701907558000073 ], [ 121.302179531000093, 24.703876330000071 ], [ 121.303034024000112, 24.705719 ], [ 121.303280441000084, 24.708387998000035 ], [ 121.305432358000076, 24.711027977000072 ], [ 121.306407014000115, 24.713082590000056 ], [ 121.307619164000016, 24.720175405000077 ], [ 121.305721065000057, 24.723827338000035 ], [ 121.30539576000001, 24.725993222000056 ], [ 121.303873236000072, 24.726543200000037 ], [ 121.300459931000091, 24.72983647500007 ], [ 121.298669914000016, 24.730709968000042 ], [ 121.298183434000066, 24.733802358000048 ], [ 121.299196614000039, 24.73647128600004 ], [ 121.300201288000039, 24.737720964000061 ], [ 121.301194603000113, 24.742108072000065 ], [ 121.305286394000063, 24.746281017000058 ], [ 121.305550505000042, 24.748052947000076 ], [ 121.305106858000045, 24.750201071000049 ], [ 121.307660266000084, 24.755170058000033 ], [ 121.305597076000026, 24.756083382000043 ], [ 121.304142045000049, 24.757445068000038 ], [ 121.301033386000086, 24.763362020000045 ], [ 121.300302050000028, 24.76355458200004 ], [ 121.29825883, 24.76291918000004 ], [ 121.294189939000034, 24.763865561000046 ], [ 121.293091595000078, 24.765314671000056 ], [ 121.292458124000063, 24.767724517000033 ], [ 121.287547112000084, 24.76868164900003 ], [ 121.285558951000098, 24.770079538000061 ], [ 121.277166868000108, 24.771003923000023 ], [ 121.273551998000016, 24.774592384000073 ], [ 121.271299946000113, 24.77481806000003 ], [ 121.271354741000096, 24.777272018000076 ], [ 121.270600478, 24.778351315000066 ], [ 121.267978560000074, 24.77993226600006 ], [ 121.266025600000035, 24.779792777000068 ], [ 121.264858934000017, 24.781377191000047 ], [ 121.263267924000047, 24.781148368000061 ], [ 121.260012664000101, 24.781958898000028 ], [ 121.2597181000001, 24.783606085000031 ], [ 121.258669613000052, 24.784698828000046 ], [ 121.258483260000048, 24.785872766000068 ], [ 121.258666564, 24.786518578000027 ], [ 121.260433259000024, 24.787917121000078 ], [ 121.261174229000062, 24.789955798000051 ], [ 121.260313626000084, 24.793217715000026 ], [ 121.259556843000041, 24.793713345000072 ], [ 121.257605108, 24.792829716000028 ], [ 121.254695634000086, 24.793852260000051 ], [ 121.253176478000114, 24.793653793000033 ], [ 121.251088815000116, 24.794496730000049 ], [ 121.250369037000041, 24.795667723000065 ], [ 121.247775242000102, 24.796675481000023 ], [ 121.246622649000074, 24.800071983000066 ], [ 121.247666886000047, 24.801384167000037 ], [ 121.24744200900011, 24.803492349000066 ], [ 121.246598155000015, 24.80508853300006 ], [ 121.245435341000075, 24.805976692000058 ], [ 121.2454234920001, 24.806961257000069 ], [ 121.243175665000081, 24.808727858000054 ], [ 121.253199921000032, 24.810670207000044 ], [ 121.256405142000062, 24.80636888500004 ], [ 121.260519689000034, 24.805038252000031 ], [ 121.262893019000103, 24.805099497000072 ], [ 121.264583451000021, 24.805766885000025 ], [ 121.265871021000066, 24.807570038000051 ], [ 121.265864631000113, 24.809125444000074 ], [ 121.264653606000024, 24.812876774000074 ], [ 121.264901499000075, 24.813995338000041 ], [ 121.268606156000033, 24.814930293000032 ], [ 121.274903901000016, 24.815141216000029 ], [ 121.279610301000048, 24.816734745000076 ], [ 121.283249765000051, 24.815753250000057 ], [ 121.286323954000068, 24.816172112000061 ], [ 121.288581280000017, 24.814114645000075 ], [ 121.295041471000104, 24.80981670500006 ], [ 121.299424042000055, 24.808228518000078 ], [ 121.302073120000045, 24.808268106000071 ], [ 121.304672086000096, 24.809996282000043 ], [ 121.305834075, 24.809793784000078 ], [ 121.311950335, 24.805487026000037 ], [ 121.316329793000023, 24.803447075000065 ], [ 121.322005942000033, 24.808287122000024 ], [ 121.321694242000035, 24.813561611000068 ], [ 121.31996137200008, 24.817564768000068 ], [ 121.318993625000076, 24.818448782000075 ], [ 121.321183929000085, 24.82038063400006 ], [ 121.320734223000045, 24.821173067000075 ], [ 121.320939190000104, 24.821925918000034 ], [ 121.321508724000068, 24.822172549000072 ], [ 121.322651658000041, 24.821538736000036 ], [ 121.323902238000073, 24.821523420000062 ], [ 121.324151980000011, 24.820490543000062 ], [ 121.325077184000065, 24.820172213000035 ], [ 121.325734470000043, 24.821750818000055 ], [ 121.328074482000034, 24.822453541000073 ], [ 121.327529802000072, 24.823020159000066 ], [ 121.327545326000063, 24.824886528000036 ], [ 121.328192605000027, 24.825084951000065 ], [ 121.329166788000066, 24.824504398000045 ], [ 121.32925857500004, 24.825219035000032 ], [ 121.330654165000055, 24.825477977000048 ], [ 121.331719770000063, 24.825038999000071 ], [ 121.331413490000045, 24.826002760000051 ], [ 121.333630172000085, 24.827448595000078 ], [ 121.331272375000026, 24.827597230000038 ], [ 121.330393545000106, 24.828083291000041 ], [ 121.330803524000089, 24.828696265000076 ], [ 121.330674508000016, 24.830776295000078 ], [ 121.33136481400004, 24.831232498000077 ], [ 121.330476105000116, 24.832694705000051 ], [ 121.330385878000016, 24.833985680000069 ], [ 121.332093140000097, 24.837421783000025 ], [ 121.332384934000061, 24.839019836000034 ], [ 121.331891245000065, 24.841566292000039 ], [ 121.333129275000033, 24.84139428900005 ], [ 121.332824274000018, 24.843828267000049 ], [ 121.333211861000109, 24.844462584000041 ], [ 121.335810998000056, 24.84494330800004 ], [ 121.336223548000021, 24.843762750000053 ], [ 121.340008512000054, 24.843387602000064 ], [ 121.342489865000061, 24.844667085000026 ], [ 121.34674489300005, 24.845887184000048 ], [ 121.35482305000005, 24.843972332000078 ], [ 121.355310427000063, 24.842496420000032 ], [ 121.35604386600005, 24.842102289000024 ], [ 121.357791066000118, 24.839519478000057 ], [ 121.360058871000092, 24.838176566000072 ], [ 121.364160150000089, 24.838133938000055 ], [ 121.367307227000083, 24.836763641000061 ], [ 121.370122492000064, 24.836224295000022 ], [ 121.370977540000013, 24.835302347000038 ], [ 121.372821568000063, 24.834979439000051 ], [ 121.372814900000094, 24.833787147000066 ], [ 121.373500255000067, 24.833285272000069 ], [ 121.377894684000012, 24.83448297800004 ], [ 121.380753274000085, 24.836422216000074 ], [ 121.38334670100005, 24.836984891000043 ], [ 121.384548308000035, 24.838018393000027 ], [ 121.385219121000091, 24.840964595000059 ], [ 121.38807930300004, 24.842409773000043 ], [ 121.390412705000017, 24.842473359000053 ], [ 121.393534399000032, 24.843951037000068 ], [ 121.397218902000077, 24.843745658000046 ], [ 121.39705299100001, 24.842785150000054 ], [ 121.398242810000056, 24.841691278000042 ], [ 121.400900491000016, 24.841787392000072 ], [ 121.402703781000014, 24.843572875000064 ], [ 121.40725029400005, 24.841611193000062 ], [ 121.412690455000075, 24.836953347000076 ], [ 121.415605214000038, 24.83559759700006 ], [ 121.413849643000049, 24.831959451000046 ], [ 121.416082554000013, 24.82874302700003 ], [ 121.41620548100002, 24.826918067000065 ], [ 121.416917476000094, 24.825572065000074 ], [ 121.418621596000094, 24.825211753000076 ], [ 121.419376469000099, 24.825591774000031 ], [ 121.423645456000031, 24.825432260000071 ], [ 121.425039169000115, 24.822802196000055 ], [ 121.425288800000089, 24.820109433000027 ], [ 121.427009258000112, 24.819044326000039 ], [ 121.427870992000067, 24.817126531000042 ], [ 121.429569984000068, 24.815276436000033 ], [ 121.432277133000071, 24.813482294000039 ], [ 121.436566054000082, 24.812053071000037 ], [ 121.436505485000112, 24.810425788000032 ], [ 121.437295461000076, 24.807835529000045 ], [ 121.43695724600002, 24.805559063000032 ], [ 121.437772614000096, 24.804614508000043 ], [ 121.438014048000014, 24.803209431000028 ], [ 121.438022645000046, 24.800884245000077 ], [ 121.437095443000089, 24.798179549000054 ], [ 121.438266617000068, 24.795338205000064 ], [ 121.441555116000018, 24.793425485000057 ], [ 121.442952679000086, 24.791799508000054 ], [ 121.445708215000082, 24.790132909000079 ], [ 121.44729535700003, 24.79005955100007 ], [ 121.449478825000028, 24.791059922000045 ], [ 121.450385234, 24.790917323000031 ], [ 121.450397311000074, 24.789845685000046 ], [ 121.448842780000064, 24.788244098000064 ], [ 121.449524667000105, 24.785935839000047 ], [ 121.447536403000072, 24.784204827000053 ], [ 121.446109365000098, 24.781853691000038 ], [ 121.444063784000036, 24.780636282000046 ], [ 121.442403338000076, 24.780486464000035 ], [ 121.440575166000031, 24.779139775000033 ], [ 121.438506557000096, 24.775468912000065 ], [ 121.436920963000034, 24.773720064000031 ], [ 121.435756331000107, 24.772961098000053 ], [ 121.431431603000078, 24.771937862000073 ], [ 121.426232590000041, 24.767826048000074 ], [ 121.42350895200002, 24.763275849000024 ], [ 121.423304266000059, 24.762016765000055 ], [ 121.425838543000054, 24.760587570000041 ], [ 121.425566909000054, 24.758398601000067 ], [ 121.427007435000064, 24.75533652200005 ], [ 121.42789267, 24.754732657000034 ], [ 121.428487424000082, 24.753454262000048 ], [ 121.428479860000039, 24.751519685000062 ], [ 121.4292180220001, 24.749946323000074 ], [ 121.428685050000013, 24.748064963000047 ], [ 121.430157148000035, 24.745549003000065 ], [ 121.430367210000099, 24.743457883000076 ], [ 121.431989110000018, 24.742240606000053 ], [ 121.43274869600009, 24.740752176000058 ], [ 121.432976806000056, 24.736826196000038 ], [ 121.435351578000109, 24.733310756000037 ], [ 121.434205939000094, 24.730130410000072 ], [ 121.436788734000061, 24.728365654000072 ], [ 121.438319904000082, 24.726590630000032 ], [ 121.440962372000058, 24.726082905000055 ], [ 121.44153476200006, 24.723139669000034 ], [ 121.444896892000088, 24.715152244000024 ], [ 121.44879173400011, 24.712189451000029 ], [ 121.449118413000065, 24.70854812500005 ], [ 121.450224708000064, 24.70567526800005 ], [ 121.456510676000107, 24.703249438000057 ], [ 121.459861815000068, 24.70275833200003 ], [ 121.462550150000084, 24.701636936000057 ], [ 121.466978727000082, 24.697731752000038 ], [ 121.469496353000068, 24.696150542000055 ], [ 121.470962764000092, 24.696785990000024 ], [ 121.474235592000014, 24.696102093000036 ], [ 121.47479347400008, 24.693477672000029 ], [ 121.473040366000077, 24.689802229000065 ], [ 121.473945348000029, 24.685333237000066 ], [ 121.475416357000086, 24.683652537000057 ], [ 121.475959530000068, 24.679269722000072 ], [ 121.479208869000104, 24.675461519000066 ], [ 121.479996161000031, 24.673849092000069 ] ] ] } },
{ "type": "Feature", "properties": { "county": "桃園市", "town": "新屋區", "lab_lon": 121.07224, "lab_lat": 24.97626 }, "geometry": { "type": "Polygon", "coordinates": [ [ [ 121.006912581000051, 24.946126314000026 ], [ 121.004258383000092, 24.943123899000057 ], [ 121.002929482000013, 24.940012929000034 ], [ 120.999065017000021, 24.940920092000056 ], [ 120.997573056000078, 24.940515213000026 ], [ 120.996528524000041, 24.939647671000046 ], [ 120.994199939000055, 24.939137122000034 ], [ 120.99274850300003, 24.937122007000028 ], [ 120.992742991000114, 24.935080927000058 ], [ 120.990319253000052, 24.935659025000064 ], [ 120.987384994000081, 24.939046488000031 ], [ 120.982033033000107, 24.939973868000038 ], [ 120.984776226, 24.943615001000069 ], [ 120.986464538000064, 24.948273689000075 ], [ 120.9936235240001, 24.955486922000034 ], [ 120.998426803000029, 24.958573241000067 ], [ 121.003499203000047, 24.967609697000057 ], [ 121.009899282000106, 24.975046721000069 ], [ 121.011006849000069, 24.978353636000065 ], [ 121.011119816000019, 24.980211090000068 ], [ 121.011208904000114, 24.984104826000078 ], [ 121.010442975000046, 24.987291632000051 ], [ 121.012251148000018, 24.988758902000029 ], [ 121.010448137000026, 24.988828812000065 ], [ 121.009371790000046, 24.990273299000023 ], [ 121.010458061, 24.990812246000075 ], [ 121.011908752000068, 24.990811438000037 ], [ 121.014341491000096, 24.992604981000056 ], [ 121.016218803000015, 24.995356427000047 ], [ 121.017154397000013, 24.998346154000046 ], [ 121.017964697000025, 25.003673367000033 ], [ 121.019612685000084, 25.007449289000078 ], [ 121.025152418000062, 25.007524278000062 ], [ 121.026660155000059, 25.007953039000029 ], [ 121.034248534000085, 25.016700248000063 ], [ 121.036377607000077, 25.017587909000042 ], [ 121.039438967000024, 25.017410342000062 ], [ 121.042058414000053, 25.015614453000069 ], [ 121.043839305, 25.017249086000049 ], [ 121.04477784300002, 25.017486417000043 ], [ 121.047079638000014, 25.01630601100004 ], [ 121.047770839, 25.014593867000031 ], [ 121.050355735000039, 25.014686583000071 ], [ 121.051155025000071, 25.015779157000054 ], [ 121.053765526, 25.014576628000043 ], [ 121.055436497000073, 25.013177302000031 ], [ 121.061296816000095, 25.011307207000073 ], [ 121.061382919000039, 25.009192452000036 ], [ 121.063305143000093, 25.009169437000025 ], [ 121.064330709000046, 25.008571876000076 ], [ 121.065449390000026, 25.00575582700003 ], [ 121.068475500000091, 25.00157491300007 ], [ 121.072268780000059, 25.003455596000038 ], [ 121.073433508000107, 25.003440330000046 ], [ 121.07229368000003, 25.005890832000034 ], [ 121.078695225000047, 25.007107147000056 ], [ 121.08122233600011, 25.004448284000034 ], [ 121.084588654000072, 25.003378977000068 ], [ 121.087091604000079, 25.000927360000048 ], [ 121.08925689900002, 25.002061774000026 ], [ 121.090436494000073, 25.003358797000033 ], [ 121.09163305200002, 25.002183985000045 ], [ 121.093096797000044, 25.002439910000078 ], [ 121.094615335000071, 25.000294019000023 ], [ 121.095585875000097, 25.000991095000074 ], [ 121.097635299000103, 24.998463342000036 ], [ 121.098636316000011, 24.998104324000053 ], [ 121.09962624800005, 24.996297638000044 ], [ 121.101805016000071, 24.996159515000045 ], [ 121.104822436000063, 24.996710907000079 ], [ 121.105723452, 24.994704536000029 ], [ 121.105932849000055, 24.99277679100004 ], [ 121.107261604000087, 24.990720414000066 ], [ 121.107099628000014, 24.989917305000063 ], [ 121.110269688000017, 24.986964568000076 ], [ 121.111406653000017, 24.986669955000025 ], [ 121.112819179000098, 24.988787501000047 ], [ 121.11566937900011, 24.991383193000047 ], [ 121.116820841000049, 24.993482306000033 ], [ 121.119542046000106, 24.994579761000068 ], [ 121.120420033000073, 24.993984320000038 ], [ 121.123372051000047, 24.994639799000026 ], [ 121.127886713000066, 24.998199027000055 ], [ 121.128634078000118, 24.99799519100003 ], [ 121.130233302000079, 24.996406117000049 ], [ 121.131056956000066, 24.993767816000059 ], [ 121.130337540000028, 24.992468661000032 ], [ 121.128918924000118, 24.99276444700007 ], [ 121.128340777000062, 24.992053676000069 ], [ 121.128342232000023, 24.990393873000073 ], [ 121.1291675760001, 24.989601193000055 ], [ 121.128560402000062, 24.988474059000055 ], [ 121.128605398000104, 24.985983069000042 ], [ 121.129636966000021, 24.984662011000069 ], [ 121.129928736000011, 24.983277746000056 ], [ 121.130659802000082, 24.982853304000059 ], [ 121.130214360000082, 24.981319823000035 ], [ 121.131593487000032, 24.979118210000024 ], [ 121.132723381000119, 24.978498304000027 ], [ 121.136514160000047, 24.972013963000052 ], [ 121.141423705000079, 24.969322369000054 ], [ 121.145279423000034, 24.968927247000067 ], [ 121.14581500700001, 24.967331037000065 ], [ 121.147814488000108, 24.964663518000066 ], [ 121.14966740300008, 24.96409574300003 ], [ 121.151708290000101, 24.96498875900005 ], [ 121.154991151000104, 24.963142260000041 ], [ 121.160958640000104, 24.962007261000053 ], [ 121.162638598000058, 24.960955984000066 ], [ 121.165795762000016, 24.957828186000029 ], [ 121.158323536000012, 24.956488863000061 ], [ 121.155722014000048, 24.955150734000028 ], [ 121.151603417000047, 24.95183436800005 ], [ 121.147685638000098, 24.946553964000032 ], [ 121.144545427000025, 24.947122089000061 ], [ 121.139549444000068, 24.950332943000035 ], [ 121.132770487000016, 24.951446533000023 ], [ 121.127492431000064, 24.953436307000061 ], [ 121.125280689000078, 24.952129394000053 ], [ 121.125281870000094, 24.951078123000059 ], [ 121.126201138000056, 24.950448300000062 ], [ 121.126585309, 24.949378225000032 ], [ 121.126309934, 24.948966966000057 ], [ 121.12507985000002, 24.949512644000038 ], [ 121.12285255200004, 24.949280187000056 ], [ 121.121676683000032, 24.950500972000043 ], [ 121.118789876000051, 24.948948316000042 ], [ 121.118354980000049, 24.949908949000076 ], [ 121.117077987000016, 24.950315656000043 ], [ 121.115418492000117, 24.948638552000034 ], [ 121.114518666000095, 24.948857686000053 ], [ 121.113942859000076, 24.946563985000068 ], [ 121.112366677000068, 24.945109483000067 ], [ 121.111225635000096, 24.946508560000041 ], [ 121.108138939000014, 24.945557445000077 ], [ 121.106935160000035, 24.945884066000076 ], [ 121.104013873000099, 24.949031550000029 ], [ 121.101791994000109, 24.952471132000028 ], [ 121.099515653000026, 24.954287330000056 ], [ 121.096193506000077, 24.954864326000063 ], [ 121.095478811000021, 24.953916699000047 ], [ 121.091038126000058, 24.955615782000052 ], [ 121.090577995000103, 24.955310440000062 ], [ 121.089675535000083, 24.956359135000071 ], [ 121.089246050000042, 24.955738849000056 ], [ 121.088618305000068, 24.956110408000029 ], [ 121.087317941000038, 24.955671167000048 ], [ 121.08557239400011, 24.953445587000033 ], [ 121.08566114700011, 24.95051077100004 ], [ 121.086771495000107, 24.94823804400005 ], [ 121.084759999000084, 24.949733134000041 ], [ 121.083547917000033, 24.949790561000043 ], [ 121.081955847000017, 24.948487115000034 ], [ 121.080407874000116, 24.948358653000071 ], [ 121.076834577000113, 24.949768370000072 ], [ 121.075605477000067, 24.948740866000037 ], [ 121.075749552000048, 24.947990144000073 ], [ 121.073825003000024, 24.946586780000075 ], [ 121.071044179000069, 24.945844494000028 ], [ 121.071803648000014, 24.94386159000004 ], [ 121.071279184000105, 24.943393093000054 ], [ 121.070696000000112, 24.939128391000054 ], [ 121.067243935000079, 24.938824346000047 ], [ 121.062206674000095, 24.939129725000043 ], [ 121.059277556000097, 24.937792827000067 ], [ 121.058236755000053, 24.93675406400007 ], [ 121.056986853000012, 24.936845279000067 ], [ 121.055448102000014, 24.936240214000065 ], [ 121.051632273000109, 24.938696634000053 ], [ 121.050251633000016, 24.938649418000068 ], [ 121.048382945000071, 24.939591163000046 ], [ 121.0480041940001, 24.941194503000077 ], [ 121.046110665000015, 24.942649135000067 ], [ 121.046292122000068, 24.943547672000022 ], [ 121.044419106000078, 24.943526872000064 ], [ 121.042394892000061, 24.944161847000032 ], [ 121.040552207000019, 24.943271264000032 ], [ 121.038998472000117, 24.944698953000056 ], [ 121.038140139, 24.94637913400004 ], [ 121.030764730000101, 24.943898349000051 ], [ 121.029754515000036, 24.945060179000052 ], [ 121.028846342000065, 24.945150744000046 ], [ 121.026395497000067, 24.942176353000036 ], [ 121.025618101000077, 24.940463733000058 ], [ 121.021539179000115, 24.941403584000057 ], [ 121.018977938000035, 24.940508888000068 ], [ 121.017882891000113, 24.94173571500005 ], [ 121.015785666000056, 24.941628777000062 ], [ 121.012683480000078, 24.943142496000064 ], [ 121.0119380430001, 24.944795209000063 ], [ 121.009747326000024, 24.944195573000059 ], [ 121.006912581000051, 24.946126314000026 ] ] ] } },
{ "type": "Feature", "properties": { "county": "桃園市", "town": "桃園區", "lab_lon": 121.30204, "lab_lat": 24.99718 }, "geometry": { "type": "Polygon", "coordinates": [ [ [ 121.295597029000078, 24.975152360000038 ], [ 121.294915932000094, 24.970924288000049 ], [ 121.293728522000038, 24.968701315000033 ], [ 121.293681501000037, 24.967690167000057 ], [ 121.294828075000055, 24.966265742000076 ], [ 121.295367922000082, 24.963934335000033 ], [ 121.296056739000051, 24.963586633000034 ], [ 121.295301247000111, 24.963191516000052 ], [ 121.295125295000048, 24.96116997200005 ], [ 121.291277513000068, 24.96198299100007 ], [ 121.291040649000024, 24.962892855000064 ], [ 121.288462071000026, 24.965114632000052 ], [ 121.287293826000109, 24.970604215000037 ], [ 121.284168221000073, 24.970118893000063 ], [ 121.281259237000086, 24.974563510000053 ], [ 121.281087641000113, 24.97553742100007 ], [ 121.282328686000028, 24.978294340000048 ], [ 121.281453220000117, 24.979727627000045 ], [ 121.282519860000093, 24.981337861000043 ], [ 121.282501138000043, 24.982903253000075 ], [ 121.281970939000075, 24.983800220000035 ], [ 121.283309225000039, 24.985449539000058 ], [ 121.282657986000117, 24.987081241000055 ], [ 121.278124575000106, 24.984710539000048 ], [ 121.27582707800002, 24.98274854400006 ], [ 121.274717832000078, 24.980822946000046 ], [ 121.269804286000067, 24.977852889000076 ], [ 121.265233668000064, 24.974446834000048 ], [ 121.2650678440001, 24.973653722000051 ], [ 121.263608936000082, 24.973255416000029 ], [ 121.264063167000018, 24.973846420000029 ], [ 121.263689376000116, 24.975481728000034 ], [ 121.262427630000047, 24.977312957000038 ], [ 121.261681510000017, 24.982057919000056 ], [ 121.259774308000033, 24.985782122000046 ], [ 121.259812600000032, 24.987061898000036 ], [ 121.264509777000058, 24.989729836000038 ], [ 121.267979443000058, 24.989957126000036 ], [ 121.268347817000063, 24.989037106000069 ], [ 121.271464316000106, 24.990437772000064 ], [ 121.271238509000113, 24.99071170600007 ], [ 121.273085675000061, 24.990395811000042 ], [ 121.272956201000056, 24.989810832000046 ], [ 121.274041595000085, 24.988218548000077 ], [ 121.274879660000011, 24.990191121000066 ], [ 121.274201128000072, 24.993033921000062 ], [ 121.275249853000105, 24.993945030000077 ], [ 121.275505659000032, 24.995943436000061 ], [ 121.279155190000097, 25.000341044000038 ], [ 121.280332520000115, 25.000815963000036 ], [ 121.277684966000038, 25.007208385000069 ], [ 121.274093095000012, 25.012476356000036 ], [ 121.273206983000023, 25.016856120000057 ], [ 121.271949955000082, 25.018212634000065 ], [ 121.271505982, 25.022167887000023 ], [ 121.275017187000117, 25.023856676000037 ], [ 121.274841059000096, 25.026334087000066 ], [ 121.276640314000019, 25.025762722000024 ], [ 121.278412047000074, 25.027010548000078 ], [ 121.278559263000034, 25.028215168000031 ], [ 121.277544984000087, 25.030491425000037 ], [ 121.283544355000117, 25.03161867700004 ], [ 121.283526351000091, 25.031983222000065 ], [ 121.284209650000093, 25.032123436000063 ], [ 121.285037237000097, 25.028975960000025 ], [ 121.285662758000058, 25.028388650000068 ], [ 121.286911691000114, 25.02872504100003 ], [ 121.28752246900001, 25.028072024000039 ], [ 121.287314355000035, 25.026929839000047 ], [ 121.287892606000014, 25.026469870000028 ], [ 121.288864585000056, 25.026415597000039 ], [ 121.290636833, 25.02826759800007 ], [ 121.292446761000065, 25.028808674000061 ], [ 121.293551854000043, 25.030633002000059 ], [ 121.295790771000043, 25.031301821000056 ], [ 121.296294669000076, 25.032353353000076 ], [ 121.301633089, 25.03317700100007 ], [ 121.302518531000032, 25.033149464000076 ], [ 121.303977408000037, 25.030468236000047 ], [ 121.305662486000074, 25.03089251800003 ], [ 121.306940123000118, 25.030589553000027 ], [ 121.309694307000086, 25.031627841000045 ], [ 121.31226760200002, 25.030859617000033 ], [ 121.313245971000015, 25.029857513000024 ], [ 121.315548632000059, 25.029040751000025 ], [ 121.317126561, 25.026574776000075 ], [ 121.318995210000026, 25.026803096000037 ], [ 121.320251139000106, 25.026222106000034 ], [ 121.323706994000077, 25.025880388000076 ], [ 121.324741134000078, 25.026330228000063 ], [ 121.326315709000028, 25.024454700000035 ], [ 121.326264152000022, 25.023286377000034 ], [ 121.325520456000049, 25.022397635000061 ], [ 121.326939582000023, 25.021892807000029 ], [ 121.325037805000079, 25.020535529000028 ], [ 121.32483081700002, 25.018477142000052 ], [ 121.325850388000049, 25.016776378000031 ], [ 121.330033068000034, 25.016590552000025 ], [ 121.329614794, 25.013269022000031 ], [ 121.332391113000085, 25.010619248000069 ], [ 121.331537483000034, 25.009594794000066 ], [ 121.331241031000104, 25.007731125000078 ], [ 121.331426653000108, 25.005717376000064 ], [ 121.332230606000053, 25.004879622000033 ], [ 121.330316296000092, 25.00178353900003 ], [ 121.328924802000074, 24.99800984500007 ], [ 121.327995613000098, 24.997681227000044 ], [ 121.326853890000052, 24.996136970000066 ], [ 121.323527013000103, 24.995270191000031 ], [ 121.322801431000016, 24.993617847000053 ], [ 121.323299373000054, 24.992250628000079 ], [ 121.321441684000092, 24.990953770000033 ], [ 121.322179807000111, 24.989295197000047 ], [ 121.321562755000059, 24.988498673000038 ], [ 121.321953096000016, 24.988105397000027 ], [ 121.321108867000021, 24.987622285000043 ], [ 121.325556513000038, 24.981299109000076 ], [ 121.327277635000087, 24.982347508000032 ], [ 121.329801172000089, 24.979051329000072 ], [ 121.327121209000097, 24.978093256000022 ], [ 121.32860895500005, 24.976265333000072 ], [ 121.327463334000072, 24.975475020000033 ], [ 121.327438509000103, 24.974746517000028 ], [ 121.323678788000052, 24.972819351000055 ], [ 121.324029705000044, 24.97130121500004 ], [ 121.323292126000069, 24.97034198700004 ], [ 121.32184880300008, 24.970982979000041 ], [ 121.32060858300008, 24.970595178000053 ], [ 121.320461402000092, 24.970061457000043 ], [ 121.320378025000082, 24.971317945000067 ], [ 121.31882479300009, 24.97256494100003 ], [ 121.318338569000048, 24.970641334000049 ], [ 121.317212159000064, 24.970827459000077 ], [ 121.317209275000096, 24.971688788000051 ], [ 121.315147095000043, 24.972020878000023 ], [ 121.314390397000011, 24.970964940000044 ], [ 121.314351292000083, 24.971649322000076 ], [ 121.312658444000022, 24.972730667000064 ], [ 121.311814529000117, 24.971941402000027 ], [ 121.310356254000112, 24.972934252000073 ], [ 121.310700308000037, 24.974980733000052 ], [ 121.309331380000117, 24.975495951000028 ], [ 121.307720454000105, 24.972797525000033 ], [ 121.30690479000009, 24.973625311000035 ], [ 121.306025138000109, 24.973654286000055 ], [ 121.305091298000093, 24.973025379000035 ], [ 121.302304210000102, 24.974646426000049 ], [ 121.302472628000032, 24.97609681800003 ], [ 121.303604015000019, 24.978210792000027 ], [ 121.300901815000088, 24.978974792000031 ], [ 121.299564666000038, 24.976185251000061 ], [ 121.296526223000114, 24.976619803000062 ], [ 121.295597029000078, 24.975152360000038 ] ] ] } },
{ "type": "Feature", "properties": { "county": "桃園市", "town": "楊梅區", "lab_lon": 121.12402, "lab_lat": 24.91561 }, "geometry": { "type": "Polygon", "coordinates": [ [ [ 121.144743651000113, 24.880197070000065 ], [ 121.142468961000077, 24.881740687000047 ], [ 121.141143865000117, 24.881432723000046 ], [ 121.138853512000082, 24.882362685000032 ], [ 121.136761304000061, 24.880926387000045 ], [ 121.136462186000017, 24.879746294000029 ], [ 121.135645043000068, 24.878974710000023 ], [ 121.135588914000095, 24.877988353000035 ], [ 121.134092136000049, 24.878506185000049 ], [ 121.133305388000053, 24.879606393000074 ], [ 121.131233009000084, 24.880071760000078 ], [ 121.129639580000116, 24.879685395000024 ], [ 121.128149920000055, 24.880952444000059 ], [ 121.123841206000066, 24.879939163000074 ], [ 121.116333835000091, 24.88167837900005 ], [ 121.115013075000093, 24.882546415000036 ], [ 121.113495876000115, 24.882557778000034 ], [ 121.110569227000042, 24.884856533000061 ], [ 121.107774137000092, 24.886067231000027 ], [ 121.10928385200009, 24.887466199000073 ], [ 121.109078133000025, 24.887964802000056 ], [ 121.109977868000101, 24.888776205000056 ], [ 121.111023961000114, 24.891220456000042 ], [ 121.110682138000016, 24.893837821000034 ], [ 121.109854756000118, 24.89539992300007 ], [ 121.110114322000072, 24.896074331000023 ], [ 121.109079185000041, 24.897736002000045 ], [ 121.101313213000026, 24.895152258000053 ], [ 121.091279531000055, 24.893360268000038 ], [ 121.089429061000033, 24.895382034000079 ], [ 121.086551833000044, 24.896517431000063 ], [ 121.085771090000094, 24.897635392000041 ], [ 121.082906035000065, 24.899041349000072 ], [ 121.080644306000067, 24.898352328000044 ], [ 121.076959250000073, 24.898709393000047 ], [ 121.076181411000107, 24.899396787000057 ], [ 121.073838691000105, 24.899904764000041 ], [ 121.071106679000081, 24.899477541000067 ], [ 121.070546033000028, 24.901854042000025 ], [ 121.068486864000079, 24.903025984000067 ], [ 121.064399948000073, 24.903742432000058 ], [ 121.062452841000095, 24.90459704500006 ], [ 121.061420284000064, 24.903807220000033 ], [ 121.060426962000065, 24.903760759000079 ], [ 121.057581830000117, 24.905931363000036 ], [ 121.05912033900006, 24.907178986000076 ], [ 121.059132868, 24.908245677000025 ], [ 121.058102661000021, 24.910612713000035 ], [ 121.058238722000056, 24.913902036000025 ], [ 121.060386282000081, 24.918394130000024 ], [ 121.060870284000089, 24.920294261000038 ], [ 121.060096157000089, 24.920676469000057 ], [ 121.0609607130001, 24.923557194000068 ], [ 121.060752749000017, 24.92451925000006 ], [ 121.059662802000048, 24.925760983000032 ], [ 121.058365166000044, 24.930075855000041 ], [ 121.057570726000108, 24.930451401000028 ], [ 121.058315211000036, 24.932210370000064 ], [ 121.057657463000055, 24.933032167000079 ], [ 121.058555333000072, 24.935158063000074 ], [ 121.058391198000095, 24.93696933700005 ], [ 121.062206674000095, 24.939129725000043 ], [ 121.067243935000079, 24.938824346000047 ], [ 121.070696000000112, 24.939128391000054 ], [ 121.071279184000105, 24.943393093000054 ], [ 121.071803648000014, 24.94386159000004 ], [ 121.071044179000069, 24.945844494000028 ], [ 121.073825003000024, 24.946586780000075 ], [ 121.075749552000048, 24.947990144000073 ], [ 121.075605477000067, 24.948740866000037 ], [ 121.076834577000113, 24.949768370000072 ], [ 121.080407874000116, 24.948358653000071 ], [ 121.081955847000017, 24.948487115000034 ], [ 121.083547917000033, 24.949790561000043 ], [ 121.084759999000084, 24.949733134000041 ], [ 121.086771495000107, 24.94823804400005 ], [ 121.08566114700011, 24.95051077100004 ], [ 121.08557239400011, 24.953445587000033 ], [ 121.087317941000038, 24.955671167000048 ], [ 121.088618305000068, 24.956110408000029 ], [ 121.089246050000042, 24.955738849000056 ], [ 121.089675535000083, 24.956359135000071 ], [ 121.090577995000103, 24.955310440000062 ], [ 121.091038126000058, 24.955615782000052 ], [ 121.095478811000021, 24.953916699000047 ], [ 121.096193506000077, 24.954864326000063 ], [ 121.099515653000026, 24.954287330000056 ], [ 121.101791994000109, 24.952471132000028 ], [ 121.104013873000099, 24.949031550000029 ], [ 121.106935160000035, 24.945884066000076 ], [ 121.108138939000014, 24.945557445000077 ], [ 121.111225635000096, 24.946508560000041 ], [ 121.112366677000068, 24.945109483000067 ], [ 121.113942859000076, 24.946563985000068 ], [ 121.114518666000095, 24.948857686000053 ], [ 121.115418492000117, 24.948638552000034 ], [ 121.117077987000016, 24.950315656000043 ], [ 121.118354980000049, 24.949908949000076 ], [ 121.118789876000051, 24.948948316000042 ], [ 121.121676683000032, 24.950500972000043 ], [ 121.12285255200004, 24.949280187000056 ], [ 121.12507985000002, 24.949512644000038 ], [ 121.126309934, 24.948966966000057 ], [ 121.126585309, 24.949378225000032 ], [ 121.126201138000056, 24.950448300000062 ], [ 121.125281870000094, 24.951078123000059 ], [ 121.125280689000078, 24.952129394000053 ], [ 121.127492431000064, 24.953436307000061 ], [ 121.132770487000016, 24.951446533000023 ], [ 121.139549444000068, 24.950332943000035 ], [ 121.144545427000025, 24.947122089000061 ], [ 121.147685638000098, 24.946553964000032 ], [ 121.151603417000047, 24.95183436800005 ], [ 121.155722014000048, 24.955150734000028 ], [ 121.158228689000111, 24.956449626000051 ], [ 121.176974739000116, 24.959151323000071 ], [ 121.177331277, 24.954302111000061 ], [ 121.178245330000095, 24.950093693000042 ], [ 121.178992398000105, 24.948360322000042 ], [ 121.181650578000017, 24.946598720000054 ], [ 121.181925073000116, 24.944061731000033 ], [ 121.184706656000117, 24.941295852000053 ], [ 121.18464231400003, 24.939033830000028 ], [ 121.188772534, 24.928626573000031 ], [ 121.188327861000062, 24.925581034000061 ], [ 121.187306952000085, 24.924032175000036 ], [ 121.187249844, 24.922838004000027 ], [ 121.188614801000085, 24.920545446000062 ], [ 121.188348035000104, 24.918935978000036 ], [ 121.189079272000072, 24.915747840000051 ], [ 121.188846984000065, 24.909862419000035 ], [ 121.188299032000032, 24.907371383000054 ], [ 121.186929744000054, 24.904945127000076 ], [ 121.187056703000053, 24.902624009000078 ], [ 121.186069529000065, 24.900677420000022 ], [ 121.18619319000004, 24.899199655000075 ], [ 121.185523494000108, 24.897813935000045 ], [ 121.185300718, 24.89565662800004 ], [ 121.184359553000036, 24.895115948000068 ], [ 121.183699521000108, 24.893570339000064 ], [ 121.184676791000015, 24.889937650000036 ], [ 121.182474693000017, 24.890224949000071 ], [ 121.181669472000067, 24.889465650000034 ], [ 121.179537889000017, 24.889523009000072 ], [ 121.178389049000089, 24.88857753700006 ], [ 121.177372090000063, 24.886699844000077 ], [ 121.177838945000076, 24.885748874000058 ], [ 121.176875931000041, 24.884034763000045 ], [ 121.177000557000042, 24.882624125000063 ], [ 121.174723285000027, 24.881385356000067 ], [ 121.17517444900011, 24.878625637000027 ], [ 121.174747423000099, 24.876166775000058 ], [ 121.176089621000074, 24.873868255000048 ], [ 121.17543554000008, 24.872049219000075 ], [ 121.17213572300011, 24.872529419000045 ], [ 121.170141624000053, 24.872246477000033 ], [ 121.167794063000088, 24.873568987000056 ], [ 121.165391626000087, 24.873976346000063 ], [ 121.160205636000114, 24.873354281000047 ], [ 121.15817142700007, 24.875319200000035 ], [ 121.157884642000113, 24.87727060800006 ], [ 121.155669838000108, 24.880709165000042 ], [ 121.1545143620001, 24.880177565000054 ], [ 121.152203200000031, 24.880222296000056 ], [ 121.151115569000012, 24.880955716000074 ], [ 121.149684761000117, 24.880628366000053 ], [ 121.149280169, 24.881221527000037 ], [ 121.148546689000113, 24.881248262000042 ], [ 121.145572044000119, 24.880818354000041 ], [ 121.144743651000113, 24.880197070000065 ] ] ] } },
{ "type": "Feature", "properties": { "county": "桃園市", "town": "蘆竹區", "lab_lon": 121.28413, "lab_lat": 25.05533 }, "geometry": { "type": "Polygon", "coordinates": [ [ [ 121.274152385000093, 25.01261843900005 ], [ 121.277684966000038, 25.007208385000069 ], [ 121.280332520000115, 25.000815963000036 ], [ 121.279155190000097, 25.000341044000038 ], [ 121.275505659000032, 24.995943436000061 ], [ 121.275249853000105, 24.993945030000077 ], [ 121.274201128000072, 24.993033921000062 ], [ 121.274879660000011, 24.990191121000066 ], [ 121.274060914000074, 24.988236076000078 ], [ 121.272956201000056, 24.989810832000046 ], [ 121.273085675000061, 24.990395811000042 ], [ 121.271238509000113, 24.99071170600007 ], [ 121.271464316000106, 24.990437772000064 ], [ 121.268347817000063, 24.989037106000069 ], [ 121.267979443000058, 24.989957126000036 ], [ 121.264509777000058, 24.989729836000038 ], [ 121.259812600000032, 24.987061898000036 ], [ 121.257988884000042, 24.991298782000058 ], [ 121.257208380000066, 24.991276820000053 ], [ 121.257563352000034, 24.992240385000059 ], [ 121.256397796000101, 24.993760534000046 ], [ 121.256755263000059, 24.995982411000057 ], [ 121.255411515000105, 24.998352754000052 ], [ 121.254212951000113, 25.002749767000068 ], [ 121.253164102000028, 25.003627107000057 ], [ 121.253171206000047, 25.004228 ], [ 121.250252751000062, 25.006673396000053 ], [ 121.249465385, 25.009017367000069 ], [ 121.248866953000061, 25.008735890000025 ], [ 121.248165328000027, 25.009695989000079 ], [ 121.246185662000016, 25.014037268000038 ], [ 121.244212455000024, 25.015821172000074 ], [ 121.243383948000087, 25.017684637000059 ], [ 121.240200854000022, 25.021771183000055 ], [ 121.238609255000028, 25.022787509000068 ], [ 121.237444815000117, 25.025925567000058 ], [ 121.236056856000118, 25.027998160000038 ], [ 121.23426556000004, 25.029471199000056 ], [ 121.233093072000088, 25.029667146000065 ], [ 121.232168908000062, 25.031156392000071 ], [ 121.23476615200002, 25.032309659000077 ], [ 121.234330826000019, 25.036230286000034 ], [ 121.236776890000101, 25.037876802000028 ], [ 121.23653713200008, 25.038480821000064 ], [ 121.237622053000109, 25.039205178000032 ], [ 121.236765571000092, 25.042598807000047 ], [ 121.243150485000115, 25.046503553000036 ], [ 121.24481516000003, 25.04592610800006 ], [ 121.247665924000103, 25.047239432000026 ], [ 121.246354580000116, 25.048294467000062 ], [ 121.24833095200006, 25.050009251000063 ], [ 121.245793350000099, 25.053816612000048 ], [ 121.246131091000052, 25.054276035000044 ], [ 121.245451822000064, 25.055312885000035 ], [ 121.248244317000058, 25.056767631000071 ], [ 121.251071463000017, 25.05728565000004 ], [ 121.249042659000111, 25.059910984000055 ], [ 121.24974148900003, 25.061250708000046 ], [ 121.252042989000074, 25.062082417000056 ], [ 121.254518828000073, 25.060803303000057 ], [ 121.2582320570001, 25.063416085000028 ], [ 121.259379493000097, 25.063760844000058 ], [ 121.259479594000027, 25.06427446400005 ], [ 121.262265384000102, 25.066243806000045 ], [ 121.262016438000046, 25.067820592000032 ], [ 121.262415095000051, 25.069005238000045 ], [ 121.26404686, 25.069523837000077 ], [ 121.264811658000099, 25.070536553000068 ], [ 121.265526010000031, 25.073263335000036 ], [ 121.267221151000058, 25.073453684000071 ], [ 121.267806883000048, 25.072708402000046 ], [ 121.270313434000059, 25.07349447100006 ], [ 121.273164300000076, 25.077612093000027 ], [ 121.273060961000056, 25.079229248000047 ], [ 121.272087771000088, 25.080627140000047 ], [ 121.266133807000074, 25.082929011000033 ], [ 121.26536141400004, 25.084097550000024 ], [ 121.264431822, 25.087381576000041 ], [ 121.262237981000112, 25.09063253100004 ], [ 121.258090080000102, 25.09351579500003 ], [ 121.256540309000115, 25.098233905000029 ], [ 121.254167856000095, 25.101911899000072 ], [ 121.252565921000041, 25.113132320000034 ], [ 121.248507607000079, 25.117774244000032 ], [ 121.248402650000116, 25.119533088000026 ], [ 121.24959663900006, 25.120224115000042 ], [ 121.249816281000108, 25.121421187000067 ], [ 121.253091622000056, 25.120784517000061 ], [ 121.257621205000078, 25.122081575000038 ], [ 121.259779740000113, 25.123613061000071 ], [ 121.261629738000011, 25.122398478000036 ], [ 121.269017707000103, 25.119916680000074 ], [ 121.27977764000002, 25.117808303000061 ], [ 121.28338726100003, 25.11780901000003 ], [ 121.283919873000059, 25.112656973000071 ], [ 121.282688085000018, 25.11006304700004 ], [ 121.282947702000115, 25.10936262000007 ], [ 121.285203556000056, 25.108595978000039 ], [ 121.287145426000052, 25.106816461000051 ], [ 121.29024640800003, 25.106859427000074 ], [ 121.291620303000059, 25.102638550000052 ], [ 121.295501996000098, 25.103017284000032 ], [ 121.297966525000106, 25.104507505000072 ], [ 121.299159328000087, 25.104027123000037 ], [ 121.299844058000076, 25.10350242800007 ], [ 121.300105035000115, 25.102194477000069 ], [ 121.301293713000064, 25.10154859000005 ], [ 121.301392521000025, 25.098478087000046 ], [ 121.302785586000027, 25.096790455000075 ], [ 121.304473370000096, 25.096363203000067 ], [ 121.305493120000051, 25.096764971000027 ], [ 121.309361648000049, 25.096216518000062 ], [ 121.310516721000113, 25.096545270000036 ], [ 121.317113711000047, 25.093964229000051 ], [ 121.318239363000089, 25.09300825300005 ], [ 121.325022532000048, 25.092548941000075 ], [ 121.32805294800005, 25.090984 ], [ 121.330126347000032, 25.088254845000051 ], [ 121.336378446000026, 25.085201191000067 ], [ 121.338297501000056, 25.083742380000047 ], [ 121.34316311300006, 25.083868836000079 ], [ 121.343597815000066, 25.084215622000045 ], [ 121.344184898000094, 25.083636220000074 ], [ 121.346401871000012, 25.083622313000035 ], [ 121.348152356000014, 25.08235998400005 ], [ 121.349382542000058, 25.082328763000078 ], [ 121.350261432000025, 25.081237668000028 ], [ 121.349427773000116, 25.080748429000039 ], [ 121.348940726000023, 25.081214666000051 ], [ 121.342471074000059, 25.080092950000051 ], [ 121.346052685000018, 25.079168648000064 ], [ 121.346501152000087, 25.079533811000033 ], [ 121.347671747000049, 25.079268409000065 ], [ 121.347982377000108, 25.078798104000043 ], [ 121.346676025000079, 25.078341603000069 ], [ 121.345246073000112, 25.078544141000066 ], [ 121.34546212500004, 25.077457587000026 ], [ 121.346528254000077, 25.077152840000053 ], [ 121.346354543000075, 25.076784055000076 ], [ 121.344220502000098, 25.077843159000054 ], [ 121.343966446000081, 25.077398386000027 ], [ 121.34447462300011, 25.076059419000046 ], [ 121.346231801000044, 25.075641258000076 ], [ 121.344606015000068, 25.075029932000064 ], [ 121.342809102000047, 25.075303406000046 ], [ 121.341572570000039, 25.076622562000068 ], [ 121.341171718000055, 25.075705873000061 ], [ 121.340459589000034, 25.076357061000067 ], [ 121.340570041000092, 25.073963810000066 ], [ 121.341013019000115, 25.073489420000044 ], [ 121.342603360000112, 25.073497379000059 ], [ 121.341853919000073, 25.072670854000023 ], [ 121.348034854000048, 25.073819357000048 ], [ 121.348948371, 25.074493526000026 ], [ 121.349869879000039, 25.076658775000055 ], [ 121.350423171000102, 25.07536807300005 ], [ 121.349897305000013, 25.073537979000037 ], [ 121.351761338000074, 25.074458640000046 ], [ 121.353460907000112, 25.073292347000063 ], [ 121.351721995000048, 25.073565013000064 ], [ 121.350521993000029, 25.072818286000029 ], [ 121.350512572000071, 25.07199416900005 ], [ 121.349852632000079, 25.071301709000068 ], [ 121.349085464000041, 25.071562290000031 ], [ 121.348940082000013, 25.072414426000023 ], [ 121.348244909000073, 25.071057482000072 ], [ 121.346450164000089, 25.070299566000074 ], [ 121.349695323000105, 25.069652747000077 ], [ 121.352136758000029, 25.067923603000054 ], [ 121.352298707000045, 25.068793180000057 ], [ 121.353773732000036, 25.068583236000052 ], [ 121.353823723000119, 25.067818628000055 ], [ 121.355092728000045, 25.067078968000033 ], [ 121.35490247000007, 25.065370710000025 ], [ 121.348168026000053, 25.06584418500006 ], [ 121.343551818000037, 25.065496025000073 ], [ 121.340017576000037, 25.063751100000047 ], [ 121.329486157000019, 25.060864908000042 ], [ 121.323876106000057, 25.057743334000065 ], [ 121.323483168000053, 25.056076240000039 ], [ 121.321943467000096, 25.05394943500005 ], [ 121.320633897000107, 25.053893097000071 ], [ 121.315878839000106, 25.051081758000066 ], [ 121.308289209, 25.051096950000044 ], [ 121.30758758200011, 25.049183083000059 ], [ 121.306243391000066, 25.049071058000038 ], [ 121.302919407000104, 25.047341153000048 ], [ 121.298707317000094, 25.048852473000068 ], [ 121.293621692000102, 25.04986741700003 ], [ 121.29460158400002, 25.048582300000078 ], [ 121.29556643300009, 25.04823136300007 ], [ 121.295708687000115, 25.047183511000071 ], [ 121.296583736000116, 25.046386650000045 ], [ 121.29783494600008, 25.042981117000068 ], [ 121.301440003000039, 25.036789528000043 ], [ 121.302518531000032, 25.033149464000076 ], [ 121.296294669000076, 25.032353353000076 ], [ 121.295790771000043, 25.031301821000056 ], [ 121.293551854000043, 25.030633002000059 ], [ 121.292446761000065, 25.028808674000061 ], [ 121.290636833, 25.02826759800007 ], [ 121.288709069000106, 25.026377311000033 ], [ 121.287488004000011, 25.026663636000023 ], [ 121.28752246900001, 25.028072024000039 ], [ 121.286911691000114, 25.02872504100003 ], [ 121.285662758000058, 25.028388650000068 ], [ 121.285267792000013, 25.028681013000039 ], [ 121.284596412000042, 25.02980874900004 ], [ 121.284209650000093, 25.032123436000063 ], [ 121.283526351000091, 25.031983222000065 ], [ 121.283544355000117, 25.03161867700004 ], [ 121.277544984000087, 25.030491425000037 ], [ 121.278559263000034, 25.028215168000031 ], [ 121.278412047000074, 25.027010548000078 ], [ 121.276640314000019, 25.025762722000024 ], [ 121.274841059000096, 25.026334087000066 ], [ 121.275017187000117, 25.023856676000037 ], [ 121.273484173000043, 25.023392135000051 ], [ 121.27138242500007, 25.021932525000068 ], [ 121.271949955000082, 25.018212634000065 ], [ 121.27302308700007, 25.017333605000033 ], [ 121.274152385000093, 25.01261843900005 ] ] ] } },
{ "type": "Feature", "properties": { "county": "桃園市", "town": "觀音區", "lab_lon": 121.09648, "lab_lat": 25.02388 }, "geometry": { "type": "Polygon", "coordinates": [ [ [ 121.127942514000097, 24.998209136000071 ], [ 121.123372051000047, 24.994639799000026 ], [ 121.120420033000073, 24.993984320000038 ], [ 121.119542046000106, 24.994579761000068 ], [ 121.116820841000049, 24.993482306000033 ], [ 121.11566937900011, 24.991383193000047 ], [ 121.112819179000098, 24.988787501000047 ], [ 121.111406653000017, 24.986669955000025 ], [ 121.110269688000017, 24.986964568000076 ], [ 121.107099628000014, 24.989917305000063 ], [ 121.107261604000087, 24.990720414000066 ], [ 121.105932849000055, 24.99277679100004 ], [ 121.105723452, 24.994704536000029 ], [ 121.104822436000063, 24.996710907000079 ], [ 121.101805016000071, 24.996159515000045 ], [ 121.09962624800005, 24.996297638000044 ], [ 121.098636316000011, 24.998104324000053 ], [ 121.097635299000103, 24.998463342000036 ], [ 121.095585875000097, 25.000991095000074 ], [ 121.094615335000071, 25.000294019000023 ], [ 121.093096797000044, 25.002439910000078 ], [ 121.09163305200002, 25.002183985000045 ], [ 121.090436494000073, 25.003358797000033 ], [ 121.08925689900002, 25.002061774000026 ], [ 121.087091604000079, 25.000927360000048 ], [ 121.084588654000072, 25.003378977000068 ], [ 121.08122233600011, 25.004448284000034 ], [ 121.078695225000047, 25.007107147000056 ], [ 121.07229368000003, 25.005890832000034 ], [ 121.073433508000107, 25.003440330000046 ], [ 121.072268780000059, 25.003455596000038 ], [ 121.068475500000091, 25.00157491300007 ], [ 121.065449390000026, 25.00575582700003 ], [ 121.064330709000046, 25.008571876000076 ], [ 121.063305143000093, 25.009169437000025 ], [ 121.061382919000039, 25.009192452000036 ], [ 121.0613638640001, 25.011268718000053 ], [ 121.055436497000073, 25.013177302000031 ], [ 121.053765526, 25.014576628000043 ], [ 121.051155025000071, 25.015779157000054 ], [ 121.050355735000039, 25.014686583000071 ], [ 121.047770839, 25.014593867000031 ], [ 121.047079638000014, 25.01630601100004 ], [ 121.04477784300002, 25.017486417000043 ], [ 121.043839305, 25.017249086000049 ], [ 121.042058414000053, 25.015614453000069 ], [ 121.039438967000024, 25.017410342000062 ], [ 121.035151140000039, 25.017367974000024 ], [ 121.033034841000017, 25.015474054000038 ], [ 121.026660155000059, 25.007953039000029 ], [ 121.025152418000062, 25.007524278000062 ], [ 121.019612685000084, 25.007449289000078 ], [ 121.024558452000065, 25.013374699000053 ], [ 121.02893164000011, 25.020942403000049 ], [ 121.038536476000104, 25.030884891000028 ], [ 121.043781041000102, 25.034650961000068 ], [ 121.048752392000097, 25.040763476000052 ], [ 121.051964353000017, 25.043522145000054 ], [ 121.05606195200005, 25.046168978000026 ], [ 121.059970862000114, 25.047803438000074 ], [ 121.064297216000114, 25.048897906000036 ], [ 121.072100195000075, 25.049871022000048 ], [ 121.08221474100003, 25.054881020000039 ], [ 121.086650094000106, 25.056441680000034 ], [ 121.08652345400003, 25.056928607000032 ], [ 121.087489719000018, 25.057701051000038 ], [ 121.087880870000049, 25.059627934000048 ], [ 121.090015903000108, 25.062991765000049 ], [ 121.093948270000055, 25.062844254000026 ], [ 121.093758404000027, 25.063395702000037 ], [ 121.094496479000099, 25.063095235000048 ], [ 121.094759831000033, 25.063711997000041 ], [ 121.095852146000084, 25.063970428000061 ], [ 121.100231941000061, 25.067624747000025 ], [ 121.105256330000088, 25.069243063000044 ], [ 121.109262588000092, 25.071209065000062 ], [ 121.12501352400011, 25.076803070000039 ], [ 121.144076759000086, 25.08062291400006 ], [ 121.14587476500003, 25.081092202000036 ], [ 121.147207154000057, 25.082013135000068 ], [ 121.151119868000023, 25.082559544000048 ], [ 121.155060570000046, 25.08372662000005 ], [ 121.155643699000052, 25.079637561000027 ], [ 121.155224196000063, 25.077220121000039 ], [ 121.153591375000019, 25.076916193000045 ], [ 121.152041719000067, 25.075346565000075 ], [ 121.153514180000116, 25.073234582000055 ], [ 121.1567528060001, 25.070430066000029 ], [ 121.156525098000088, 25.068957420000061 ], [ 121.157457516000022, 25.067969971000025 ], [ 121.155219810000062, 25.066080496000041 ], [ 121.155277168000111, 25.062403327000027 ], [ 121.156708516000094, 25.060056449000058 ], [ 121.155313664000118, 25.058449870000061 ], [ 121.159068475000026, 25.052918361000025 ], [ 121.161733422000111, 25.051642707000042 ], [ 121.160853596000038, 25.048457865000046 ], [ 121.161936307000019, 25.046443006000061 ], [ 121.16243375900001, 25.046586508000075 ], [ 121.167546559000016, 25.044038242000056 ], [ 121.165275417000089, 25.039472524000075 ], [ 121.158298141000046, 25.029949510000051 ], [ 121.162165042000083, 25.028205011000068 ], [ 121.162221069000111, 25.026488185000062 ], [ 121.16106022800011, 25.02588333500006 ], [ 121.160785478000093, 25.02486831300007 ], [ 121.162004343000035, 25.021050604000038 ], [ 121.161177038000119, 25.014217912000049 ], [ 121.162110961000053, 25.010380773000065 ], [ 121.164909099000056, 25.006032314000038 ], [ 121.165041734000056, 25.002204531000075 ], [ 121.166505221000079, 24.998699905000024 ], [ 121.16676932300004, 24.996246793000068 ], [ 121.168526790000101, 24.992331316000048 ], [ 121.168375774000083, 24.991187323000077 ], [ 121.167244526000104, 24.990405891000023 ], [ 121.168362125000044, 24.987969956000029 ], [ 121.163857541000084, 24.982269552000048 ], [ 121.162300662, 24.979074958000069 ], [ 121.161012630000073, 24.974128286000052 ], [ 121.158772875000068, 24.973299428000075 ], [ 121.154162171000053, 24.968683001000045 ], [ 121.151454968000053, 24.964999617000046 ], [ 121.149580056000104, 24.964103796000074 ], [ 121.147423746000072, 24.964930503000062 ], [ 121.145279423000034, 24.968927247000067 ], [ 121.141423705000079, 24.969322369000054 ], [ 121.136656705000064, 24.971883859000059 ], [ 121.132723381000119, 24.978498304000027 ], [ 121.131593487000032, 24.979118210000024 ], [ 121.130044607000059, 24.981670526000073 ], [ 121.130659802000082, 24.982853304000059 ], [ 121.129928736000011, 24.983277746000056 ], [ 121.129636966000021, 24.984662011000069 ], [ 121.128605398000104, 24.985983069000042 ], [ 121.128560402000062, 24.988474059000055 ], [ 121.1291675760001, 24.989601193000055 ], [ 121.128280917000097, 24.990868133000049 ], [ 121.128642595000088, 24.99259194800004 ], [ 121.130245441000056, 24.992420476000063 ], [ 121.131056956000066, 24.993767816000059 ], [ 121.129993844000069, 24.996810194000034 ], [ 121.127942514000097, 24.998209136000071 ] ] ] } },
{ "type": "Feature", "properties": { "county": "桃園市", "town": "龍潭區", "lab_lon": 121.20949, "lab_lat": 24.84675 }, "geometry": { "type": "Polygon", "coordinates": [ [ [ 121.22805474300003, 24.802753114000041 ], [ 121.221572225000045, 24.799414750000039 ], [ 121.220860442000117, 24.802994289000026 ], [ 121.21962696300011, 24.804078783000023 ], [ 121.219938665000086, 24.807438056000024 ], [ 121.218723935000071, 24.808646323000062 ], [ 121.218786453, 24.809538014000054 ], [ 121.219684012000016, 24.81073671300004 ], [ 121.219588261000013, 24.811788898000032 ], [ 121.2170399580001, 24.812415160000057 ], [ 121.214896371, 24.81197082400007 ], [ 121.212828500000114, 24.810493760000043 ], [ 121.209539855000116, 24.809482156000058 ], [ 121.208050951000018, 24.807155698000031 ], [ 121.204669203000094, 24.80724779600007 ], [ 121.204458945000056, 24.808400875000075 ], [ 121.202844828000025, 24.809880576000069 ], [ 121.202904999000111, 24.810306271000059 ], [ 121.203423684000086, 24.811269075000041 ], [ 121.205726948, 24.812172677000035 ], [ 121.205863771000054, 24.812650026000028 ], [ 121.203148574000011, 24.814570060000051 ], [ 121.202965798000037, 24.816143089000036 ], [ 121.202245570000059, 24.816429756000048 ], [ 121.203313514000115, 24.817313529000046 ], [ 121.200802299000088, 24.817814258000055 ], [ 121.199337532000072, 24.816129457000045 ], [ 121.199748842000076, 24.815196747000073 ], [ 121.198776207000037, 24.814960084000063 ], [ 121.196822494000116, 24.816788448000068 ], [ 121.196517948000064, 24.817811849000066 ], [ 121.192425054000068, 24.81974847500004 ], [ 121.185909670000115, 24.823821775000056 ], [ 121.176837852000062, 24.827288315000033 ], [ 121.173662955000054, 24.827708224000048 ], [ 121.176185711000016, 24.832132705000049 ], [ 121.174499790000027, 24.83231999000003 ], [ 121.173839696000073, 24.83344012200007 ], [ 121.169922068, 24.834806053000023 ], [ 121.168797073000064, 24.833983649000061 ], [ 121.166445104000104, 24.83620787600006 ], [ 121.165811229000042, 24.835892434000073 ], [ 121.161687545000063, 24.837477852000063 ], [ 121.160110258000032, 24.837362968000036 ], [ 121.159416565000015, 24.838674366000077 ], [ 121.156421953000063, 24.840683848000026 ], [ 121.155900534000011, 24.842118748000075 ], [ 121.154742621000082, 24.842299986000057 ], [ 121.154416159000107, 24.844059488000028 ], [ 121.151979650000044, 24.843812834000062 ], [ 121.149987176000081, 24.844335802000046 ], [ 121.152836034000075, 24.846164204000047 ], [ 121.153560623000089, 24.847398400000031 ], [ 121.153608806000079, 24.848722874000032 ], [ 121.155539611000108, 24.849914118000072 ], [ 121.155946199000027, 24.851942711000049 ], [ 121.157058556000038, 24.852433578000046 ], [ 121.156964969000114, 24.853279224000062 ], [ 121.156304374000115, 24.853616604000024 ], [ 121.156899619000114, 24.855146306000051 ], [ 121.156507708000049, 24.855907656000056 ], [ 121.158083371000089, 24.856506058000036 ], [ 121.157692073000021, 24.856954084000051 ], [ 121.159074317000091, 24.85792127600007 ], [ 121.160232180000094, 24.857797576000053 ], [ 121.159594539000068, 24.858079122000049 ], [ 121.159250244000077, 24.859022037000045 ], [ 121.160073017000059, 24.858456113000045 ], [ 121.161384167000051, 24.859468714000059 ], [ 121.160285118000047, 24.860860596000066 ], [ 121.160685073000082, 24.861747021000042 ], [ 121.159882239000012, 24.862441521000051 ], [ 121.160790283000097, 24.863139196000077 ], [ 121.15944735000005, 24.868731008000054 ], [ 121.158004281000103, 24.871957706000046 ], [ 121.157070169, 24.872337093000056 ], [ 121.156990353000083, 24.87355380300005 ], [ 121.156245186000092, 24.874474028000066 ], [ 121.157917150000117, 24.874445637000065 ], [ 121.15817142700007, 24.875319200000035 ], [ 121.160254913000017, 24.873341119000031 ], [ 121.165391626000087, 24.873976346000063 ], [ 121.167794063000088, 24.873568987000056 ], [ 121.170141624000053, 24.872246477000033 ], [ 121.17213572300011, 24.872529419000045 ], [ 121.175500943000088, 24.87207468500003 ], [ 121.176089621000074, 24.873868255000048 ], [ 121.174747423000099, 24.876166775000058 ], [ 121.17517444900011, 24.878625637000027 ], [ 121.174723285000027, 24.881385356000067 ], [ 121.177000557000042, 24.882624125000063 ], [ 121.176875931000041, 24.884034763000045 ], [ 121.177838945000076, 24.885748874000058 ], [ 121.177354638000111, 24.886648050000076 ], [ 121.178389049000089, 24.88857753700006 ], [ 121.179537889000017, 24.889523009000072 ], [ 121.181669472000067, 24.889465650000034 ], [ 121.182535181000048, 24.890229461000047 ], [ 121.185074140000097, 24.889949203000072 ], [ 121.186620456000014, 24.88895427500006 ], [ 121.187590151000109, 24.888892510000062 ], [ 121.1901187200001, 24.890993979000029 ], [ 121.191229585000087, 24.893452138000043 ], [ 121.191590494000025, 24.893144610000036 ], [ 121.192547219000062, 24.894117424000058 ], [ 121.19297121000011, 24.893378197000061 ], [ 121.192697872000053, 24.892428308000035 ], [ 121.193960754000045, 24.892864745000054 ], [ 121.195288309000034, 24.891363603000059 ], [ 121.195191328000078, 24.890606560000037 ], [ 121.194362573000035, 24.890146107000078 ], [ 121.194634873000041, 24.888194909000049 ], [ 121.195122837000099, 24.888411543000075 ], [ 121.195329862000108, 24.887853379000035 ], [ 121.202548576000027, 24.889554404000023 ], [ 121.203176726000038, 24.889174332000039 ], [ 121.204195263000088, 24.889683500000046 ], [ 121.207629057000077, 24.893458570000064 ], [ 121.208841957000118, 24.892130974000054 ], [ 121.212725928000054, 24.891136516000074 ], [ 121.217018523000093, 24.892414783000049 ], [ 121.219554982000091, 24.893739305000054 ], [ 121.219848475000049, 24.893211259000054 ], [ 121.220650894000073, 24.89326698900004 ], [ 121.220028832000025, 24.891110991000062 ], [ 121.22071655600007, 24.888935731000061 ], [ 121.221445027000073, 24.888502803000051 ], [ 121.221276702000068, 24.889727995000044 ], [ 121.222600610000086, 24.891985151000029 ], [ 121.226307083000052, 24.89152387200005 ], [ 121.226195836000102, 24.892462132000048 ], [ 121.228100546000064, 24.893006720000074 ], [ 121.228794857000025, 24.893856277000054 ], [ 121.229933207000045, 24.89274376000003 ], [ 121.23008006200007, 24.891331666000042 ], [ 121.231165646000022, 24.889505630000031 ], [ 121.231118812000091, 24.888307134000058 ], [ 121.231596986000113, 24.888463296000054 ], [ 121.234306573000026, 24.886821446000056 ], [ 121.2349509820001, 24.885883958000079 ], [ 121.235950101000071, 24.886240131000022 ], [ 121.235897157000068, 24.886932940000065 ], [ 121.237481423000077, 24.887152388000061 ], [ 121.237549775000048, 24.887866881000036 ], [ 121.239462594000088, 24.887683519000063 ], [ 121.241612567000061, 24.890159385000061 ], [ 121.242234968000048, 24.888840404000064 ], [ 121.242869087000031, 24.889087717000052 ], [ 121.243426751000015, 24.888025949000053 ], [ 121.246236234000094, 24.887991439000075 ], [ 121.246690812000111, 24.886278110000035 ], [ 121.246700660000101, 24.884382780000067 ], [ 121.245451766000087, 24.883324886000025 ], [ 121.245242488000031, 24.881966947000024 ], [ 121.245723484000109, 24.880874667000057 ], [ 121.245059241000035, 24.877603760000056 ], [ 121.244515838000098, 24.877316873000041 ], [ 121.24436645500009, 24.874600888000032 ], [ 121.243043916000033, 24.873005301000035 ], [ 121.244272272000103, 24.872471164000046 ], [ 121.246787697000059, 24.875067254000044 ], [ 121.24773115000005, 24.877391130000035 ], [ 121.249263445000111, 24.886015951000047 ], [ 121.249944439000046, 24.886026980000054 ], [ 121.250490795000019, 24.886757637000073 ], [ 121.250838850000036, 24.885024070000043 ], [ 121.250174304000097, 24.883793112000035 ], [ 121.25096364, 24.883422795000058 ], [ 121.249961595000059, 24.877644104000069 ], [ 121.248817458000076, 24.875161260000027 ], [ 121.248864794000042, 24.869105608000041 ], [ 121.245746448000091, 24.859964133000062 ], [ 121.247958280000034, 24.858360939000079 ], [ 121.249384275000011, 24.859717834000037 ], [ 121.250252028000091, 24.859416199000066 ], [ 121.251573085000018, 24.860557950000043 ], [ 121.252660146000039, 24.860173277000058 ], [ 121.255074200000081, 24.862932335000039 ], [ 121.258794508000051, 24.864699707000057 ], [ 121.261458872000048, 24.860021267000036 ], [ 121.261341066000114, 24.858941883000057 ], [ 121.262657784000112, 24.858140398000046 ], [ 121.264299675000075, 24.858982025000046 ], [ 121.26754079400007, 24.851522973000044 ], [ 121.267719561000035, 24.848937085000045 ], [ 121.261131152000075, 24.840335793000065 ], [ 121.259678057000087, 24.836440152000023 ], [ 121.256695738000076, 24.833406781000065 ], [ 121.25542121400008, 24.831433987000025 ], [ 121.253259889000105, 24.824002342000028 ], [ 121.248203097000101, 24.819958491000023 ], [ 121.243926767000062, 24.814129860000037 ], [ 121.243092503000071, 24.808704348000049 ], [ 121.241998917000046, 24.806754511000065 ], [ 121.238244311000017, 24.804653346000066 ], [ 121.231383557000072, 24.803702379000072 ], [ 121.22805474300003, 24.802753114000041 ] ] ] } },
{ "type": "Feature", "properties": { "county": "桃園市", "town": "龜山區", "lab_lon": 121.36729, "lab_lat": 25.02148 }, "geometry": { "type": "Polygon", "coordinates": [ [ [ 121.366554330000099, 24.978195457000027 ], [ 121.364759669000023, 24.978672649000032 ], [ 121.363719327000013, 24.979588116000059 ], [ 121.361417304000042, 24.978818883000031 ], [ 121.361223512000038, 24.977807656000039 ], [ 121.358672002000048, 24.978209863000075 ], [ 121.357751457000063, 24.977822321000076 ], [ 121.354096243000072, 24.977799378000043 ], [ 121.352349208000078, 24.98084876300004 ], [ 121.34832373200004, 24.979683220000027 ], [ 121.347229082000013, 24.978826708000042 ], [ 121.344784320000031, 24.980277337000075 ], [ 121.342682195000066, 24.982317285000079 ], [ 121.342070873000011, 24.980949090000024 ], [ 121.341132920000064, 24.980267854000033 ], [ 121.336796364000065, 24.980679569000074 ], [ 121.335920089000069, 24.979906348000043 ], [ 121.334681728000078, 24.979759298000033 ], [ 121.334620108000081, 24.979076475000056 ], [ 121.333828957000037, 24.978688756000054 ], [ 121.331581183000026, 24.978634205000048 ], [ 121.330839013000059, 24.979354318000048 ], [ 121.329801172000089, 24.979051329000072 ], [ 121.327277635000087, 24.982347508000032 ], [ 121.325556513000038, 24.981299109000076 ], [ 121.3213042430001, 24.987111691000052 ], [ 121.321105167000042, 24.987680210000065 ], [ 121.321953096000016, 24.988105397000027 ], [ 121.321562755000059, 24.988498673000038 ], [ 121.322179807000111, 24.989295197000047 ], [ 121.321410553000078, 24.990839754000035 ], [ 121.323299373000054, 24.992250628000079 ], [ 121.322801431000016, 24.993617847000053 ], [ 121.323569571, 24.995331519000047 ], [ 121.326853890000052, 24.996136970000066 ], [ 121.327995613000098, 24.997681227000044 ], [ 121.328924802000074, 24.99800984500007 ], [ 121.330316296000092, 25.00178353900003 ], [ 121.332230606000053, 25.004879622000033 ], [ 121.331426653000108, 25.005717376000064 ], [ 121.331241031000104, 25.007731125000078 ], [ 121.331537483000034, 25.009594794000066 ], [ 121.332391113000085, 25.010619248000069 ], [ 121.329614794, 25.013269022000031 ], [ 121.330033068000034, 25.016590552000025 ], [ 121.325850388000049, 25.016776378000031 ], [ 121.324916556000062, 25.018283298000028 ], [ 121.325037805000079, 25.020535529000028 ], [ 121.326939582000023, 25.021892807000029 ], [ 121.325520456000049, 25.022397635000061 ], [ 121.326264152000022, 25.023286377000034 ], [ 121.326315709000028, 25.024454700000035 ], [ 121.324741134000078, 25.026330228000063 ], [ 121.323706994000077, 25.025880388000076 ], [ 121.320251139000106, 25.026222106000034 ], [ 121.318995210000026, 25.026803096000037 ], [ 121.317126561, 25.026574776000075 ], [ 121.315548632000059, 25.029040751000025 ], [ 121.313245971000015, 25.029857513000024 ], [ 121.31226760200002, 25.030859617000033 ], [ 121.309694307000086, 25.031627841000045 ], [ 121.306940123000118, 25.030589553000027 ], [ 121.305662486000074, 25.03089251800003 ], [ 121.303715320000038, 25.030579876000047 ], [ 121.301440003000039, 25.036789528000043 ], [ 121.29783494600008, 25.042981117000068 ], [ 121.296583736000116, 25.046386650000045 ], [ 121.295708687000115, 25.047183511000071 ], [ 121.29556643300009, 25.04823136300007 ], [ 121.29460158400002, 25.048582300000078 ], [ 121.293621692000102, 25.04986741700003 ], [ 121.298707317000094, 25.048852473000068 ], [ 121.3028392330001, 25.047335475000068 ], [ 121.306243391000066, 25.049071058000038 ], [ 121.307524283000021, 25.04913897800003 ], [ 121.308289209, 25.051096950000044 ], [ 121.316019449, 25.051116345000025 ], [ 121.320633897000107, 25.053893097000071 ], [ 121.322007452000094, 25.053991935000056 ], [ 121.323483168000053, 25.056076240000039 ], [ 121.323876106000057, 25.057743334000065 ], [ 121.329309092000017, 25.060781346000056 ], [ 121.340017576000037, 25.063751100000047 ], [ 121.342285012000048, 25.065181690000031 ], [ 121.343823654000062, 25.065538676000074 ], [ 121.348654092000061, 25.065838249000024 ], [ 121.362560193000036, 25.064917462000039 ], [ 121.376682482000092, 25.066091609000068 ], [ 121.38216056400006, 25.064298735000023 ], [ 121.382907895000017, 25.06293345000006 ], [ 121.383986120000031, 25.062731127000063 ], [ 121.386409176000029, 25.063267710000048 ], [ 121.387241041000038, 25.062561965000043 ], [ 121.388309248000041, 25.063063420000049 ], [ 121.388174174000028, 25.061554998000076 ], [ 121.391114685000048, 25.061481566000054 ], [ 121.390656080000099, 25.061123726000062 ], [ 121.39092482600006, 25.060807800000077 ], [ 121.388952085000028, 25.060700346000033 ], [ 121.387684044000025, 25.059717993000049 ], [ 121.38973717500005, 25.059056097000052 ], [ 121.388493401000119, 25.058304274000022 ], [ 121.388638614000115, 25.056876953000028 ], [ 121.385597772000096, 25.058111127000075 ], [ 121.385732482000094, 25.056802072000039 ], [ 121.387451311000063, 25.054981748000046 ], [ 121.385844638000094, 25.053108333000068 ], [ 121.384439815000064, 25.052561628000035 ], [ 121.385898636000093, 25.052526188000058 ], [ 121.387832500000059, 25.053235268000037 ], [ 121.388184122000098, 25.052878737000071 ], [ 121.389498607000064, 25.053478690000077 ], [ 121.38977873400006, 25.053354375000026 ], [ 121.389299554000104, 25.052928911000038 ], [ 121.389869708000106, 25.052838596000072 ], [ 121.390822887000013, 25.053299336000066 ], [ 121.39088895000009, 25.054481036000027 ], [ 121.392621701000053, 25.055067196000039 ], [ 121.39104028600002, 25.053582763000065 ], [ 121.392945581000049, 25.053977456000041 ], [ 121.396240649000106, 25.052545536000025 ], [ 121.397529652000117, 25.051458560000071 ], [ 121.400704222000059, 25.051385984000035 ], [ 121.400184780000018, 25.050972285000057 ], [ 121.400292418000049, 25.049595698000076 ], [ 121.399755338000091, 25.049363414000027 ], [ 121.398364375000028, 25.050639175000072 ], [ 121.398618646000045, 25.050969433000034 ], [ 121.398074126000097, 25.051119322000034 ], [ 121.397588763000044, 25.050530969000079 ], [ 121.398331993000056, 25.049782078000078 ], [ 121.398529568000072, 25.048472687000071 ], [ 121.396614864000071, 25.049622801000055 ], [ 121.39523865000001, 25.049569520000034 ], [ 121.394419288000108, 25.050426677000075 ], [ 121.393976096000074, 25.050289116000044 ], [ 121.394324298000015, 25.049439113000062 ], [ 121.393923209000036, 25.049193416000037 ], [ 121.394492253000067, 25.048762227000054 ], [ 121.394413636000081, 25.047501471000032 ], [ 121.39603329900001, 25.048561263000067 ], [ 121.399429318000102, 25.047814906000042 ], [ 121.397700901, 25.046288350000054 ], [ 121.398288755000067, 25.046407026000054 ], [ 121.398934312000051, 25.04578994700006 ], [ 121.399564421000036, 25.046031171000038 ], [ 121.399941360000071, 25.04491746900004 ], [ 121.401056193000045, 25.045542933000036 ], [ 121.403066675000105, 25.045661293000023 ], [ 121.398257930000113, 25.044003415000077 ], [ 121.400689420000049, 25.043237416000068 ], [ 121.399423875000025, 25.042925942000068 ], [ 121.397664035000048, 25.043700039000043 ], [ 121.396759739000117, 25.043087269000068 ], [ 121.396170556000015, 25.043644384000061 ], [ 121.393871671000056, 25.043779758000028 ], [ 121.390682068000046, 25.04185310400004 ], [ 121.391192916000023, 25.041484558000036 ], [ 121.3935532590001, 25.04199718700005 ], [ 121.393584216000022, 25.041433679000079 ], [ 121.394356736000077, 25.041222149000077 ], [ 121.394378282000048, 25.040088432000061 ], [ 121.397139450000054, 25.039249720000043 ], [ 121.397583864000012, 25.038491388000068 ], [ 121.398971791, 25.038611808000041 ], [ 121.399591903000101, 25.037499204000028 ], [ 121.401073652000036, 25.037728132000041 ], [ 121.401280932000077, 25.037386320000053 ], [ 121.400793444000101, 25.036951631000079 ], [ 121.401203499000076, 25.036366705000034 ], [ 121.399593070000037, 25.035875683000029 ], [ 121.400079876000063, 25.034811952000041 ], [ 121.401206819000095, 25.034451775000036 ], [ 121.400394188000064, 25.034229818000028 ], [ 121.398573902000066, 25.034754083000053 ], [ 121.398240247000103, 25.032495499000049 ], [ 121.398786286000018, 25.031434929000056 ], [ 121.397971186000063, 25.031217554000023 ], [ 121.398526613000058, 25.030721435000032 ], [ 121.398269947000017, 25.030096256000036 ], [ 121.40107862800005, 25.028784583000061 ], [ 121.401512344000025, 25.028154828000027 ], [ 121.401056232000087, 25.027002890000063 ], [ 121.401333752000028, 25.026379641000062 ], [ 121.403771776000099, 25.02527518100004 ], [ 121.404434421000019, 25.023903114000063 ], [ 121.408682825000028, 25.020861638000042 ], [ 121.410614007000049, 25.021048660000076 ], [ 121.41070607000006, 25.019811464000043 ], [ 121.411164323000094, 25.01977615100003 ], [ 121.411155566000048, 25.019338846000039 ], [ 121.412121142000046, 25.019451864000075 ], [ 121.41212624700006, 25.018844728000033 ], [ 121.411222458000111, 25.017976561000069 ], [ 121.40925599000002, 25.018401251000057 ], [ 121.407549395000046, 25.017506553000032 ], [ 121.404143011000087, 25.017185716000029 ], [ 121.401630455000031, 25.015772388000073 ], [ 121.397251216000086, 25.016217693000044 ], [ 121.394660138000063, 25.014644416000067 ], [ 121.392489515000079, 25.015484229000037 ], [ 121.392619026000034, 25.013751608000064 ], [ 121.392103200000065, 25.012543615000027 ], [ 121.391186986000093, 25.012027714000055 ], [ 121.393654193000089, 25.009807106000039 ], [ 121.399518016000115, 25.00697040600005 ], [ 121.399686775000077, 25.005948054000044 ], [ 121.400384711000015, 25.005470703000071 ], [ 121.400233195000055, 25.004223183000079 ], [ 121.402043402000118, 25.002531729000054 ], [ 121.401906315000019, 25.00116384100005 ], [ 121.403266640000083, 25.000249117000067 ], [ 121.40315949, 24.999202546000049 ], [ 121.401589520000016, 24.999165428000026 ], [ 121.39998321600001, 24.998291977000065 ], [ 121.398701349000021, 24.998354795000068 ], [ 121.396842587000037, 24.997301536000066 ], [ 121.396474414000068, 24.995549467000046 ], [ 121.394023750000088, 24.993423761000031 ], [ 121.390495835000024, 24.99331569800006 ], [ 121.389976495000042, 24.994588276000059 ], [ 121.388036069, 24.996395892000066 ], [ 121.384184735000076, 24.995714584000041 ], [ 121.383590515000037, 24.99351088700007 ], [ 121.384323142000085, 24.991684073000044 ], [ 121.383411383000066, 24.988606830000037 ], [ 121.385525246000043, 24.98662360700007 ], [ 121.385384369, 24.985959713000057 ], [ 121.382228903000055, 24.983923607000065 ], [ 121.380954358000054, 24.984288811000056 ], [ 121.379330885000059, 24.983567138000069 ], [ 121.376600360000111, 24.981185056000072 ], [ 121.372404030000098, 24.979939486000035 ], [ 121.371118268000032, 24.978162045000033 ], [ 121.369362792000061, 24.976899079000077 ], [ 121.368786016000058, 24.976809402000072 ], [ 121.366554330000099, 24.978195457000027 ] ] ] } },
{ "type": "Feature", "properties": { "county": "臺北市", "town": "中山區", "lab_lon": 121.5301, "lab_lat": 25.06877 }, "geometry": { "type": "Polygon", "coordinates": [ [ [ 121.535881541000094, 25.044810858000062 ], [ 121.525328254000101, 25.047649268000043 ], [ 121.518657908000023, 25.048367073000065 ], [ 121.519902903000116, 25.049925737000024 ], [ 121.520274104, 25.051738827000065 ], [ 121.520635865000031, 25.059504276000041 ], [ 121.518984866000096, 25.064441554000041 ], [ 121.520461351000108, 25.073110798000073 ], [ 121.522500885000113, 25.077111080000066 ], [ 121.525029878000055, 25.074230468000053 ], [ 121.525653733000013, 25.074579235000044 ], [ 121.524357824000049, 25.079916409000077 ], [ 121.524662749000072, 25.081547925000052 ], [ 121.5252551640001, 25.081932882000046 ], [ 121.525702744000114, 25.081326272000069 ], [ 121.526523336000082, 25.081663176000063 ], [ 121.528888411000025, 25.084502286000031 ], [ 121.530873473000042, 25.084930062000069 ], [ 121.532845808000047, 25.087682654000048 ], [ 121.538337005000017, 25.091649640000071 ], [ 121.540758007000022, 25.092188297000064 ], [ 121.541474527000105, 25.092868246000023 ], [ 121.542323717000045, 25.091837919000056 ], [ 121.544064176, 25.091718995000065 ], [ 121.544999953000115, 25.090356470000074 ], [ 121.547636543000067, 25.090658330000053 ], [ 121.549592148000102, 25.091845645000035 ], [ 121.551377215000116, 25.091770650000058 ], [ 121.55217261100006, 25.092405536000058 ], [ 121.553482344000031, 25.089822318000074 ], [ 121.554943886000046, 25.088607413000034 ], [ 121.557224061000056, 25.087940880000076 ], [ 121.556847495000056, 25.086721712000042 ], [ 121.557828973000028, 25.084383341000034 ], [ 121.559247064000033, 25.085029243000065 ], [ 121.560963267000034, 25.084462663000068 ], [ 121.562576443000012, 25.080895836000025 ], [ 121.564280288000077, 25.078866075000064 ], [ 121.570381945, 25.077036217000057 ], [ 121.572508205000076, 25.07461311000003 ], [ 121.571442241000113, 25.074289308000061 ], [ 121.570593449000057, 25.075741252000057 ], [ 121.569398408000097, 25.076275652000049 ], [ 121.563572465000107, 25.072745083000029 ], [ 121.562156597000012, 25.072423249000053 ], [ 121.556695123000054, 25.074756591000039 ], [ 121.552697334000072, 25.075629013000025 ], [ 121.552409306000072, 25.072969632000024 ], [ 121.549330434000012, 25.071788436000077 ], [ 121.548808705000056, 25.071057421000035 ], [ 121.538619011000037, 25.071273834000067 ], [ 121.538796804000071, 25.069011256000067 ], [ 121.541612120000082, 25.068466847000025 ], [ 121.544344770000066, 25.066982260000032 ], [ 121.543849852000108, 25.044904207000059 ], [ 121.535881541000094, 25.044810858000062 ] ] ] } },
{ "type": "Feature", "properties": { "county": "臺北市", "town": "中正區", "lab_lon": 121.51329, "lab_lat": 25.02939 }, "geometry": { "type": "Polygon", "coordinates": [ [ [ 121.51954571300007, 25.019388196000023 ], [ 121.517193527000018, 25.020479773000034 ], [ 121.512403028000108, 25.021743496000056 ], [ 121.512341282000079, 25.023989671000038 ], [ 121.509051175000081, 25.024957954000058 ], [ 121.504135354000027, 25.029964249000045 ], [ 121.504160478000017, 25.031323181000062 ], [ 121.506690235000065, 25.036588505000054 ], [ 121.509651144000031, 25.047316790000025 ], [ 121.511510784000052, 25.048659530000066 ], [ 121.512043302000052, 25.049853807000034 ], [ 121.517381705000048, 25.048430331000077 ], [ 121.525328254000101, 25.047649268000043 ], [ 121.532931623000081, 25.045462520000058 ], [ 121.532682429000033, 25.033642716000031 ], [ 121.527198396000017, 25.034148481000045 ], [ 121.524308499000085, 25.03541787000006 ], [ 121.522605211000041, 25.032482319000053 ], [ 121.521697046000099, 25.028139451000072 ], [ 121.525185197000042, 25.023271441000077 ], [ 121.535520157000065, 25.013625320000074 ], [ 121.53706519900004, 25.011266563000049 ], [ 121.535702110000102, 25.010963957000058 ], [ 121.531846682000037, 25.008668648000025 ], [ 121.530560740000055, 25.009812679000049 ], [ 121.527750952000019, 25.010566363000066 ], [ 121.525891431000105, 25.011714700000027 ], [ 121.521624767000048, 25.017543975000024 ], [ 121.51954571300007, 25.019388196000023 ] ] ] } },
{ "type": "Feature", "properties": { "county": "臺北市", "town": "信義區", "lab_lon": 121.57301, "lab_lat": 25.02877 }, "geometry": { "type": "Polygon", "coordinates": [ [ [ 121.572388528000033, 25.013574144000074 ], [ 121.571719525000049, 25.011682325000038 ], [ 121.568278122000038, 25.009080079000057 ], [ 121.565950934000057, 25.008123994000073 ], [ 121.565282274000083, 25.009995168000046 ], [ 121.563596225000083, 25.011329647000025 ], [ 121.563313868000023, 25.013377224000067 ], [ 121.560664428000109, 25.016101247000051 ], [ 121.560141076000036, 25.01727081000007 ], [ 121.552623756000116, 25.024389599000074 ], [ 121.556410931000073, 25.027846607000072 ], [ 121.557363978000012, 25.029362483000057 ], [ 121.557694705000017, 25.045206989000064 ], [ 121.569272340000111, 25.049246120000078 ], [ 121.579958837000049, 25.049501476000046 ], [ 121.580782890000023, 25.04525601000006 ], [ 121.584692006000068, 25.041969818000041 ], [ 121.586732200000029, 25.041529304000051 ], [ 121.587152889000095, 25.039661239000054 ], [ 121.589366063000057, 25.037113995000027 ], [ 121.58967192800003, 25.034298625000076 ], [ 121.59203118500011, 25.031177870000079 ], [ 121.591374854000037, 25.030042525000056 ], [ 121.588344222000046, 25.028435013000035 ], [ 121.586757322000039, 25.026893394000069 ], [ 121.58522787000004, 25.024313211000049 ], [ 121.583640306, 25.018830007000076 ], [ 121.58189543900005, 25.018164897000077 ], [ 121.580113730000107, 25.016759302000025 ], [ 121.578435572000103, 25.014966386000026 ], [ 121.578042644000107, 25.013865744000043 ], [ 121.576194512000029, 25.014248201000044 ], [ 121.575137682000104, 25.013187057000039 ], [ 121.572388528000033, 25.013574144000074 ] ] ] } },
{ "type": "Feature", "properties": { "county": "臺北市", "town": "內湖區", "lab_lon": 121.59474, "lab_lat": 25.08346 }, "geometry": { "type": "Polygon", "coordinates": [ [ [ 121.579928742000106, 25.052915674000076 ], [ 121.573282516000063, 25.051760264000052 ], [ 121.571531120000031, 25.052316159000043 ], [ 121.571477381000022, 25.057002609000051 ], [ 121.569394792000026, 25.064458280000053 ], [ 121.571869104000029, 25.069149972000048 ], [ 121.572195402000034, 25.071446387000037 ], [ 121.571442241000113, 25.074289308000061 ], [ 121.572508395000114, 25.074653471000033 ], [ 121.570381945, 25.077036217000057 ], [ 121.564280288000077, 25.078866075000064 ], [ 121.562576443000012, 25.080895836000025 ], [ 121.560963267000034, 25.084462663000068 ], [ 121.559247064000033, 25.085029243000065 ], [ 121.557828973000028, 25.084383341000034 ], [ 121.556847495000056, 25.086721712000042 ], [ 121.557224061000056, 25.087940880000076 ], [ 121.554943886000046, 25.088607413000034 ], [ 121.553482344000031, 25.089822318000074 ], [ 121.55217261100006, 25.092405536000058 ], [ 121.554486963000045, 25.092722176000052 ], [ 121.554663463000111, 25.093881495000062 ], [ 121.555950045000031, 25.09437005500007 ], [ 121.556817970000111, 25.096180968000056 ], [ 121.557713294000109, 25.096402644000023 ], [ 121.558761172000118, 25.098732154000061 ], [ 121.559697015000097, 25.098131995000074 ], [ 121.562033805000056, 25.098006478000059 ], [ 121.567042003000097, 25.09915707600004 ], [ 121.569393996000031, 25.104347823000069 ], [ 121.570340056000077, 25.105457756000078 ], [ 121.572688019000111, 25.106052813000076 ], [ 121.573482329000058, 25.106754245000047 ], [ 121.576297395000097, 25.106902330000025 ], [ 121.577108913000075, 25.105952199000058 ], [ 121.57902586900002, 25.105083777000061 ], [ 121.580309403000115, 25.106963070000063 ], [ 121.581957450000118, 25.106835348000061 ], [ 121.5852441400001, 25.108549741000047 ], [ 121.588142575, 25.113883563000059 ], [ 121.589866691000111, 25.114228901000047 ], [ 121.590306303000034, 25.113637697000058 ], [ 121.593598331000067, 25.115142631000026 ], [ 121.595685029000038, 25.114156125000022 ], [ 121.595489828000041, 25.113493774000062 ], [ 121.596509117000096, 25.111278261000052 ], [ 121.59749057800002, 25.109508402000074 ], [ 121.598384950000082, 25.10890998800005 ], [ 121.606299783000054, 25.10728560900003 ], [ 121.607995858000095, 25.106757413000025 ], [ 121.61038269200003, 25.105163577000042 ], [ 121.615406626000095, 25.103868144000046 ], [ 121.617412908, 25.101120909000031 ], [ 121.621498372000019, 25.098311910000064 ], [ 121.62215845500009, 25.097317320000059 ], [ 121.625540975000035, 25.097004173000073 ], [ 121.626254920000065, 25.095877037000037 ], [ 121.625367252000046, 25.095106371000043 ], [ 121.625063392000015, 25.093666868000071 ], [ 121.626319217000059, 25.091466154000045 ], [ 121.625985224000033, 25.090515992000064 ], [ 121.628067708000117, 25.088385262000031 ], [ 121.628614896000045, 25.086471367000058 ], [ 121.627575998000111, 25.084838036000065 ], [ 121.628012034000108, 25.083387987000037 ], [ 121.627500650000115, 25.082368600000052 ], [ 121.626039958000092, 25.082018726000058 ], [ 121.62426184900005, 25.080344231000026 ], [ 121.624520683000014, 25.079125740000052 ], [ 121.62391156800004, 25.078244048000045 ], [ 121.625079112000094, 25.07883484000007 ], [ 121.62493822600004, 25.077993852000077 ], [ 121.623233560000017, 25.077107133000027 ], [ 121.622708589000013, 25.074564660000078 ], [ 121.621600937000039, 25.074789331000034 ], [ 121.620644623000089, 25.073285887000054 ], [ 121.621509972000013, 25.069574763000048 ], [ 121.618603344, 25.067670594000049 ], [ 121.617630015000032, 25.067601708000041 ], [ 121.617924733000109, 25.065159290000054 ], [ 121.616831714000114, 25.065874314000041 ], [ 121.616140038000026, 25.063933874000043 ], [ 121.612935034000088, 25.064430946000073 ], [ 121.609635021000031, 25.060663337000051 ], [ 121.605312497000114, 25.059432266000044 ], [ 121.598981680000065, 25.058894720000069 ], [ 121.595079343000066, 25.060007161000044 ], [ 121.593418480000082, 25.059816804000036 ], [ 121.586641646000089, 25.05476015000005 ], [ 121.579928742000106, 25.052915674000076 ] ] ] } },
{ "type": "Feature", "properties": { "county": "臺北市", "town": "北投區", "lab_lon": 121.51974, "lab_lat": 25.15295 }, "geometry": { "type": "Polygon", "coordinates": [ [ [ 121.511619846000031, 25.097753115000046 ], [ 121.508379098000091, 25.09580337500006 ], [ 121.505763519000084, 25.096431317000054 ], [ 121.500957567000114, 25.096597361000079 ], [ 121.497330683000087, 25.098215626000069 ], [ 121.496934425000063, 25.100453471000037 ], [ 121.4970479750001, 25.106980954000051 ], [ 121.496452161000093, 25.110264315000052 ], [ 121.495067229000028, 25.112767071000064 ], [ 121.49148088600009, 25.114946238000073 ], [ 121.488231195000026, 25.11526783100004 ], [ 121.473533919000033, 25.110834753000063 ], [ 121.468932406000022, 25.110861615000033 ], [ 121.466114706000099, 25.112190466000072 ], [ 121.461083411000118, 25.115996448000033 ], [ 121.458793203000027, 25.122940125000071 ], [ 121.461346603000038, 25.123007156000028 ], [ 121.461765344000014, 25.123577797000053 ], [ 121.464826194000011, 25.124255523000045 ], [ 121.464298187000054, 25.127573690000077 ], [ 121.465713993, 25.131686083000034 ], [ 121.468957069000112, 25.135626838000064 ], [ 121.471753934000049, 25.137486505000027 ], [ 121.472671002000084, 25.139351455000053 ], [ 121.47645504400009, 25.142787172000055 ], [ 121.476735542000029, 25.14390002600004 ], [ 121.480851914000027, 25.147088663000034 ], [ 121.482864385000084, 25.150220846000025 ], [ 121.484010032000015, 25.150837857000056 ], [ 121.486558327000012, 25.150793169000053 ], [ 121.487468976000059, 25.151438572000075 ], [ 121.487627569000097, 25.153001523000057 ], [ 121.492366193000066, 25.16037235400006 ], [ 121.498786472, 25.165001210000071 ], [ 121.500114596000117, 25.168311118000076 ], [ 121.501846003000082, 25.169424683000045 ], [ 121.501655746000097, 25.171282894000058 ], [ 121.502612755000087, 25.172459821000075 ], [ 121.502570767000066, 25.173252647000027 ], [ 121.504845751000062, 25.173247096000068 ], [ 121.505752153000117, 25.171081164000043 ], [ 121.507060847000048, 25.17115803300004 ], [ 121.510423118000062, 25.169435601000032 ], [ 121.511310280000089, 25.169411505000028 ], [ 121.512627451000071, 25.170773620000034 ], [ 121.513537129000042, 25.170993731000067 ], [ 121.519947903000116, 25.169273221000026 ], [ 121.522562260000086, 25.174680677000026 ], [ 121.521830161000025, 25.179225878000068 ], [ 121.52600571500011, 25.182976492000023 ], [ 121.533373865000044, 25.183577022000065 ], [ 121.53466939000009, 25.184510709000051 ], [ 121.535811377000073, 25.186671777000072 ], [ 121.541022461000011, 25.187322686000073 ], [ 121.542827086000102, 25.188952479000022 ], [ 121.543266885000094, 25.193781944000023 ], [ 121.544697795000047, 25.195560049000051 ], [ 121.54631895700004, 25.19696994800006 ], [ 121.547436546000085, 25.197049722000031 ], [ 121.548120333000043, 25.197996678000038 ], [ 121.54897784000002, 25.198149296000054 ], [ 121.550703996000038, 25.197110790000067 ], [ 121.551861738000071, 25.197746515000063 ], [ 121.552597736000052, 25.198810508000065 ], [ 121.552628489000085, 25.200822105000043 ], [ 121.551563086000101, 25.201925888000062 ], [ 121.551660233, 25.203331177000052 ], [ 121.553115294, 25.204197713000042 ], [ 121.555009413000107, 25.208430186000044 ], [ 121.556890472000077, 25.208700716000067 ], [ 121.559173428, 25.210135899000079 ], [ 121.562505407000117, 25.209550958000023 ], [ 121.563487562000091, 25.205832959000077 ], [ 121.564407631000108, 25.204763021000076 ], [ 121.564971005000075, 25.202781282000046 ], [ 121.564814135, 25.201071428000034 ], [ 121.565988728000093, 25.199769166000067 ], [ 121.569995195000047, 25.198255677000077 ], [ 121.57089463300008, 25.197392594000064 ], [ 121.570817427000065, 25.196389487000033 ], [ 121.571750212000097, 25.195384955000065 ], [ 121.573079760000041, 25.194975910000039 ], [ 121.575577354000075, 25.195579039000052 ], [ 121.576108409000085, 25.195326148000049 ], [ 121.575603245000025, 25.194585924000023 ], [ 121.573420328000111, 25.194120206000036 ], [ 121.57301033400006, 25.193388852000055 ], [ 121.572111775000053, 25.193101166000076 ], [ 121.57148342500011, 25.191619282000033 ], [ 121.567771364, 25.18958544700007 ], [ 121.566972396000097, 25.188591786000075 ], [ 121.567288082000118, 25.187167225000053 ], [ 121.568180398000095, 25.186144180000042 ], [ 121.567563365000069, 25.185519558000067 ], [ 121.568023639000103, 25.183793358000059 ], [ 121.567215517000022, 25.183210666000036 ], [ 121.567153802, 25.182062887000029 ], [ 121.5660481970001, 25.181371488000025 ], [ 121.565467847000036, 25.178926662000038 ], [ 121.564716137000119, 25.178210906000061 ], [ 121.562599517000081, 25.177688110000076 ], [ 121.560946256000079, 25.175173456000039 ], [ 121.561111853000057, 25.173685265000074 ], [ 121.563110600000073, 25.169978055000058 ], [ 121.561009125000055, 25.164554170000031 ], [ 121.560766030000082, 25.162451685000065 ], [ 121.555770375000066, 25.16000718600003 ], [ 121.553182229000072, 25.154257984000026 ], [ 121.550085652, 25.151288288000046 ], [ 121.549125054000115, 25.147733798000047 ], [ 121.549297824000064, 25.146396032000041 ], [ 121.548695264000116, 25.145567557000049 ], [ 121.548879483000064, 25.144773079000061 ], [ 121.547893228000021, 25.143407778000039 ], [ 121.54610652000008, 25.142520605000072 ], [ 121.545770522000112, 25.141586970000048 ], [ 121.542443595, 25.142550721000077 ], [ 121.541293895000081, 25.141263083000069 ], [ 121.540021404000072, 25.141563092000069 ], [ 121.539238487000034, 25.140452441000036 ], [ 121.53651912600003, 25.139174734000051 ], [ 121.534923790000107, 25.139170574000048 ], [ 121.533352207, 25.137522086000047 ], [ 121.531298234000019, 25.13709374900003 ], [ 121.530333757000108, 25.134385755000039 ], [ 121.531086794000089, 25.13381243200007 ], [ 121.530801607000058, 25.132044462000067 ], [ 121.531323757000109, 25.127444881000031 ], [ 121.529820096000094, 25.126259350000055 ], [ 121.52950432800003, 25.124265785000034 ], [ 121.526397203000101, 25.123390074000042 ], [ 121.525613723000106, 25.121696292000024 ], [ 121.525734238000041, 25.120720673000051 ], [ 121.524671480000052, 25.119964670000059 ], [ 121.523577121000017, 25.11771294600004 ], [ 121.525028298000052, 25.116006925000079 ], [ 121.525812044000077, 25.112833243000068 ], [ 121.525345612000024, 25.111598896000032 ], [ 121.522775166000088, 25.110938899000075 ], [ 121.522444972000017, 25.109488615000032 ], [ 121.521154097000021, 25.108916816000033 ], [ 121.521270164000043, 25.106886656000029 ], [ 121.519912551000061, 25.104254137000055 ], [ 121.518337468000027, 25.103148350000026 ], [ 121.517118015000051, 25.099493386000063 ], [ 121.511619846000031, 25.097753115000046 ] ] ] } },
{ "type": "Feature", "properties": { "county": "臺北市", "town": "南港區", "lab_lon": 121.6063, "lab_lat": 25.0384 }, "geometry": { "type": "Polygon", "coordinates": [ [ [ 121.59203118500011, 25.031177870000079 ], [ 121.58967192800003, 25.034298625000076 ], [ 121.589366063000057, 25.037113995000027 ], [ 121.587152889000095, 25.039661239000054 ], [ 121.586732200000029, 25.041529304000051 ], [ 121.584692006000068, 25.041969818000041 ], [ 121.580694362000031, 25.045399036000049 ], [ 121.58064291200003, 25.047369050000043 ], [ 121.5799851700001, 25.048146579000047 ], [ 121.579671679000057, 25.050387327000067 ], [ 121.579928742000106, 25.052915674000076 ], [ 121.586641646000089, 25.05476015000005 ], [ 121.59247145400002, 25.059312358000057 ], [ 121.594032380000044, 25.059988125000075 ], [ 121.598981680000065, 25.058894720000069 ], [ 121.608052679000025, 25.059949356000061 ], [ 121.610498650000068, 25.061394341000039 ], [ 121.6126962190001, 25.064299463000054 ], [ 121.613848548000078, 25.064547576000052 ], [ 121.618229673000087, 25.063188600000046 ], [ 121.620049646000098, 25.062024799000028 ], [ 121.621654824000075, 25.060335328000065 ], [ 121.624229735000085, 25.055851036000035 ], [ 121.62412856800006, 25.05527485500005 ], [ 121.623431716000027, 25.055001703000073 ], [ 121.621649858000069, 25.056512152000039 ], [ 121.620525202000067, 25.056648731000053 ], [ 121.620195497000054, 25.055823496000073 ], [ 121.621042002000081, 25.054217784000059 ], [ 121.620926922000081, 25.053505037000036 ], [ 121.618173580000075, 25.05229642300003 ], [ 121.616469125000094, 25.050802008000062 ], [ 121.61623269100005, 25.049374200000045 ], [ 121.616519254000082, 25.048012778000043 ], [ 121.619107064000104, 25.043469542000025 ], [ 121.621576434000076, 25.040374102000044 ], [ 121.623140223000064, 25.03964512500005 ], [ 121.624930507000045, 25.037724446000027 ], [ 121.626403235000112, 25.037871617000064 ], [ 121.629480821000016, 25.036728334000031 ], [ 121.630210473000034, 25.035079218000078 ], [ 121.633478340000011, 25.035739764000027 ], [ 121.634072548000063, 25.034796253000025 ], [ 121.634852811000087, 25.03499736200007 ], [ 121.637905025, 25.033741581000072 ], [ 121.639907389000086, 25.032012941000062 ], [ 121.643746527000076, 25.03049199700007 ], [ 121.644271558000014, 25.029772667000032 ], [ 121.645849584000075, 25.029444593000051 ], [ 121.646717748000015, 25.027993201000072 ], [ 121.647979562000046, 25.02863693300003 ], [ 121.648797392, 25.027915931000052 ], [ 121.649515755000039, 25.028111588000058 ], [ 121.650236802000109, 25.027625321000073 ], [ 121.651843633000112, 25.028149945000052 ], [ 121.652630925000039, 25.027573748000066 ], [ 121.654183460000013, 25.027916112000071 ], [ 121.655146900000091, 25.027436453000064 ], [ 121.656821799000113, 25.027942254000038 ], [ 121.657684330000052, 25.028869446000044 ], [ 121.660800997000024, 25.030445964000023 ], [ 121.664819769000019, 25.029545259000031 ], [ 121.665942538000081, 25.029875166000068 ], [ 121.664833644000055, 25.027798241000028 ], [ 121.665376690000016, 25.026022438000041 ], [ 121.664938360000065, 25.024694030000035 ], [ 121.66405467200002, 25.023174262000055 ], [ 121.662840078000045, 25.02274962100006 ], [ 121.660698181000043, 25.023395570000048 ], [ 121.65823561600007, 25.023573124000052 ], [ 121.657637238, 25.023234272000025 ], [ 121.653817463000109, 25.024420324000062 ], [ 121.649912688000086, 25.023968577000062 ], [ 121.646246614, 25.021716347000051 ], [ 121.644926535000081, 25.023556134000046 ], [ 121.642981028, 25.024559012000054 ], [ 121.640806213000019, 25.023487602000046 ], [ 121.637562723000087, 25.024074116000065 ], [ 121.63568731600003, 25.023211056000036 ], [ 121.635622276000049, 25.024011546000054 ], [ 121.632360535000089, 25.025634672000024 ], [ 121.630811962000053, 25.024539354000069 ], [ 121.630271699000104, 25.022233705000076 ], [ 121.628935666000075, 25.019929081000043 ], [ 121.626929458000063, 25.019539552000026 ], [ 121.626174562000074, 25.018621436000046 ], [ 121.623283858000036, 25.01726622800004 ], [ 121.620546713000067, 25.018385817000024 ], [ 121.61752389600008, 25.018405808000068 ], [ 121.616077732, 25.019700291000049 ], [ 121.61337397300008, 25.019138450000071 ], [ 121.612720014000047, 25.019608887000061 ], [ 121.61035172600009, 25.019865105000065 ], [ 121.60925759600002, 25.020946786000025 ], [ 121.60821033700006, 25.019437887000038 ], [ 121.604125911000096, 25.019087255000045 ], [ 121.602484591, 25.015008205000072 ], [ 121.597634900000116, 25.014807441000073 ], [ 121.597260737000056, 25.014382645000069 ], [ 121.595085227000027, 25.015494389000025 ], [ 121.593485208000061, 25.014563754000051 ], [ 121.591716161000022, 25.01486916600004 ], [ 121.591291967000075, 25.014273417000027 ], [ 121.587924634000046, 25.013411909000069 ], [ 121.583661642000038, 25.013114322000035 ], [ 121.580651523000029, 25.012229696000077 ], [ 121.579855516000066, 25.01251489200007 ], [ 121.578042644000107, 25.013865744000043 ], [ 121.578435572000103, 25.014966386000026 ], [ 121.58189543900005, 25.018164897000077 ], [ 121.583640306, 25.018830007000076 ], [ 121.58522787000004, 25.024313211000049 ], [ 121.586757322000039, 25.026893394000069 ], [ 121.588344222000046, 25.028435013000035 ], [ 121.591374854000037, 25.030042525000056 ], [ 121.59203118500011, 25.031177870000079 ] ] ] } },
{ "type": "Feature", "properties": { "county": "臺北市", "town": "士林區", "lab_lon": 121.56758, "lab_lat": 25.13477 }, "geometry": { "type": "Polygon", "coordinates": [ [ [ 121.524331989000075, 25.08009837000003 ], [ 121.52577489600003, 25.075236853000035 ], [ 121.525073585000086, 25.074202399000058 ], [ 121.523617850000051, 25.076244179000071 ], [ 121.522081767000032, 25.077388837000058 ], [ 121.516223535000108, 25.080244819000029 ], [ 121.514112922000095, 25.079413177000049 ], [ 121.513541671000098, 25.08079181100004 ], [ 121.513124561000041, 25.080633178000028 ], [ 121.513307270000041, 25.079951021000056 ], [ 121.511408770000116, 25.078994570000077 ], [ 121.504677595000089, 25.078121260000046 ], [ 121.502513, 25.08319670700007 ], [ 121.499767233000057, 25.08723460300007 ], [ 121.488748100000066, 25.097139628000036 ], [ 121.481076702000109, 25.10087616800007 ], [ 121.478287400000113, 25.101400175000038 ], [ 121.466384154000025, 25.10165519800006 ], [ 121.463578351000024, 25.102673613000036 ], [ 121.457331339, 25.107098936000057 ], [ 121.457194572000049, 25.108648300000027 ], [ 121.458176277, 25.111411795000038 ], [ 121.460929967000084, 25.116181425000036 ], [ 121.466885903000048, 25.111695755000028 ], [ 121.470225360000086, 25.110698079000031 ], [ 121.473533919000033, 25.110834753000063 ], [ 121.487090905000059, 25.114989759000025 ], [ 121.490423394000118, 25.115237859000047 ], [ 121.495067229000028, 25.112767071000064 ], [ 121.496452161000093, 25.110264315000052 ], [ 121.4970479750001, 25.106980954000051 ], [ 121.496971664000057, 25.09982638300005 ], [ 121.497572671000057, 25.098069544000055 ], [ 121.500957567000114, 25.096597361000079 ], [ 121.505763519000084, 25.096431317000054 ], [ 121.508379098000091, 25.09580337500006 ], [ 121.510932394000065, 25.09752618400006 ], [ 121.517118015000051, 25.099493386000063 ], [ 121.518337468000027, 25.103148350000026 ], [ 121.519912551000061, 25.104254137000055 ], [ 121.521270164000043, 25.106886656000029 ], [ 121.521154097000021, 25.108916816000033 ], [ 121.522444972000017, 25.109488615000032 ], [ 121.522775166000088, 25.110938899000075 ], [ 121.525145175000034, 25.111361473000045 ], [ 121.525672670000063, 25.112300776000041 ], [ 121.525028298000052, 25.116006925000079 ], [ 121.523577121000017, 25.11771294600004 ], [ 121.524671480000052, 25.119964670000059 ], [ 121.525734238000041, 25.120720673000051 ], [ 121.525613723000106, 25.121696292000024 ], [ 121.526397203000101, 25.123390074000042 ], [ 121.52950432800003, 25.124265785000034 ], [ 121.529820096000094, 25.126259350000055 ], [ 121.531323757000109, 25.127444881000031 ], [ 121.530801607000058, 25.132044462000067 ], [ 121.531086794000089, 25.13381243200007 ], [ 121.530333757000108, 25.134385755000039 ], [ 121.531203761000029, 25.136962109000024 ], [ 121.533352207, 25.137522086000047 ], [ 121.534923790000107, 25.139170574000048 ], [ 121.53651912600003, 25.139174734000051 ], [ 121.539238487000034, 25.140452441000036 ], [ 121.540021404000072, 25.141563092000069 ], [ 121.541293895000081, 25.141263083000069 ], [ 121.542301249000047, 25.142495865000058 ], [ 121.545770522000112, 25.141586970000048 ], [ 121.54610652000008, 25.142520605000072 ], [ 121.548010487000056, 25.143527327000072 ], [ 121.548920763000069, 25.14492522200004 ], [ 121.548695264000116, 25.145567557000049 ], [ 121.549297824000064, 25.146396032000041 ], [ 121.549125054000115, 25.147733798000047 ], [ 121.550085652, 25.151288288000046 ], [ 121.553182229000072, 25.154257984000026 ], [ 121.555770375000066, 25.16000718600003 ], [ 121.560500828000045, 25.16220695100003 ], [ 121.561094040000057, 25.163003318000051 ], [ 121.561009125000055, 25.164554170000031 ], [ 121.563110600000073, 25.169978055000058 ], [ 121.561111853000057, 25.173685265000074 ], [ 121.560946256000079, 25.175173456000039 ], [ 121.562599517000081, 25.177688110000076 ], [ 121.564716137000119, 25.178210906000061 ], [ 121.565467847000036, 25.178926662000038 ], [ 121.5660481970001, 25.181371488000025 ], [ 121.567153802, 25.182062887000029 ], [ 121.567215517000022, 25.183210666000036 ], [ 121.568023639000103, 25.183793358000059 ], [ 121.567563365000069, 25.185519558000067 ], [ 121.568180398000095, 25.186144180000042 ], [ 121.567288082000118, 25.187167225000053 ], [ 121.567033372000083, 25.188715117000072 ], [ 121.568877397000051, 25.190320533000033 ], [ 121.57148342500011, 25.191619282000033 ], [ 121.572111775000053, 25.193101166000076 ], [ 121.57301033400006, 25.193388852000055 ], [ 121.573420328000111, 25.194120206000036 ], [ 121.575603245000025, 25.194585924000023 ], [ 121.575838263000037, 25.195317245000069 ], [ 121.577140855000039, 25.195308356000055 ], [ 121.579171700000074, 25.194116544000053 ], [ 121.580547208000098, 25.195350028000064 ], [ 121.583153053000046, 25.194960382000033 ], [ 121.583764491000011, 25.194593984000051 ], [ 121.582704127000056, 25.193094156000029 ], [ 121.583777011000052, 25.19198497900004 ], [ 121.584021360000065, 25.188907484000026 ], [ 121.58298770600004, 25.188559597000051 ], [ 121.583018088000017, 25.18759078100004 ], [ 121.581861463000109, 25.186404076000031 ], [ 121.582753848000038, 25.184339680000051 ], [ 121.580868183, 25.181793708000043 ], [ 121.583503504000078, 25.176838374000056 ], [ 121.581719304000103, 25.173790484000051 ], [ 121.577383997000084, 25.170154525000044 ], [ 121.57706836300008, 25.167003157000067 ], [ 121.578856880000103, 25.165610081000068 ], [ 121.582471163000037, 25.165450171000032 ], [ 121.583218923000118, 25.165812523000056 ], [ 121.58359740100002, 25.16505649000004 ], [ 121.587927628000102, 25.162972590000038 ], [ 121.589869401000101, 25.163715397000033 ], [ 121.590508800000066, 25.160390750000033 ], [ 121.591780298000117, 25.157659023000065 ], [ 121.591840315000013, 25.15588501600007 ], [ 121.589390140000091, 25.152385916000071 ], [ 121.593581168000014, 25.150299024000049 ], [ 121.593916218000118, 25.148053191000031 ], [ 121.595250757000031, 25.146579824000071 ], [ 121.596012221000024, 25.144758062000051 ], [ 121.595793286000116, 25.143431361000069 ], [ 121.596946128000013, 25.142571552000049 ], [ 121.598390705000043, 25.140305817000069 ], [ 121.600511908000044, 25.139368303000026 ], [ 121.601664577000065, 25.137901636000038 ], [ 121.603404646000058, 25.13705763300004 ], [ 121.604074819000061, 25.136175275000028 ], [ 121.605026264000116, 25.136974858000031 ], [ 121.605692065000085, 25.136741688000029 ], [ 121.604572034000057, 25.134538090000035 ], [ 121.604590963000078, 25.130852686000026 ], [ 121.607801230000064, 25.130226668000034 ], [ 121.607544413000028, 25.12920348800003 ], [ 121.604223947000037, 25.125794803000076 ], [ 121.603462232000084, 25.125500169000077 ], [ 121.602733388000047, 25.126197066000032 ], [ 121.601718753000114, 25.126025223000056 ], [ 121.60076627400008, 25.121846849000065 ], [ 121.599811027000101, 25.120332381000026 ], [ 121.598868095000057, 25.120117246000063 ], [ 121.597500808000063, 25.11621217000004 ], [ 121.595988659000113, 25.114233074000026 ], [ 121.594758315000036, 25.114836058000037 ], [ 121.594085575, 25.11460156000004 ], [ 121.593519356000115, 25.115150135000079 ], [ 121.590306303000034, 25.113637697000058 ], [ 121.589866691000111, 25.114228901000047 ], [ 121.588142575, 25.113883563000059 ], [ 121.5852441400001, 25.108549741000047 ], [ 121.581957450000118, 25.106835348000061 ], [ 121.580309403000115, 25.106963070000063 ], [ 121.57902586900002, 25.105083777000061 ], [ 121.577108913000075, 25.105952199000058 ], [ 121.576297395000097, 25.106902330000025 ], [ 121.573482329000058, 25.106754245000047 ], [ 121.572688019000111, 25.106052813000076 ], [ 121.570340056000077, 25.105457756000078 ], [ 121.569393996000031, 25.104347823000069 ], [ 121.567042003000097, 25.09915707600004 ], [ 121.562033805000056, 25.098006478000059 ], [ 121.559697015000097, 25.098131995000074 ], [ 121.558761172000118, 25.098732154000061 ], [ 121.557713294000109, 25.096402644000023 ], [ 121.556817970000111, 25.096180968000056 ], [ 121.555950045000031, 25.09437005500007 ], [ 121.554749597000068, 25.093993695000052 ], [ 121.554215791000047, 25.092547739000054 ], [ 121.552208089000032, 25.092477373000065 ], [ 121.551377215000116, 25.091770650000058 ], [ 121.549592148000102, 25.091845645000035 ], [ 121.547636543000067, 25.090658330000053 ], [ 121.544999953000115, 25.090356470000074 ], [ 121.544064176, 25.091718995000065 ], [ 121.542323717000045, 25.091837919000056 ], [ 121.541474527000105, 25.092868246000023 ], [ 121.540758007000022, 25.092188297000064 ], [ 121.538337005000017, 25.091649640000071 ], [ 121.532845808000047, 25.087682654000048 ], [ 121.530873473000042, 25.084930062000069 ], [ 121.528888411000025, 25.084502286000031 ], [ 121.526523336000082, 25.081663176000063 ], [ 121.525702744000114, 25.081326272000069 ], [ 121.5252551640001, 25.081932882000046 ], [ 121.524662749000072, 25.081547925000052 ], [ 121.524331989000075, 25.08009837000003 ] ] ] } },
{ "type": "Feature", "properties": { "county": "臺北市", "town": "大同區", "lab_lon": 121.51288, "lab_lat": 25.0645 }, "geometry": { "type": "Polygon", "coordinates": [ [ [ 121.511387325000101, 25.048579912000037 ], [ 121.508992557000056, 25.048287927000047 ], [ 121.504642344000104, 25.049752390000037 ], [ 121.506227658000057, 25.053633556000023 ], [ 121.506364092000013, 25.056010019000041 ], [ 121.505389872000023, 25.059246501000075 ], [ 121.506814186000042, 25.064658534000046 ], [ 121.507046268000067, 25.069989559000078 ], [ 121.506128248000095, 25.074577514000055 ], [ 121.504677595000089, 25.078121260000046 ], [ 121.511408770000116, 25.078994570000077 ], [ 121.513307270000041, 25.079951021000056 ], [ 121.513124561000041, 25.080633178000028 ], [ 121.513541671000098, 25.08079181100004 ], [ 121.514112922000095, 25.079413177000049 ], [ 121.516223535000108, 25.080244819000029 ], [ 121.522500885000113, 25.077111080000066 ], [ 121.520324235000089, 25.072702294000067 ], [ 121.518991446000086, 25.064647783000055 ], [ 121.520635865000031, 25.059504276000041 ], [ 121.519902903000116, 25.049925737000024 ], [ 121.518657908000023, 25.048367073000065 ], [ 121.512043302000052, 25.049853807000034 ], [ 121.511387325000101, 25.048579912000037 ] ] ] } },
{ "type": "Feature", "properties": { "county": "臺北市", "town": "大安區", "lab_lon": 121.53895, "lab_lat": 25.02676 }, "geometry": { "type": "Polygon", "coordinates": [ [ [ 121.536107472000026, 25.012966807000055 ], [ 121.525185197000042, 25.023271441000077 ], [ 121.521690499000101, 25.028207918000078 ], [ 121.522605211000041, 25.032482319000053 ], [ 121.524308499000085, 25.03541787000006 ], [ 121.527198396000017, 25.034148481000045 ], [ 121.532682429000033, 25.033642716000031 ], [ 121.532931623000081, 25.045462520000058 ], [ 121.537517191, 25.044711181000025 ], [ 121.541624184000057, 25.044623320000028 ], [ 121.546543498, 25.045239383000023 ], [ 121.553903325000078, 25.044419859000072 ], [ 121.557694705000017, 25.045206989000064 ], [ 121.557363978000012, 25.029362483000057 ], [ 121.556410931000073, 25.027846607000072 ], [ 121.552623756000116, 25.024389599000074 ], [ 121.560141076000036, 25.01727081000007 ], [ 121.560664428000109, 25.016101247000051 ], [ 121.563313868000023, 25.013377224000067 ], [ 121.563596225000083, 25.011329647000025 ], [ 121.565282274000083, 25.009995168000046 ], [ 121.565950934000057, 25.008123994000073 ], [ 121.56451160600011, 25.007760853000036 ], [ 121.562967546000095, 25.008074566000062 ], [ 121.55823229900011, 25.012261275000071 ], [ 121.555306291000079, 25.01157848400004 ], [ 121.554482970000095, 25.010140251000053 ], [ 121.552829005000035, 25.008885388000067 ], [ 121.550206757000069, 25.009875187000034 ], [ 121.548919208000029, 25.009756598000024 ], [ 121.544723922000117, 25.007842180000068 ], [ 121.543635880000011, 25.008579485000041 ], [ 121.541323255000066, 25.008115102000033 ], [ 121.537964210000041, 25.008429491000072 ], [ 121.536107472000026, 25.012966807000055 ] ] ] } },
{ "type": "Feature", "properties": { "county": "臺北市", "town": "文山區", "lab_lon": 121.57313, "lab_lat": 24.988 }, "geometry": { "type": "Polygon", "coordinates": [ [ [ 121.550848922000114, 24.987226376000024 ], [ 121.550838585000065, 24.985336878000055 ], [ 121.54903468100008, 24.983760855000071 ], [ 121.547112290000086, 24.983275677000051 ], [ 121.545061556000064, 24.983667972000035 ], [ 121.544204542000102, 24.984768311000039 ], [ 121.544811655000103, 24.987026755000045 ], [ 121.544173794000017, 24.988207662000036 ], [ 121.539455036000049, 24.987729485000045 ], [ 121.536903245000076, 24.988652263000063 ], [ 121.536589323000044, 24.989722242000028 ], [ 121.537048405000064, 24.992355746000044 ], [ 121.536220625000055, 24.994146776000036 ], [ 121.535175846000016, 24.995133303000046 ], [ 121.534161632000064, 24.993003897000051 ], [ 121.531698705000053, 24.990505769000038 ], [ 121.531377984000073, 24.992561659000046 ], [ 121.531750060000036, 24.994147764000047 ], [ 121.530514277000066, 24.99800921700006 ], [ 121.531503995000094, 25.001002726000024 ], [ 121.533905574000073, 25.00339105300003 ], [ 121.532632244000069, 25.005778923000037 ], [ 121.531846682000037, 25.008668648000025 ], [ 121.535702110000102, 25.010963957000058 ], [ 121.53706519900004, 25.011266563000049 ], [ 121.537964210000041, 25.008429491000072 ], [ 121.541323255000066, 25.008115102000033 ], [ 121.543635880000011, 25.008579485000041 ], [ 121.544723922000117, 25.007842180000068 ], [ 121.548919208000029, 25.009756598000024 ], [ 121.550206757000069, 25.009875187000034 ], [ 121.551252571000077, 25.009795909000047 ], [ 121.552595536000013, 25.008851993000064 ], [ 121.554482970000095, 25.010140251000053 ], [ 121.555306291000079, 25.01157848400004 ], [ 121.55823229900011, 25.012261275000071 ], [ 121.562967546000095, 25.008074566000062 ], [ 121.564678027000014, 25.007774882000035 ], [ 121.569357613000079, 25.009748574000071 ], [ 121.57000055200001, 25.010679439000057 ], [ 121.571843544000103, 25.011808893000023 ], [ 121.572388528000033, 25.013574144000074 ], [ 121.575137682000104, 25.013187057000039 ], [ 121.576194512000029, 25.014248201000044 ], [ 121.578042644000107, 25.013865744000043 ], [ 121.580651523000029, 25.012229696000077 ], [ 121.583661642000038, 25.013114322000035 ], [ 121.589880948000086, 25.013857678000079 ], [ 121.591291967000075, 25.014273417000027 ], [ 121.591716161000022, 25.01486916600004 ], [ 121.593485208000061, 25.014563754000051 ], [ 121.595437479000111, 25.015492968000046 ], [ 121.597110153000017, 25.014599127000054 ], [ 121.597583290000102, 25.013382228000069 ], [ 121.596553972000038, 25.012047744000029 ], [ 121.595891593000033, 25.009275879000029 ], [ 121.595911953000041, 25.004505401000074 ], [ 121.597888513000044, 25.004142447000049 ], [ 121.599586364000061, 25.002656595000076 ], [ 121.600556845000028, 25.000708739000061 ], [ 121.600480168000104, 24.998351674000048 ], [ 121.598139263, 24.994494419000034 ], [ 121.599365857000066, 24.99299865200004 ], [ 121.599061610000035, 24.991705489000026 ], [ 121.601972184000033, 24.990285501000074 ], [ 121.601830779000011, 24.987908171000072 ], [ 121.599861150000038, 24.986390112000038 ], [ 121.60066401600011, 24.98031431000004 ], [ 121.599361595000119, 24.978742178000061 ], [ 121.599509129000012, 24.978145485000027 ], [ 121.600503586000059, 24.976693803000046 ], [ 121.603860633000068, 24.975467877000028 ], [ 121.605210138000075, 24.974357205000047 ], [ 121.608694256000035, 24.974782277000031 ], [ 121.610116044000051, 24.974229905000072 ], [ 121.611348262000092, 24.974606219000066 ], [ 121.613347792000013, 24.973394040000073 ], [ 121.614355827000054, 24.973509559000036 ], [ 121.616197274000115, 24.971672746000024 ], [ 121.619610264000016, 24.97027444400004 ], [ 121.620017152000059, 24.969449189000045 ], [ 121.619571652000104, 24.968676653000045 ], [ 121.619793387000072, 24.967406825000069 ], [ 121.618158444000073, 24.966820190000078 ], [ 121.616924554000093, 24.967516861000036 ], [ 121.61499371900004, 24.966180499000075 ], [ 121.613666520000038, 24.966436625000028 ], [ 121.612063174000014, 24.96537698700007 ], [ 121.610468172000083, 24.964991540000028 ], [ 121.608303757000044, 24.963078759000041 ], [ 121.605254525000078, 24.962999955000043 ], [ 121.601561410000045, 24.960965701000077 ], [ 121.598433660000069, 24.96125745300003 ], [ 121.597246906, 24.960500194000076 ], [ 121.594878803000029, 24.961531156000035 ], [ 121.593395883000085, 24.964210528000024 ], [ 121.591972598000098, 24.963939407000055 ], [ 121.591069179000101, 24.964613728000074 ], [ 121.588748089000092, 24.963375772000063 ], [ 121.588010402, 24.96368886700003 ], [ 121.585674042000051, 24.963211728000033 ], [ 121.584724102000109, 24.964468923000027 ], [ 121.581117330000097, 24.965126165000072 ], [ 121.578636816000085, 24.96658749900007 ], [ 121.574556962000088, 24.966843162000032 ], [ 121.574345647000087, 24.965285454000025 ], [ 121.572542848000012, 24.96398042900006 ], [ 121.570391303000065, 24.964443436000067 ], [ 121.56626918500001, 24.963966755000058 ], [ 121.564243726000086, 24.964681380000059 ], [ 121.561266757000112, 24.964687042000037 ], [ 121.558543555000028, 24.968328387000042 ], [ 121.557644559000096, 24.971961807000071 ], [ 121.556123880000087, 24.973298188000058 ], [ 121.555204024000091, 24.97653458800005 ], [ 121.553679504000115, 24.977421956000057 ], [ 121.553054321000104, 24.980751588000032 ], [ 121.553896199000064, 24.984965156000044 ], [ 121.551979294000034, 24.987234519000026 ], [ 121.550848922000114, 24.987226376000024 ] ] ] } },
{ "type": "Feature", "properties": { "county": "臺北市", "town": "松山區", "lab_lon": 121.55746, "lab_lat": 25.06049 }, "geometry": { "type": "Polygon", "coordinates": [ [ [ 121.554200833000095, 25.04442915900006 ], [ 121.546543498, 25.045239383000023 ], [ 121.543849852000108, 25.044904207000059 ], [ 121.544344770000066, 25.066982260000032 ], [ 121.541110592000109, 25.068650066000032 ], [ 121.53892724800005, 25.068914570000061 ], [ 121.538578440000038, 25.071205271000053 ], [ 121.548808705000056, 25.071057421000035 ], [ 121.549330434000012, 25.071788436000077 ], [ 121.552409306000072, 25.072969632000024 ], [ 121.552697334000072, 25.075629013000025 ], [ 121.556695123000054, 25.074756591000039 ], [ 121.56098320600006, 25.072700446000056 ], [ 121.562600133000046, 25.072432463000041 ], [ 121.569148507000023, 25.076185810000027 ], [ 121.569963640000083, 25.076217958000029 ], [ 121.571305241000118, 25.074604317000023 ], [ 121.572195402000034, 25.071446387000037 ], [ 121.571633640000073, 25.068415963000064 ], [ 121.569394792000026, 25.064458280000053 ], [ 121.571477381000022, 25.057002609000051 ], [ 121.5713749680001, 25.052663100000075 ], [ 121.571900714000094, 25.051968375000058 ], [ 121.573022592000029, 25.051744377000034 ], [ 121.579928742000106, 25.052915674000076 ], [ 121.579671679000057, 25.050387327000067 ], [ 121.580070263000039, 25.049462031000076 ], [ 121.569272340000111, 25.049246120000078 ], [ 121.563616174000117, 25.047588474000065 ], [ 121.558491883000102, 25.045444065000027 ], [ 121.554200833000095, 25.04442915900006 ] ] ] } },
{ "type": "Feature", "properties": { "county": "臺北市", "town": "萬華區", "lab_lon": 121.49531, "lab_lat": 25.02945 }, "geometry": { "type": "Polygon", "coordinates": [ [ [ 121.49537005000002, 25.00931866600007 ], [ 121.492809195000063, 25.009392416000026 ], [ 121.490496830000097, 25.012571839000032 ], [ 121.489564863000055, 25.013177330000076 ], [ 121.488537400000041, 25.017258637000054 ], [ 121.488399408000078, 25.021021820000044 ], [ 121.488803045000054, 25.023346729000025 ], [ 121.487484728000027, 25.027214697000034 ], [ 121.486783885000023, 25.027874322000059 ], [ 121.48391493400004, 25.034156040000028 ], [ 121.483634468000105, 25.035977649000074 ], [ 121.483983013000056, 25.037356577000025 ], [ 121.485099791000039, 25.039112260000024 ], [ 121.488820344000032, 25.042568356000061 ], [ 121.496241383000097, 25.043215803000066 ], [ 121.501358364000112, 25.045951640000055 ], [ 121.504642344000104, 25.049752390000037 ], [ 121.508992557000056, 25.048287927000047 ], [ 121.510682548000091, 25.048327277000055 ], [ 121.509651144000031, 25.047316790000025 ], [ 121.506690235000065, 25.036588505000054 ], [ 121.504160478000017, 25.031323181000062 ], [ 121.504135354000027, 25.029964249000045 ], [ 121.509051175000081, 25.024957954000058 ], [ 121.512341282000079, 25.023989671000038 ], [ 121.512403028000108, 25.021743496000056 ], [ 121.510771946000091, 25.021803136000074 ], [ 121.508711663000099, 25.021102867000025 ], [ 121.50530009900001, 25.017904176000059 ], [ 121.500341010000056, 25.012011246000043 ], [ 121.49537005000002, 25.00931866600007 ] ] ] } }
]
}
